start_month,end_month,mean_temperature_c,days,status,rank_warmest
1884-01-01,1884-12-01,8.709563,366,published-inputs,866
1884-02-01,1885-01-01,8.438525,366,published-inputs,1201
1884-03-01,1885-02-01,8.495890,365,published-inputs,1124
1884-04-01,1885-03-01,8.376986,365,published-inputs,1270
1884-05-01,1885-04-01,8.401644,365,published-inputs,1230
1884-06-01,1885-05-01,8.214795,365,published-inputs,1430
1884-07-01,1885-06-01,8.223014,365,published-inputs,1423
1884-08-01,1885-07-01,8.231507,365,published-inputs,1417
1884-09-01,1885-08-01,8.019178,365,published-inputs,1532
1884-10-01,1885-09-01,7.846575,365,published-inputs,1599
1884-11-01,1885-10-01,7.659726,365,published-inputs,1643
1884-12-01,1885-11-01,7.651507,365,published-inputs,1644
1885-01-01,1885-12-01,7.558082,365,published-inputs,1660
1885-02-01,1886-01-01,7.456164,365,published-inputs,1672
1885-03-01,1886-02-01,7.164658,365,published-inputs,1691
1885-04-01,1886-03-01,7.079726,365,published-inputs,1695
1885-05-01,1886-04-01,7.129041,365,published-inputs,1693
1885-06-01,1886-05-01,7.290411,365,published-inputs,1686
1885-07-01,1886-06-01,7.282192,365,published-inputs,1687
1885-08-01,1886-07-01,7.290685,365,published-inputs,1685
1885-09-01,1886-08-01,7.435068,365,published-inputs,1674
1885-10-01,1886-09-01,7.525479,365,published-inputs,1662
1885-11-01,1886-10-01,7.831233,365,published-inputs,1606
1885-12-01,1886-11-01,7.921644,365,published-inputs,1573
1886-01-01,1886-12-01,7.862192,365,published-inputs,1595
1886-02-01,1887-01-01,7.947123,365,published-inputs,1562
1886-03-01,1887-02-01,8.108219,365,published-inputs,1489
1886-04-01,1887-03-01,8.116712,365,published-inputs,1485
1886-05-01,1887-04-01,7.976986,365,published-inputs,1552
1886-06-01,1887-05-01,7.892055,365,published-inputs,1583
1886-07-01,1887-06-01,8.081096,365,published-inputs,1502
1886-08-01,1887-07-01,8.166027,365,published-inputs,1456
1886-09-01,1887-08-01,8.132055,365,published-inputs,1478
1886-10-01,1887-09-01,8.000548,365,published-inputs,1539
1886-11-01,1887-10-01,7.694795,365,published-inputs,1637
1886-12-01,1887-11-01,7.481096,365,published-inputs,1669
1887-01-01,1887-12-01,7.506575,365,published-inputs,1668
1887-02-01,1888-01-01,7.523562,365,published-inputs,1663
1887-03-01,1888-02-01,7.353279,366,published-inputs,1677
1887-04-01,1888-03-01,7.310929,366,published-inputs,1682
1887-05-01,1888-04-01,7.335519,366,published-inputs,1680
1887-06-01,1888-05-01,7.428689,366,published-inputs,1675
1887-07-01,1888-06-01,7.240164,366,published-inputs,1688
1887-08-01,1888-07-01,7.003005,366,published-inputs,1697
1887-09-01,1888-08-01,6.918306,366,published-inputs,1699
1887-10-01,1888-09-01,6.967486,366,published-inputs,1698
1887-11-01,1888-10-01,7.077596,366,published-inputs,1696
1887-12-01,1888-11-01,7.348087,366,published-inputs,1678
1888-01-01,1888-12-01,7.517486,366,published-inputs,1665
1888-02-01,1889-01-01,7.568306,366,published-inputs,1654
1888-03-01,1889-02-01,7.693151,365,published-inputs,1638
1888-04-01,1889-03-01,7.820548,365,published-inputs,1610
1888-05-01,1889-04-01,7.861644,365,published-inputs,1596
1888-06-01,1889-05-01,7.980548,365,published-inputs,1550
1888-07-01,1889-06-01,8.112055,365,published-inputs,1487
1888-08-01,1889-07-01,8.213973,365,published-inputs,1432
1888-09-01,1889-08-01,8.247945,365,published-inputs,1405
1888-10-01,1889-09-01,8.313699,365,published-inputs,1347
1888-11-01,1889-10-01,8.313699,365,published-inputs,1347
1888-12-01,1889-11-01,8.264384,365,published-inputs,1391
1889-01-01,1889-12-01,8.153973,365,published-inputs,1462
1889-02-01,1890-01-01,8.332329,365,published-inputs,1325
1889-03-01,1890-02-01,8.316986,365,published-inputs,1342
1889-04-01,1890-03-01,8.444384,365,published-inputs,1187
1889-05-01,1890-04-01,8.485479,365,published-inputs,1134
1889-06-01,1890-05-01,8.460000,365,published-inputs,1168
1889-07-01,1890-06-01,8.336712,365,published-inputs,1321
1889-08-01,1890-07-01,8.277260,365,published-inputs,1378
1889-09-01,1890-08-01,8.260274,365,published-inputs,1394
1889-10-01,1890-09-01,8.391781,365,published-inputs,1243
1889-11-01,1890-10-01,8.493699,365,published-inputs,1126
1889-12-01,1890-11-01,8.436164,365,published-inputs,1203
1890-01-01,1890-12-01,8.087945,365,published-inputs,1498
1890-02-01,1891-01-01,7.756712,365,published-inputs,1626
1890-03-01,1891-02-01,7.933151,365,published-inputs,1567
1890-04-01,1891-03-01,7.771781,365,published-inputs,1623
1890-05-01,1891-04-01,7.697808,365,published-inputs,1636
1890-06-01,1891-05-01,7.527945,365,published-inputs,1661
1890-07-01,1891-06-01,7.626575,365,published-inputs,1648
1890-08-01,1891-07-01,7.660548,365,published-inputs,1642
1890-09-01,1891-08-01,7.635068,365,published-inputs,1647
1890-10-01,1891-09-01,7.602192,365,published-inputs,1653
1890-11-01,1891-10-01,7.559726,365,published-inputs,1659
1890-12-01,1891-11-01,7.510411,365,published-inputs,1666
1891-01-01,1891-12-01,7.926575,365,published-inputs,1569
1891-02-01,1892-01-01,7.960548,365,published-inputs,1559
1891-03-01,1892-02-01,7.824863,366,published-inputs,1609
1891-04-01,1892-03-01,7.714754,366,published-inputs,1633
1891-05-01,1892-04-01,7.813115,366,published-inputs,1613
1891-06-01,1892-05-01,7.948634,366,published-inputs,1561
1891-07-01,1892-06-01,7.825683,366,published-inputs,1608
1891-08-01,1892-07-01,7.791803,366,published-inputs,1617
1891-09-01,1892-08-01,7.876503,366,published-inputs,1593
1891-10-01,1892-09-01,7.704372,366,published-inputs,1635
1891-11-01,1892-10-01,7.509563,366,published-inputs,1667
1891-12-01,1892-11-01,7.607923,366,published-inputs,1652
1892-01-01,1892-12-01,7.463934,366,published-inputs,1671
1892-02-01,1893-01-01,7.472404,366,published-inputs,1670
1892-03-01,1893-02-01,7.561096,365,published-inputs,1658
1892-04-01,1893-03-01,7.968767,365,published-inputs,1557
1892-05-01,1893-04-01,8.223562,365,published-inputs,1421
1892-06-01,1893-05-01,8.393425,365,published-inputs,1241
1892-07-01,1893-06-01,8.590685,365,published-inputs,1001
1892-08-01,1893-07-01,8.777534,365,published-inputs,796
1892-09-01,1893-08-01,8.964384,365,published-inputs,632
1892-10-01,1893-09-01,9.046575,365,published-inputs,553
1892-11-01,1893-10-01,9.292877,365,published-inputs,397
1892-12-01,1893-11-01,9.153151,365,published-inputs,473
1893-01-01,1893-12-01,9.340000,365,published-inputs,368
1893-02-01,1894-01-01,9.424932,365,published-inputs,328
1893-03-01,1894-02-01,9.463288,365,published-inputs,308
1893-04-01,1894-03-01,9.386849,365,published-inputs,349
1893-05-01,1894-04-01,9.304658,365,published-inputs,388
1893-06-01,1894-05-01,8.964932,365,published-inputs,631
1893-07-01,1894-06-01,8.800548,365,published-inputs,778
1893-08-01,1894-07-01,8.732603,365,published-inputs,840
1893-09-01,1894-08-01,8.477808,365,published-inputs,1147
1893-10-01,1894-09-01,8.362740,365,published-inputs,1288
1893-11-01,1894-10-01,8.320274,365,published-inputs,1339
1893-12-01,1894-11-01,8.525753,365,published-inputs,1076
1894-01-01,1894-12-01,8.559726,365,published-inputs,1026
1894-02-01,1895-01-01,8.279452,365,published-inputs,1376
1894-03-01,1895-02-01,7.711781,365,published-inputs,1634
1894-04-01,1895-03-01,7.567397,365,published-inputs,1657
1894-05-01,1895-04-01,7.435890,365,published-inputs,1673
1894-06-01,1895-05-01,7.673699,365,published-inputs,1641
1894-07-01,1895-06-01,7.739452,365,published-inputs,1628
1894-08-01,1895-07-01,7.680000,365,published-inputs,1639
1894-09-01,1895-08-01,7.773425,365,published-inputs,1622
1894-10-01,1895-09-01,8.093973,365,published-inputs,1495
1894-11-01,1895-10-01,7.907123,365,published-inputs,1579
1894-12-01,1895-11-01,7.874247,365,published-inputs,1594
1895-01-01,1895-12-01,7.746849,365,published-inputs,1627
1895-02-01,1896-01-01,8.137534,365,published-inputs,1476
1895-03-01,1896-02-01,8.662295,366,published-inputs,920
1895-04-01,1896-03-01,8.806284,366,published-inputs,770
1895-05-01,1896-04-01,8.896448,366,published-inputs,696
1895-06-01,1896-05-01,8.921858,366,published-inputs,678
1895-07-01,1896-06-01,9.044809,366,published-inputs,557
1895-08-01,1896-07-01,9.137978,366,published-inputs,486
1895-09-01,1896-08-01,9.053279,366,published-inputs,545
1895-10-01,1896-09-01,8.840164,366,published-inputs,743
1895-11-01,1896-10-01,8.797814,366,published-inputs,781
1895-12-01,1896-11-01,8.535519,366,published-inputs,1060
1896-01-01,1896-12-01,8.510109,366,published-inputs,1099
1896-02-01,1897-01-01,8.239071,366,published-inputs,1408
1896-03-01,1897-02-01,8.334521,365,published-inputs,1324
1896-04-01,1897-03-01,8.292055,365,published-inputs,1369
1896-05-01,1897-04-01,8.127671,365,published-inputs,1479
1896-06-01,1897-05-01,7.940822,365,published-inputs,1563
1896-07-01,1897-06-01,7.883288,365,published-inputs,1590
1896-08-01,1897-07-01,7.934247,365,published-inputs,1566
1896-09-01,1897-08-01,8.078630,365,published-inputs,1503
1896-10-01,1897-09-01,8.004658,365,published-inputs,1537
1896-11-01,1897-10-01,8.318904,365,published-inputs,1341
1896-12-01,1897-11-01,8.598356,365,published-inputs,988
1897-01-01,1897-12-01,8.717260,365,published-inputs,858
1897-02-01,1898-01-01,9.116438,365,published-inputs,497
1897-03-01,1898-02-01,9.016712,365,published-inputs,586
1897-04-01,1898-03-01,8.829863,365,published-inputs,748
1897-05-01,1898-04-01,8.920274,365,published-inputs,679
1897-06-01,1898-05-01,8.937260,365,published-inputs,654
1897-07-01,1898-06-01,8.805753,365,published-inputs,771
1897-08-01,1898-07-01,8.695342,365,published-inputs,886
1897-09-01,1898-08-01,8.703836,365,published-inputs,875
1897-10-01,1898-09-01,8.925753,365,published-inputs,674
1897-11-01,1898-10-01,8.985205,365,published-inputs,612
1897-12-01,1898-11-01,8.952329,365,published-inputs,638
1898-01-01,1898-12-01,9.156164,365,published-inputs,471
1898-02-01,1899-01-01,9.037260,365,published-inputs,566
1898-03-01,1899-02-01,9.090959,365,published-inputs,511
1898-04-01,1899-03-01,9.209863,365,published-inputs,441
1898-05-01,1899-04-01,9.176986,365,published-inputs,458
1898-06-01,1899-05-01,9.160000,365,published-inputs,466
1898-07-01,1899-06-01,9.316164,365,published-inputs,380
1898-08-01,1899-07-01,9.418082,365,published-inputs,331
1898-09-01,1899-08-01,9.596438,365,published-inputs,250
1898-10-01,1899-09-01,9.489589,365,published-inputs,293
1898-11-01,1899-10-01,9.362192,365,published-inputs,357
1898-12-01,1899-11-01,9.485479,365,published-inputs,294
1899-01-01,1899-12-01,9.052329,365,published-inputs,546
1899-02-01,1900-01-01,9.035342,365,published-inputs,567
1899-03-01,1900-02-01,8.858904,365,published-inputs,730
1899-04-01,1900-03-01,8.672055,365,published-inputs,911
1899-05-01,1900-04-01,8.688493,365,published-inputs,892
1899-06-01,1900-05-01,8.663014,365,published-inputs,917
1899-07-01,1900-06-01,8.547945,365,published-inputs,1041
1899-08-01,1900-07-01,8.564932,365,published-inputs,1020
1899-09-01,1900-08-01,8.301644,365,published-inputs,1357
1899-10-01,1900-09-01,8.301644,365,published-inputs,1357
1899-11-01,1900-10-01,8.301644,365,published-inputs,1357
1899-12-01,1900-11-01,8.145479,365,published-inputs,1470
1900-01-01,1900-12-01,8.544658,365,published-inputs,1046
1900-02-01,1901-01-01,8.442740,365,published-inputs,1191
1900-03-01,1901-02-01,8.389041,365,published-inputs,1248
1900-04-01,1901-03-01,8.465479,365,published-inputs,1158
1900-05-01,1901-04-01,8.481918,365,published-inputs,1141
1900-06-01,1901-05-01,8.643288,365,published-inputs,933
1900-07-01,1901-06-01,8.593973,365,published-inputs,995
1900-08-01,1901-07-01,8.636438,365,published-inputs,942
1900-09-01,1901-08-01,8.687397,365,published-inputs,894
1900-10-01,1901-09-01,8.695616,365,published-inputs,885
1900-11-01,1901-10-01,8.704110,365,published-inputs,874
1900-12-01,1901-11-01,8.556164,365,published-inputs,1029
1901-01-01,1901-12-01,8.267397,365,published-inputs,1385
1901-02-01,1902-01-01,8.386301,365,published-inputs,1257
1901-03-01,1902-02-01,8.340274,365,published-inputs,1317
1901-04-01,1902-03-01,8.561096,365,published-inputs,1024
1901-05-01,1902-04-01,8.470685,365,published-inputs,1152
1901-06-01,1902-05-01,8.232877,365,published-inputs,1415
1901-07-01,1902-06-01,8.249315,365,published-inputs,1403
1901-08-01,1902-07-01,8.003014,365,published-inputs,1538
1901-09-01,1902-08-01,7.884110,365,published-inputs,1589
1901-10-01,1902-09-01,7.818356,365,published-inputs,1611
1901-11-01,1902-10-01,7.818356,365,published-inputs,1611
1901-12-01,1902-11-01,7.974521,365,published-inputs,1555
1902-01-01,1902-12-01,8.042466,365,published-inputs,1522
1902-02-01,1903-01-01,7.983014,365,published-inputs,1547
1902-03-01,1903-02-01,8.358904,365,published-inputs,1291
1902-04-01,1903-03-01,8.358904,365,published-inputs,1292
1902-05-01,1903-04-01,8.309589,365,published-inputs,1351
1902-06-01,1903-05-01,8.470959,365,published-inputs,1151
1902-07-01,1903-06-01,8.372329,365,published-inputs,1276
1902-08-01,1903-07-01,8.380822,365,published-inputs,1263
1902-09-01,1903-08-01,8.355342,365,published-inputs,1299
1902-10-01,1903-09-01,8.347123,365,published-inputs,1308
1902-11-01,1903-10-01,8.406575,365,published-inputs,1227
1902-12-01,1903-11-01,8.398356,365,published-inputs,1234
1903-01-01,1903-12-01,8.330411,365,published-inputs,1329
1903-02-01,1904-01-01,8.355890,365,published-inputs,1297
1903-03-01,1904-02-01,8.127596,366,published-inputs,1480
1903-04-01,1904-03-01,7.932787,366,published-inputs,1568
1903-05-01,1904-04-01,8.072131,366,published-inputs,1510
1903-06-01,1904-05-01,8.021311,366,published-inputs,1531
1903-07-01,1904-06-01,8.062295,366,published-inputs,1514
1903-08-01,1904-07-01,8.214754,366,published-inputs,1431
1903-09-01,1904-08-01,8.274044,366,published-inputs,1381
1903-10-01,1904-09-01,8.265847,366,published-inputs,1388
1903-11-01,1904-10-01,8.223497,366,published-inputs,1422
1903-12-01,1904-11-01,8.149727,366,published-inputs,1466
1904-01-01,1904-12-01,8.217486,366,published-inputs,1426
1904-02-01,1905-01-01,8.183607,366,published-inputs,1448
1904-03-01,1905-02-01,8.304658,365,published-inputs,1356
1904-04-01,1905-03-01,8.491507,365,published-inputs,1128
1904-05-01,1905-04-01,8.425753,365,published-inputs,1210
1904-06-01,1905-05-01,8.468219,365,published-inputs,1156
1904-07-01,1905-06-01,8.575068,365,published-inputs,1016
1904-08-01,1905-07-01,8.558082,365,published-inputs,1027
1904-09-01,1905-08-01,8.532603,365,published-inputs,1065
1904-10-01,1905-09-01,8.483288,365,published-inputs,1138
1904-11-01,1905-10-01,8.279452,365,published-inputs,1376
1904-12-01,1905-11-01,8.221918,365,published-inputs,1424
1905-01-01,1905-12-01,8.298356,365,published-inputs,1362
1905-02-01,1906-01-01,8.417260,365,published-inputs,1218
1905-03-01,1906-02-01,8.286849,365,published-inputs,1372
1905-04-01,1906-03-01,8.142466,365,published-inputs,1473
1905-05-01,1906-04-01,8.101370,365,published-inputs,1493
1905-06-01,1906-05-01,8.033425,365,published-inputs,1524
1905-07-01,1906-06-01,7.992329,365,published-inputs,1544
1905-08-01,1906-07-01,7.890411,365,published-inputs,1584
1905-09-01,1906-08-01,8.060274,365,published-inputs,1515
1905-10-01,1906-09-01,8.183562,365,published-inputs,1449
1905-11-01,1906-10-01,8.455342,365,published-inputs,1177
1905-12-01,1906-11-01,8.619726,365,published-inputs,959
1906-01-01,1906-12-01,8.500822,365,published-inputs,1113
1906-02-01,1907-01-01,8.373425,365,published-inputs,1273
1906-03-01,1907-02-01,8.327397,365,published-inputs,1333
1906-04-01,1907-03-01,8.437808,365,published-inputs,1202
1906-05-01,1907-04-01,8.462466,365,published-inputs,1164
1906-06-01,1907-05-01,8.496438,365,published-inputs,1123
1906-07-01,1907-06-01,8.356712,365,published-inputs,1295
1906-08-01,1907-07-01,8.331233,365,published-inputs,1326
1906-09-01,1907-08-01,8.144384,365,published-inputs,1471
1906-10-01,1907-09-01,8.193699,365,published-inputs,1444
1906-11-01,1907-10-01,8.100274,365,published-inputs,1494
1906-12-01,1907-11-01,8.075616,365,published-inputs,1507
1907-01-01,1907-12-01,8.160548,365,published-inputs,1457
1907-02-01,1908-01-01,8.075616,365,published-inputs,1506
1907-03-01,1908-02-01,8.265847,366,published-inputs,1387
1907-04-01,1908-03-01,8.113388,366,published-inputs,1486
1907-05-01,1908-04-01,8.023224,366,published-inputs,1530
1907-06-01,1908-05-01,8.158743,366,published-inputs,1459
1907-07-01,1908-06-01,8.306284,366,published-inputs,1353
1907-08-01,1908-07-01,8.390984,366,published-inputs,1245
1907-09-01,1908-08-01,8.441803,366,published-inputs,1192
1907-10-01,1908-09-01,8.343443,366,published-inputs,1313
1907-11-01,1908-10-01,8.580601,366,published-inputs,1008
1907-12-01,1908-11-01,8.662568,366,published-inputs,918
1908-01-01,1908-12-01,8.662568,366,published-inputs,918
1908-02-01,1909-01-01,8.755738,366,published-inputs,816
1908-03-01,1909-02-01,8.612877,365,published-inputs,970
1908-04-01,1909-03-01,8.544932,365,published-inputs,1044
1908-05-01,1909-04-01,8.733973,365,published-inputs,838
1908-06-01,1909-05-01,8.640548,365,published-inputs,935
1908-07-01,1909-06-01,8.484384,365,published-inputs,1135
1908-08-01,1909-07-01,8.382466,365,published-inputs,1262
1908-09-01,1909-08-01,8.424932,365,published-inputs,1213
1908-10-01,1909-09-01,8.359178,365,published-inputs,1290
1908-11-01,1909-10-01,8.197808,365,published-inputs,1439
1908-12-01,1909-11-01,7.975890,365,published-inputs,1553
1909-01-01,1909-12-01,7.924932,365,published-inputs,1571
1909-02-01,1910-01-01,7.916438,365,published-inputs,1575
1909-03-01,1910-02-01,8.054521,365,published-inputs,1518
1909-04-01,1910-03-01,8.275342,365,published-inputs,1380
1909-05-01,1910-04-01,8.160274,365,published-inputs,1458
1909-06-01,1910-05-01,8.194247,365,published-inputs,1443
1909-07-01,1910-06-01,8.391507,365,published-inputs,1244
1909-08-01,1910-07-01,8.400000,365,published-inputs,1231
1909-09-01,1910-08-01,8.366027,365,published-inputs,1283
1909-10-01,1910-09-01,8.423562,365,published-inputs,1214
1909-11-01,1910-10-01,8.415068,365,published-inputs,1221
1909-12-01,1910-11-01,8.349315,365,published-inputs,1306
1910-01-01,1910-12-01,8.502192,365,published-inputs,1110
1910-02-01,1911-01-01,8.510685,365,published-inputs,1098
1910-03-01,1911-02-01,8.464658,365,published-inputs,1160
1910-04-01,1911-03-01,8.379726,365,published-inputs,1266
1910-05-01,1911-04-01,8.387945,365,published-inputs,1249
1910-06-01,1911-05-01,8.506849,365,published-inputs,1104
1910-07-01,1911-06-01,8.506849,365,published-inputs,1105
1910-08-01,1911-07-01,8.761644,365,published-inputs,814
1910-09-01,1911-08-01,9.024932,365,published-inputs,580
1910-10-01,1911-09-01,9.115342,365,published-inputs,498
1910-11-01,1911-10-01,9.072877,365,published-inputs,525
1910-12-01,1911-11-01,9.220822,365,published-inputs,435
1911-01-01,1911-12-01,9.237808,365,published-inputs,423
1911-02-01,1912-01-01,9.220822,365,published-inputs,435
1911-03-01,1912-02-01,9.246448,366,published-inputs,418
1911-04-01,1912-03-01,9.407377,366,published-inputs,338
1911-05-01,1912-04-01,9.554918,366,published-inputs,269
1911-06-01,1912-05-01,9.470219,366,published-inputs,299
1911-07-01,1912-06-01,9.388251,366,published-inputs,348
1911-08-01,1912-07-01,9.252732,366,published-inputs,416
1911-09-01,1912-08-01,8.820765,366,published-inputs,758
1911-10-01,1912-09-01,8.615847,366,published-inputs,965
1911-11-01,1912-10-01,8.497268,366,published-inputs,1120
1911-12-01,1912-11-01,8.538251,366,published-inputs,1056
1912-01-01,1912-12-01,8.589071,366,published-inputs,1002
1912-02-01,1913-01-01,8.673770,366,published-inputs,906
1912-03-01,1913-02-01,8.661918,365,published-inputs,921
1912-04-01,1913-03-01,8.576986,365,published-inputs,1012
1912-05-01,1913-04-01,8.486575,365,published-inputs,1132
1912-06-01,1913-05-01,8.427123,365,published-inputs,1208
1912-07-01,1913-06-01,8.451781,365,published-inputs,1181
1912-08-01,1913-07-01,8.375342,365,published-inputs,1271
1912-09-01,1913-08-01,8.596164,365,published-inputs,990
1912-10-01,1913-09-01,8.809863,365,published-inputs,768
1912-11-01,1913-10-01,9.039178,365,published-inputs,563
1912-12-01,1913-11-01,9.195342,365,published-inputs,444
1913-01-01,1913-12-01,9.067945,365,published-inputs,530
1913-02-01,1914-01-01,8.966027,365,published-inputs,630
1913-03-01,1914-02-01,9.096438,365,published-inputs,509
1913-04-01,1914-03-01,9.104932,365,published-inputs,502
1913-05-01,1914-04-01,9.252877,365,published-inputs,415
1913-06-01,1914-05-01,9.227397,365,published-inputs,432
1913-07-01,1914-06-01,9.284932,365,published-inputs,400
1913-08-01,1914-07-01,9.344384,365,published-inputs,366
1913-09-01,1914-08-01,9.403836,365,published-inputs,341
1913-10-01,1914-09-01,9.370959,365,published-inputs,352
1913-11-01,1914-10-01,9.303014,365,published-inputs,390
1913-12-01,1914-11-01,9.146849,365,published-inputs,478
1914-01-01,1914-12-01,9.078904,365,published-inputs,519
1914-02-01,1915-01-01,9.129863,365,published-inputs,489
1914-03-01,1915-02-01,8.945753,365,published-inputs,643
1914-04-01,1915-03-01,8.852329,365,published-inputs,734
1914-05-01,1915-04-01,8.712603,365,published-inputs,863
1914-06-01,1915-05-01,8.772055,365,published-inputs,802
1914-07-01,1915-06-01,8.763836,365,published-inputs,810
1914-08-01,1915-07-01,8.661918,365,published-inputs,921
1914-09-01,1915-08-01,8.576986,365,published-inputs,1012
1914-10-01,1915-09-01,8.576986,365,published-inputs,1014
1914-11-01,1915-10-01,8.483562,365,published-inputs,1137
1914-12-01,1915-11-01,8.195890,365,published-inputs,1442
1915-01-01,1915-12-01,8.272329,365,published-inputs,1382
1915-02-01,1916-01-01,8.544110,365,published-inputs,1049
1915-03-01,1916-02-01,8.506831,366,published-inputs,1106
1915-04-01,1916-03-01,8.371311,366,published-inputs,1278
1915-05-01,1916-04-01,8.371311,366,published-inputs,1277
1915-06-01,1916-05-01,8.337432,366,published-inputs,1320
1915-07-01,1916-06-01,8.132514,366,published-inputs,1477
1915-08-01,1916-07-01,8.200273,366,published-inputs,1437
1915-09-01,1916-08-01,8.284973,366,published-inputs,1374
1915-10-01,1916-09-01,8.268579,366,published-inputs,1384
1915-11-01,1916-10-01,8.395628,366,published-inputs,1237
1915-12-01,1916-11-01,8.682514,366,published-inputs,898
1916-01-01,1916-12-01,8.419945,366,published-inputs,1217
1916-02-01,1917-01-01,7.911749,366,published-inputs,1578
1916-03-01,1917-02-01,7.724932,365,published-inputs,1632
1916-04-01,1917-03-01,7.724932,365,published-inputs,1631
1916-05-01,1917-04-01,7.519452,365,published-inputs,1664
1916-06-01,1917-05-01,7.638356,365,published-inputs,1646
1916-07-01,1917-06-01,7.827397,365,published-inputs,1607
1916-08-01,1917-07-01,7.886849,365,published-inputs,1588
1916-09-01,1917-08-01,7.801918,365,published-inputs,1614
1916-10-01,1917-09-01,7.843014,365,published-inputs,1600
1916-11-01,1917-10-01,7.613699,365,published-inputs,1650
1916-12-01,1917-11-01,7.728767,365,published-inputs,1630
1917-01-01,1917-12-01,7.771233,365,published-inputs,1624
1917-02-01,1918-01-01,8.017534,365,published-inputs,1534
1917-03-01,1918-02-01,8.439452,365,published-inputs,1196
1917-04-01,1918-03-01,8.634795,365,published-inputs,946
1917-05-01,1918-04-01,8.766301,365,published-inputs,808
1917-06-01,1918-05-01,8.766301,365,published-inputs,808
1917-07-01,1918-06-01,8.675890,365,published-inputs,905
1917-08-01,1918-07-01,8.607945,365,published-inputs,978
1917-09-01,1918-08-01,8.667397,365,published-inputs,915
1917-10-01,1918-09-01,8.519452,365,published-inputs,1085
1917-11-01,1918-10-01,8.621370,365,published-inputs,957
1917-12-01,1918-11-01,8.456986,365,published-inputs,1174
1918-01-01,1918-12-01,8.822192,365,published-inputs,755
1918-02-01,1919-01-01,8.745753,365,published-inputs,821
1918-03-01,1919-02-01,8.377534,365,published-inputs,1269
1918-04-01,1919-03-01,8.182192,365,published-inputs,1450
1918-05-01,1919-04-01,8.149315,365,published-inputs,1467
1918-06-01,1919-05-01,8.208767,365,published-inputs,1434
1918-07-01,1919-06-01,8.266301,365,published-inputs,1386
1918-08-01,1919-07-01,8.189863,365,published-inputs,1446
1918-09-01,1919-08-01,8.155890,365,published-inputs,1460
1918-10-01,1919-09-01,8.205205,365,published-inputs,1435
1918-11-01,1919-10-01,8.120274,365,published-inputs,1483
1918-12-01,1919-11-01,7.906575,365,published-inputs,1580
1919-01-01,1919-12-01,7.787671,365,published-inputs,1618
1919-02-01,1920-01-01,7.940548,365,published-inputs,1565
1919-03-01,1920-02-01,8.255464,366,published-inputs,1399
1919-04-01,1920-03-01,8.526503,366,published-inputs,1074
1919-05-01,1920-04-01,8.641257,366,published-inputs,934
1919-06-01,1920-05-01,8.497268,366,published-inputs,1120
1919-07-01,1920-06-01,8.538251,366,published-inputs,1056
1919-08-01,1920-07-01,8.521311,366,published-inputs,1080
1919-09-01,1920-08-01,8.385792,366,published-inputs,1258
1919-10-01,1920-09-01,8.402186,366,published-inputs,1229
1919-11-01,1920-10-01,8.613934,366,published-inputs,968
1919-12-01,1920-11-01,8.941803,366,published-inputs,648
1920-01-01,1920-12-01,8.814754,366,published-inputs,760
1920-02-01,1921-01-01,8.984153,366,published-inputs,615
1920-03-01,1921-02-01,8.901370,365,published-inputs,693
1920-04-01,1921-03-01,8.935342,365,published-inputs,657
1920-05-01,1921-04-01,8.943562,365,published-inputs,645
1920-06-01,1921-05-01,8.909589,365,published-inputs,689
1920-07-01,1921-06-01,8.942466,365,published-inputs,646
1920-08-01,1921-07-01,9.282192,365,published-inputs,402
1920-09-01,1921-08-01,9.392603,365,published-inputs,347
1920-10-01,1921-09-01,9.483014,365,published-inputs,297
1920-11-01,1921-10-01,9.661370,365,published-inputs,215
1920-12-01,1921-11-01,9.513425,365,published-inputs,283
1921-01-01,1921-12-01,9.708767,365,published-inputs,180
1921-02-01,1922-01-01,9.462466,365,published-inputs,311
1921-03-01,1922-02-01,9.454795,365,published-inputs,313
1921-04-01,1922-03-01,9.259452,365,published-inputs,412
1921-05-01,1922-04-01,9.045753,365,published-inputs,555
1921-06-01,1922-05-01,9.147671,365,published-inputs,477
1921-07-01,1922-06-01,9.049041,365,published-inputs,549
1921-08-01,1922-07-01,8.649863,365,published-inputs,927
1921-09-01,1922-08-01,8.496986,365,published-inputs,1122
1921-10-01,1922-09-01,8.357260,365,published-inputs,1294
1921-11-01,1922-10-01,7.983562,365,published-inputs,1546
1921-12-01,1922-11-01,8.024658,365,published-inputs,1528
1922-01-01,1922-12-01,7.965205,365,published-inputs,1558
1922-02-01,1923-01-01,8.084110,365,published-inputs,1500
1922-03-01,1923-02-01,8.176164,365,published-inputs,1453
1922-04-01,1923-03-01,8.329041,365,published-inputs,1332
1922-05-01,1923-04-01,8.501644,365,published-inputs,1111
1922-06-01,1923-05-01,8.263836,365,published-inputs,1392
1922-07-01,1923-06-01,8.198082,365,published-inputs,1438
1922-08-01,1923-07-01,8.486849,365,published-inputs,1131
1922-09-01,1923-08-01,8.614247,365,published-inputs,967
1922-10-01,1923-09-01,8.606027,365,published-inputs,983
1922-11-01,1923-10-01,8.716438,365,published-inputs,859
1922-12-01,1923-11-01,8.527397,365,published-inputs,1072
1923-01-01,1923-12-01,8.425479,365,published-inputs,1211
1923-02-01,1924-01-01,8.366027,365,published-inputs,1283
1923-03-01,1924-02-01,8.152186,366,published-inputs,1463
1923-04-01,1924-03-01,7.982787,366,published-inputs,1548
1923-05-01,1924-04-01,7.917213,366,published-inputs,1574
1923-06-01,1924-05-01,8.078142,366,published-inputs,1504
1923-07-01,1924-06-01,8.151913,366,published-inputs,1464
1923-08-01,1924-07-01,7.990984,366,published-inputs,1545
1923-09-01,1924-08-01,7.923224,366,published-inputs,1572
1923-10-01,1924-09-01,7.996995,366,published-inputs,1540
1923-11-01,1924-10-01,8.039344,366,published-inputs,1523
1923-12-01,1924-11-01,8.301639,366,published-inputs,1360
1924-01-01,1924-12-01,8.504918,366,published-inputs,1108
1924-02-01,1925-01-01,8.564208,366,published-inputs,1021
1924-03-01,1925-02-01,8.702466,365,published-inputs,877
1924-04-01,1925-03-01,8.744932,365,published-inputs,824
1924-05-01,1925-04-01,8.786027,365,published-inputs,791
1924-06-01,1925-05-01,8.769041,365,published-inputs,805
1924-07-01,1925-06-01,8.875890,365,published-inputs,712
1924-08-01,1925-07-01,9.003288,365,published-inputs,596
1924-09-01,1925-08-01,9.122192,365,published-inputs,495
1924-10-01,1925-09-01,9.007123,365,published-inputs,591
1924-11-01,1925-10-01,9.032603,365,published-inputs,574
1924-12-01,1925-11-01,8.769589,365,published-inputs,804
1925-01-01,1925-12-01,8.446849,365,published-inputs,1186
1925-02-01,1926-01-01,8.395890,365,published-inputs,1236
1925-03-01,1926-02-01,8.518630,365,published-inputs,1087
1925-04-01,1926-03-01,8.629041,365,published-inputs,952
1925-05-01,1926-04-01,8.768767,365,published-inputs,806
1925-06-01,1926-05-01,8.692329,365,published-inputs,888
1925-07-01,1926-06-01,8.552603,365,published-inputs,1035
1925-08-01,1926-07-01,8.595068,365,published-inputs,992
1925-09-01,1926-08-01,8.654521,365,published-inputs,925
1925-10-01,1926-09-01,8.876438,365,published-inputs,709
1925-11-01,1926-10-01,8.681096,365,published-inputs,901
1925-12-01,1926-11-01,8.845479,365,published-inputs,737
1926-01-01,1926-12-01,8.930411,365,published-inputs,664
1926-02-01,1927-01-01,8.913425,365,published-inputs,684
1926-03-01,1927-02-01,8.736986,365,published-inputs,836
1926-04-01,1927-03-01,8.787945,365,published-inputs,788
1926-05-01,1927-04-01,8.681096,365,published-inputs,900
1926-06-01,1927-05-01,8.783014,365,published-inputs,793
1926-07-01,1927-06-01,8.725479,365,published-inputs,847
1926-08-01,1927-07-01,8.623562,365,published-inputs,955
1926-09-01,1927-08-01,8.564110,365,published-inputs,1022
1926-10-01,1927-09-01,8.407945,365,published-inputs,1225
1926-11-01,1927-10-01,8.603288,365,published-inputs,984
1926-12-01,1927-11-01,8.644384,365,published-inputs,932
1927-01-01,1927-12-01,8.466027,365,published-inputs,1157
1927-02-01,1928-01-01,8.500000,365,published-inputs,1114
1927-03-01,1928-02-01,8.613934,366,published-inputs,968
1927-04-01,1928-03-01,8.512295,366,published-inputs,1094
1927-05-01,1928-04-01,8.553279,366,published-inputs,1034
1927-06-01,1928-05-01,8.544809,366,published-inputs,1045
1927-07-01,1928-06-01,8.593989,366,published-inputs,994
1927-08-01,1928-07-01,8.568579,366,published-inputs,1019
1927-09-01,1928-08-01,8.534699,366,published-inputs,1061
1927-10-01,1928-09-01,8.542896,366,published-inputs,1052
1927-11-01,1928-10-01,8.525956,366,published-inputs,1075
1927-12-01,1928-11-01,8.648907,366,published-inputs,928
1928-01-01,1928-12-01,8.801366,366,published-inputs,777
1928-02-01,1929-01-01,8.521858,366,published-inputs,1079
1928-03-01,1929-02-01,8.154521,365,published-inputs,1461
1928-04-01,1929-03-01,8.196986,365,published-inputs,1441
1928-05-01,1929-04-01,8.081918,365,published-inputs,1501
1928-06-01,1929-05-01,8.073425,365,published-inputs,1509
1928-07-01,1929-06-01,8.065205,365,published-inputs,1512
1928-08-01,1929-07-01,8.073699,365,published-inputs,1508
1928-09-01,1929-08-01,8.048219,365,published-inputs,1520
1928-10-01,1929-09-01,8.237260,365,published-inputs,1409
1928-11-01,1929-10-01,8.177808,365,published-inputs,1452
1928-12-01,1929-11-01,8.103836,365,published-inputs,1492
1929-01-01,1929-12-01,8.265205,365,published-inputs,1390
1929-02-01,1930-01-01,8.545479,365,published-inputs,1043
1929-03-01,1930-02-01,8.637534,365,published-inputs,941
1929-04-01,1930-03-01,8.544110,365,published-inputs,1049
1929-05-01,1930-04-01,8.634521,365,published-inputs,947
1929-06-01,1930-05-01,8.592055,365,published-inputs,996
1929-07-01,1930-06-01,8.740000,365,published-inputs,829
1929-08-01,1930-07-01,8.697534,365,published-inputs,883
1929-09-01,1930-08-01,8.740000,365,published-inputs,829
1929-10-01,1930-09-01,8.633151,365,published-inputs,948
1929-11-01,1930-10-01,8.709589,365,published-inputs,865
1929-12-01,1930-11-01,8.684932,365,published-inputs,895
1930-01-01,1930-12-01,8.600000,365,published-inputs,986
1930-02-01,1931-01-01,8.464110,365,published-inputs,1161
1930-03-01,1931-02-01,8.609863,365,published-inputs,976
1930-04-01,1931-03-01,8.533425,365,published-inputs,1064
1930-05-01,1931-04-01,8.484110,365,published-inputs,1136
1930-06-01,1931-05-01,8.501096,365,published-inputs,1112
1930-07-01,1931-06-01,8.443562,365,published-inputs,1188
1930-08-01,1931-07-01,8.426575,365,published-inputs,1209
1930-09-01,1931-08-01,8.367123,365,published-inputs,1282
1930-10-01,1931-09-01,8.227397,365,published-inputs,1418
1930-11-01,1931-10-01,8.091507,365,published-inputs,1496
1930-12-01,1931-11-01,8.190137,365,published-inputs,1445
1931-01-01,1931-12-01,8.258082,365,published-inputs,1397
1931-02-01,1932-01-01,8.478904,365,published-inputs,1145
1931-03-01,1932-02-01,8.386339,366,published-inputs,1256
1931-04-01,1932-03-01,8.428689,366,published-inputs,1207
1931-05-01,1932-04-01,8.363115,366,published-inputs,1287
1931-06-01,1932-05-01,8.295355,366,published-inputs,1366
1931-07-01,1932-06-01,8.319945,366,published-inputs,1340
1931-08-01,1932-07-01,8.387705,366,published-inputs,1250
1931-09-01,1932-08-01,8.590984,366,published-inputs,1000
1931-10-01,1932-09-01,8.697541,366,published-inputs,881
1931-11-01,1932-10-01,8.697541,366,published-inputs,881
1931-12-01,1932-11-01,8.607377,366,published-inputs,980
1932-01-01,1932-12-01,8.607377,366,published-inputs,980
1932-02-01,1933-01-01,8.293989,366,published-inputs,1367
1932-03-01,1933-02-01,8.370959,365,published-inputs,1279
1932-04-01,1933-03-01,8.583288,365,published-inputs,1006
1932-05-01,1933-04-01,8.739452,365,published-inputs,831
1932-06-01,1933-05-01,8.883836,365,published-inputs,703
1932-07-01,1933-06-01,8.941370,365,published-inputs,650
1932-08-01,1933-07-01,9.068767,365,published-inputs,528
1932-09-01,1933-08-01,9.077260,365,published-inputs,521
1932-10-01,1933-09-01,9.225205,365,published-inputs,434
1932-11-01,1933-10-01,9.327123,365,published-inputs,374
1932-12-01,1933-11-01,9.236712,365,published-inputs,425
1933-01-01,1933-12-01,8.880000,365,published-inputs,706
1933-02-01,1934-01-01,9.049863,365,published-inputs,548
1933-03-01,1934-02-01,9.034521,365,published-inputs,568
1933-04-01,1934-03-01,8.839178,365,published-inputs,744
1933-05-01,1934-04-01,8.748767,365,published-inputs,819
1933-06-01,1934-05-01,8.680822,365,published-inputs,902
1933-07-01,1934-06-01,8.672603,365,published-inputs,909
1933-08-01,1934-07-01,8.740548,365,published-inputs,828
1933-09-01,1934-08-01,8.553699,365,published-inputs,1032
1933-10-01,1934-09-01,8.479726,365,published-inputs,1144
1933-11-01,1934-10-01,8.488219,365,published-inputs,1130
1933-12-01,1934-11-01,8.529315,365,published-inputs,1069
1934-01-01,1934-12-01,9.072877,365,published-inputs,525
1934-02-01,1935-01-01,9.081370,365,published-inputs,517
1934-03-01,1935-02-01,9.234795,365,published-inputs,429
1934-04-01,1935-03-01,9.353699,365,published-inputs,364
1934-05-01,1935-04-01,9.403014,365,published-inputs,342
1934-06-01,1935-05-01,9.369041,365,published-inputs,355
1934-07-01,1935-06-01,9.336164,365,published-inputs,369
1934-08-01,1935-07-01,9.225753,365,published-inputs,433
1934-09-01,1935-08-01,9.319178,365,published-inputs,378
1934-10-01,1935-09-01,9.269863,365,published-inputs,405
1934-11-01,1935-10-01,9.210411,365,published-inputs,440
1934-12-01,1935-11-01,9.235068,365,published-inputs,428
1935-01-01,1935-12-01,8.844384,365,published-inputs,739
1935-02-01,1936-01-01,8.767945,365,published-inputs,807
1935-03-01,1936-02-01,8.544262,366,published-inputs,1048
1935-04-01,1936-03-01,8.578142,366,published-inputs,1010
1935-05-01,1936-04-01,8.438798,366,published-inputs,1199
1935-06-01,1936-05-01,8.515027,366,published-inputs,1092
1935-07-01,1936-06-01,8.498634,366,published-inputs,1119
1935-08-01,1936-07-01,8.354645,366,published-inputs,1301
1935-09-01,1936-08-01,8.337705,366,published-inputs,1319
1935-10-01,1936-09-01,8.395082,366,published-inputs,1238
1935-11-01,1936-10-01,8.403552,366,published-inputs,1228
1935-12-01,1936-11-01,8.378962,366,published-inputs,1267
1936-01-01,1936-12-01,8.582240,366,published-inputs,1007
1936-02-01,1937-01-01,8.709290,366,published-inputs,867
1936-03-01,1937-02-01,8.925753,365,published-inputs,673
1936-04-01,1937-03-01,8.653973,365,published-inputs,926
1936-05-01,1937-04-01,8.892329,365,published-inputs,697
1936-06-01,1937-05-01,8.926301,365,published-inputs,672
1936-07-01,1937-06-01,8.876986,365,published-inputs,708
1936-08-01,1937-07-01,8.927945,365,published-inputs,668
1936-09-01,1937-08-01,8.987397,365,published-inputs,608
1936-10-01,1937-09-01,8.913425,365,published-inputs,684
1936-11-01,1937-10-01,8.955890,365,published-inputs,636
1936-12-01,1937-11-01,8.906575,365,published-inputs,690
1937-01-01,1937-12-01,8.711233,365,published-inputs,864
1937-02-01,1938-01-01,8.762192,365,published-inputs,813
1937-03-01,1938-02-01,8.708493,365,published-inputs,869
1937-04-01,1938-03-01,9.099178,365,published-inputs,507
1937-05-01,1938-04-01,8.967671,365,published-inputs,628
1937-06-01,1938-05-01,8.874247,365,published-inputs,713
1937-07-01,1938-06-01,8.866027,365,published-inputs,719
1937-08-01,1938-07-01,8.772603,365,published-inputs,801
1937-09-01,1938-08-01,8.679178,365,published-inputs,904
1937-10-01,1938-09-01,8.687397,365,published-inputs,893
1937-11-01,1938-10-01,8.729863,365,published-inputs,844
1937-12-01,1938-11-01,9.033973,365,published-inputs,571
1938-01-01,1938-12-01,9.144384,365,published-inputs,480
1938-02-01,1939-01-01,9.008493,365,published-inputs,590
1938-03-01,1939-02-01,9.046849,365,published-inputs,552
1938-04-01,1939-03-01,8.860000,365,published-inputs,729
1938-05-01,1939-04-01,8.933973,365,published-inputs,660
1938-06-01,1939-05-01,8.984932,365,published-inputs,613
1938-07-01,1939-06-01,9.042466,365,published-inputs,559
1938-08-01,1939-07-01,9.076438,365,published-inputs,522
1938-09-01,1939-08-01,9.152877,365,published-inputs,474
1938-10-01,1939-09-01,9.193973,365,published-inputs,445
1938-11-01,1939-10-01,9.007123,365,published-inputs,592
1938-12-01,1939-11-01,8.957808,365,published-inputs,635
1939-01-01,1939-12-01,8.864384,365,published-inputs,722
1939-02-01,1940-01-01,8.482192,365,published-inputs,1140
1939-03-01,1940-02-01,8.306011,366,published-inputs,1355
1939-04-01,1940-03-01,8.306011,366,published-inputs,1354
1939-05-01,1940-04-01,8.322404,366,published-inputs,1337
1939-06-01,1940-05-01,8.390164,366,published-inputs,1246
1939-07-01,1940-06-01,8.529508,366,published-inputs,1068
1939-08-01,1940-07-01,8.521038,366,published-inputs,1081
1939-09-01,1940-08-01,8.461749,366,published-inputs,1166
1939-10-01,1940-09-01,8.363388,366,published-inputs,1286
1939-11-01,1940-10-01,8.465027,366,published-inputs,1159
1939-12-01,1940-11-01,8.342077,366,published-inputs,1314
1940-01-01,1940-12-01,8.409836,366,published-inputs,1224
1940-02-01,1941-01-01,8.469126,366,published-inputs,1154
1940-03-01,1941-02-01,8.500000,365,published-inputs,1115
1940-04-01,1941-03-01,8.432055,365,published-inputs,1205
1940-05-01,1941-04-01,8.259452,365,published-inputs,1395
1940-06-01,1941-05-01,8.030137,365,published-inputs,1526
1940-07-01,1941-06-01,7.915068,365,published-inputs,1576
1940-08-01,1941-07-01,8.059452,365,published-inputs,1516
1940-09-01,1941-08-01,7.974521,365,published-inputs,1554
1940-10-01,1941-09-01,8.147123,365,published-inputs,1469
1940-11-01,1941-10-01,8.232055,365,published-inputs,1416
1940-12-01,1941-11-01,8.215616,365,published-inputs,1429
1941-01-01,1941-12-01,8.360000,365,published-inputs,1289
1941-02-01,1942-01-01,8.529863,365,published-inputs,1067
1941-03-01,1942-02-01,8.330411,365,published-inputs,1329
1941-04-01,1942-03-01,8.389863,365,published-inputs,1247
1941-05-01,1942-04-01,8.611781,365,published-inputs,973
1941-06-01,1942-05-01,8.747671,365,published-inputs,820
1941-07-01,1942-06-01,8.706575,365,published-inputs,871
1941-08-01,1942-07-01,8.596164,365,published-inputs,991
1941-09-01,1942-08-01,8.723562,365,published-inputs,849
1941-10-01,1942-09-01,8.616712,365,published-inputs,962
1941-11-01,1942-10-01,8.591233,365,published-inputs,999
1941-12-01,1942-11-01,8.459726,365,published-inputs,1169
1942-01-01,1942-12-01,8.544658,365,published-inputs,1047
1942-02-01,1943-01-01,8.790959,365,published-inputs,785
1942-03-01,1943-02-01,9.189863,365,published-inputs,448
1942-04-01,1943-03-01,9.266301,365,published-inputs,409
1942-05-01,1943-04-01,9.323836,365,published-inputs,376
1942-06-01,1943-05-01,9.357808,365,published-inputs,362
1942-07-01,1943-06-01,9.341370,365,published-inputs,367
1942-08-01,1943-07-01,9.417808,365,published-inputs,332
1942-09-01,1943-08-01,9.366849,365,published-inputs,356
1942-10-01,1943-09-01,9.309315,365,published-inputs,386
1942-11-01,1943-10-01,9.317808,365,published-inputs,379
1942-12-01,1943-11-01,9.441096,365,published-inputs,320
1943-01-01,1943-12-01,9.160822,365,published-inputs,465
1943-02-01,1944-01-01,9.237260,365,published-inputs,424
1943-03-01,1944-02-01,9.045082,366,published-inputs,556
1943-04-01,1944-03-01,8.926503,366,published-inputs,671
1943-05-01,1944-04-01,8.910109,366,published-inputs,687
1943-06-01,1944-05-01,8.876230,366,published-inputs,711
1943-07-01,1944-06-01,8.827049,366,published-inputs,749
1943-08-01,1944-07-01,8.827049,366,published-inputs,749
1943-09-01,1944-08-01,8.920219,366,published-inputs,680
1943-10-01,1944-09-01,8.887432,366,published-inputs,700
1943-11-01,1944-10-01,8.777322,366,published-inputs,797
1943-12-01,1944-11-01,8.760929,366,published-inputs,815
1944-01-01,1944-12-01,8.820219,366,published-inputs,759
1944-02-01,1945-01-01,8.379781,366,published-inputs,1265
1944-03-01,1945-02-01,8.608493,365,published-inputs,977
1944-04-01,1945-03-01,8.786849,365,published-inputs,790
1944-05-01,1945-04-01,8.803288,365,published-inputs,775
1944-06-01,1945-05-01,8.862740,365,published-inputs,726
1944-07-01,1945-06-01,8.912055,365,published-inputs,686
1944-08-01,1945-07-01,8.886575,365,published-inputs,702
1944-09-01,1945-08-01,8.810137,365,published-inputs,767
1944-10-01,1945-09-01,8.941644,365,published-inputs,649
1944-11-01,1945-10-01,9.153973,365,published-inputs,472
1944-12-01,1945-11-01,9.203288,365,published-inputs,443
1945-01-01,1945-12-01,9.305205,365,published-inputs,387
1945-02-01,1946-01-01,9.483562,365,published-inputs,296
1945-03-01,1946-02-01,9.437534,365,published-inputs,322
1945-04-01,1946-03-01,9.242192,365,published-inputs,421
1945-05-01,1946-04-01,9.209315,365,published-inputs,442
1945-06-01,1946-05-01,9.124384,365,published-inputs,494
1945-07-01,1946-06-01,9.009315,365,published-inputs,589
1945-08-01,1946-07-01,8.966849,365,published-inputs,629
1945-09-01,1946-08-01,8.822466,365,published-inputs,754
1945-10-01,1946-09-01,8.797808,365,published-inputs,782
1945-11-01,1946-10-01,8.636438,365,published-inputs,942
1945-12-01,1946-11-01,8.718630,365,published-inputs,856
1946-01-01,1946-12-01,8.540274,365,published-inputs,1055
1946-02-01,1947-01-01,8.480822,365,published-inputs,1143
1946-03-01,1947-02-01,7.882466,365,published-inputs,1591
1946-04-01,1947-03-01,7.763562,365,published-inputs,1625
1946-05-01,1947-04-01,7.640274,365,published-inputs,1645
1946-06-01,1947-05-01,7.784658,365,published-inputs,1620
1946-07-01,1947-06-01,7.957260,365,published-inputs,1560
1946-08-01,1947-07-01,8.008219,365,published-inputs,1536
1946-09-01,1947-08-01,8.373425,365,published-inputs,1274
1946-10-01,1947-09-01,8.439178,365,published-inputs,1198
1946-11-01,1947-10-01,8.507123,365,published-inputs,1103
1946-12-01,1947-11-01,8.441370,365,published-inputs,1193
1947-01-01,1947-12-01,8.585753,365,published-inputs,1005
1947-02-01,1948-01-01,8.823562,365,published-inputs,753
1947-03-01,1948-02-01,9.292350,366,published-inputs,398
1947-04-01,1948-03-01,9.690437,366,published-inputs,195
1947-05-01,1948-04-01,9.723224,366,published-inputs,173
1947-06-01,1948-05-01,9.621585,366,published-inputs,236
1947-07-01,1948-06-01,9.506831,366,published-inputs,284
1947-08-01,1948-07-01,9.464481,366,published-inputs,307
1947-09-01,1948-08-01,9.176503,366,published-inputs,459
1947-10-01,1948-09-01,9.102732,366,published-inputs,503
1947-11-01,1948-10-01,9.077322,366,published-inputs,520
1947-12-01,1948-11-01,9.126503,366,published-inputs,491
1948-01-01,1948-12-01,9.151913,366,published-inputs,475
1948-02-01,1949-01-01,9.185792,366,published-inputs,453
1948-03-01,1949-02-01,9.284384,365,published-inputs,401
1948-04-01,1949-03-01,9.038082,365,published-inputs,565
1948-05-01,1949-04-01,9.112055,365,published-inputs,500
1948-06-01,1949-05-01,9.086575,365,published-inputs,513
1948-07-01,1949-06-01,9.234521,365,published-inputs,430
1948-08-01,1949-07-01,9.404384,365,published-inputs,340
1948-09-01,1949-08-01,9.531781,365,published-inputs,277
1948-10-01,1949-09-01,9.712603,365,published-inputs,177
1948-11-01,1949-10-01,9.848493,365,published-inputs,120
1948-12-01,1949-11-01,9.758082,365,published-inputs,154
1949-01-01,1949-12-01,9.783562,365,published-inputs,141
1949-02-01,1950-01-01,9.681644,365,published-inputs,205
1949-03-01,1950-02-01,9.666301,365,published-inputs,211
1949-04-01,1950-03-01,9.827671,365,published-inputs,127
1949-05-01,1950-04-01,9.679726,365,published-inputs,207
1949-06-01,1950-05-01,9.730685,365,published-inputs,169
1949-07-01,1950-06-01,9.771781,365,published-inputs,147
1949-08-01,1950-07-01,9.618904,365,published-inputs,237
1949-09-01,1950-08-01,9.500000,365,published-inputs,286
1949-10-01,1950-09-01,9.253425,365,published-inputs,414
1949-11-01,1950-10-01,9.066575,365,published-inputs,532
1949-12-01,1950-11-01,8.967945,365,published-inputs,627
1950-01-01,1950-12-01,8.619726,365,published-inputs,959
1950-02-01,1951-01-01,8.577260,365,published-inputs,1011
1950-03-01,1951-02-01,8.439178,365,published-inputs,1197
1950-04-01,1951-03-01,8.150411,365,published-inputs,1465
1950-05-01,1951-04-01,8.076438,365,published-inputs,1505
1950-06-01,1951-05-01,7.940548,365,published-inputs,1564
1950-07-01,1951-06-01,7.800822,365,published-inputs,1615
1950-08-01,1951-07-01,7.834795,365,published-inputs,1604
1950-09-01,1951-08-01,7.800822,365,published-inputs,1616
1950-10-01,1951-09-01,7.899452,365,published-inputs,1581
1950-11-01,1951-10-01,7.924932,365,published-inputs,1570
1950-12-01,1951-11-01,8.122192,365,published-inputs,1482
1951-01-01,1951-12-01,8.461918,365,published-inputs,1165
1951-02-01,1952-01-01,8.393973,365,published-inputs,1240
1951-03-01,1952-02-01,8.387432,366,published-inputs,1251
1951-04-01,1952-03-01,8.616120,366,published-inputs,964
1951-05-01,1952-04-01,8.804645,366,published-inputs,773
1951-06-01,1952-05-01,9.050273,366,published-inputs,547
1951-07-01,1952-06-01,9.033880,366,published-inputs,573
1951-08-01,1952-07-01,9.059290,366,published-inputs,540
1951-09-01,1952-08-01,9.143989,366,published-inputs,481
1951-10-01,1952-09-01,8.906284,366,published-inputs,691
1951-11-01,1952-10-01,8.838525,366,published-inputs,746
1951-12-01,1952-11-01,8.551639,366,published-inputs,1036
1952-01-01,1952-12-01,8.373770,366,published-inputs,1272
1952-02-01,1953-01-01,8.416120,366,published-inputs,1219
1952-03-01,1953-02-01,8.461096,365,published-inputs,1167
1952-04-01,1953-03-01,8.384658,365,published-inputs,1259
1952-05-01,1953-04-01,8.244932,365,published-inputs,1406
1952-06-01,1953-05-01,8.210959,365,published-inputs,1433
1952-07-01,1953-06-01,8.252055,365,published-inputs,1402
1952-08-01,1953-07-01,8.175616,365,published-inputs,1454
1952-09-01,1953-08-01,8.201096,365,published-inputs,1436
1952-10-01,1953-09-01,8.423014,365,published-inputs,1215
1952-11-01,1953-10-01,8.482466,365,published-inputs,1139
1952-12-01,1953-11-01,8.811233,365,published-inputs,764
1953-01-01,1953-12-01,9.125479,365,published-inputs,492
1953-02-01,1954-01-01,9.100000,365,published-inputs,506
1953-03-01,1954-02-01,9.015616,365,published-inputs,587
1953-04-01,1954-03-01,9.024110,365,published-inputs,582
1953-05-01,1954-04-01,9.048767,365,published-inputs,550
1953-06-01,1954-05-01,8.938356,365,published-inputs,653
1953-07-01,1954-06-01,8.872603,365,published-inputs,716
1953-08-01,1954-07-01,8.745205,365,published-inputs,823
1953-09-01,1954-08-01,8.600822,365,published-inputs,985
1953-10-01,1954-09-01,8.518630,365,published-inputs,1087
1953-11-01,1954-10-01,8.671507,365,published-inputs,912
1953-12-01,1954-11-01,8.548219,365,published-inputs,1040
1954-01-01,1954-12-01,8.488767,365,published-inputs,1129
1954-02-01,1955-01-01,8.463288,365,published-inputs,1162
1954-03-01,1955-02-01,8.340548,365,published-inputs,1316
1954-04-01,1955-03-01,8.119726,365,published-inputs,1484
1954-05-01,1955-04-01,8.226575,365,published-inputs,1419
1954-06-01,1955-05-01,8.107671,365,published-inputs,1490
1954-07-01,1955-06-01,8.148767,365,published-inputs,1468
1954-08-01,1955-07-01,8.463014,365,published-inputs,1163
1954-09-01,1955-08-01,8.794247,365,published-inputs,784
1954-10-01,1955-09-01,8.901096,365,published-inputs,694
1954-11-01,1955-10-01,8.714247,365,published-inputs,862
1954-12-01,1955-11-01,8.689589,365,published-inputs,890
1955-01-01,1955-12-01,8.630137,365,published-inputs,949
1955-02-01,1956-01-01,8.723562,365,published-inputs,850
1955-03-01,1956-02-01,8.591257,366,published-inputs,998
1955-04-01,1956-03-01,8.845355,366,published-inputs,738
1955-05-01,1956-04-01,8.697814,366,published-inputs,880
1955-06-01,1956-05-01,8.841803,366,published-inputs,740
1955-07-01,1956-06-01,8.784426,366,published-inputs,792
1955-08-01,1956-07-01,8.615027,366,published-inputs,966
1955-09-01,1956-08-01,8.233880,366,published-inputs,1414
1955-10-01,1956-09-01,8.242077,366,published-inputs,1407
1955-11-01,1956-10-01,8.259016,366,published-inputs,1396
1955-12-01,1956-11-01,8.234426,366,published-inputs,1411
1956-01-01,1956-12-01,8.234426,366,published-inputs,1411
1956-02-01,1957-01-01,8.336066,366,published-inputs,1323
1956-03-01,1957-02-01,8.751507,365,published-inputs,818
1956-04-01,1957-03-01,8.997808,365,published-inputs,601
1956-05-01,1957-04-01,9.145753,365,published-inputs,479
1956-06-01,1957-05-01,9.086301,365,published-inputs,514
1956-07-01,1957-06-01,9.242466,365,published-inputs,420
1956-08-01,1957-07-01,9.293425,365,published-inputs,395
1956-09-01,1957-08-01,9.454795,365,published-inputs,313
1956-10-01,1957-09-01,9.323288,365,published-inputs,377
1956-11-01,1957-10-01,9.425205,365,published-inputs,327
1956-12-01,1957-11-01,9.408767,365,published-inputs,336
1957-01-01,1957-12-01,9.298356,365,published-inputs,393
1957-02-01,1958-01-01,9.187945,365,published-inputs,451
1957-03-01,1958-02-01,9.187945,365,published-inputs,450
1957-04-01,1958-03-01,8.737808,365,published-inputs,834
1957-05-01,1958-04-01,8.606301,365,published-inputs,982
1957-06-01,1958-05-01,8.623288,365,published-inputs,956
1957-07-01,1958-06-01,8.508219,365,published-inputs,1102
1957-08-01,1958-07-01,8.457260,365,published-inputs,1173
1957-09-01,1958-08-01,8.448767,365,published-inputs,1184
1957-10-01,1958-09-01,8.629589,365,published-inputs,951
1957-11-01,1958-10-01,8.612603,365,published-inputs,972
1957-12-01,1958-11-01,8.661918,365,published-inputs,921
1958-01-01,1958-12-01,8.670411,365,published-inputs,913
1958-02-01,1959-01-01,8.551507,365,published-inputs,1037
1958-03-01,1959-02-01,8.536164,365,published-inputs,1059
1958-04-01,1959-03-01,8.807945,365,published-inputs,769
1958-05-01,1959-04-01,8.947671,365,published-inputs,640
1958-06-01,1959-05-01,9.100548,365,published-inputs,505
1958-07-01,1959-06-01,9.190959,365,published-inputs,447
1958-08-01,1959-07-01,9.267397,365,published-inputs,407
1958-09-01,1959-08-01,9.369315,365,published-inputs,354
1958-10-01,1959-09-01,9.361096,365,published-inputs,360
1958-11-01,1959-10-01,9.513973,365,published-inputs,282
1958-12-01,1959-11-01,9.555068,365,published-inputs,267
1959-01-01,1959-12-01,9.648493,365,published-inputs,224
1959-02-01,1960-01-01,9.784384,365,published-inputs,140
1959-03-01,1960-02-01,9.682514,366,published-inputs,203
1959-04-01,1960-03-01,9.623224,366,published-inputs,235
1959-05-01,1960-04-01,9.590437,366,published-inputs,255
1959-06-01,1960-05-01,9.590437,366,published-inputs,256
1959-07-01,1960-06-01,9.672404,366,published-inputs,209
1959-08-01,1960-07-01,9.545355,366,published-inputs,273
1959-09-01,1960-08-01,9.392896,366,published-inputs,346
1959-10-01,1960-09-01,9.245355,366,published-inputs,419
1959-11-01,1960-10-01,9.025137,366,published-inputs,579
1959-12-01,1960-11-01,8.992350,366,published-inputs,606
1960-01-01,1960-12-01,8.814481,366,published-inputs,762
1960-02-01,1961-01-01,8.763661,366,published-inputs,811
1960-03-01,1961-02-01,9.001096,365,published-inputs,597
1960-04-01,1961-03-01,9.111507,365,published-inputs,501
1960-05-01,1961-04-01,9.193699,365,published-inputs,446
1960-06-01,1961-05-01,9.040822,365,published-inputs,560
1960-07-01,1961-06-01,8.876438,365,published-inputs,709
1960-08-01,1961-07-01,8.867945,365,published-inputs,718
1960-09-01,1961-08-01,8.901918,365,published-inputs,692
1960-10-01,1961-09-01,9.058082,365,published-inputs,541
1960-11-01,1961-10-01,9.117534,365,published-inputs,496
1960-12-01,1961-11-01,9.060000,365,published-inputs,539
1961-01-01,1961-12-01,8.958082,365,published-inputs,634
1961-02-01,1962-01-01,9.034521,365,published-inputs,568
1961-03-01,1962-02-01,8.865753,365,published-inputs,720
1961-04-01,1962-03-01,8.441096,365,published-inputs,1194
1961-05-01,1962-04-01,8.260274,365,published-inputs,1393
1961-06-01,1962-05-01,8.175342,365,published-inputs,1455
1961-07-01,1962-06-01,8.142466,365,published-inputs,1473
1961-08-01,1962-07-01,8.142466,365,published-inputs,1473
1961-09-01,1962-08-01,8.049041,365,published-inputs,1519
1961-10-01,1962-09-01,7.860000,365,published-inputs,1597
1961-11-01,1962-10-01,7.834521,365,published-inputs,1605
1961-12-01,1962-11-01,7.776986,365,published-inputs,1621
1962-01-01,1962-12-01,7.785479,365,published-inputs,1619
1962-02-01,1963-01-01,7.216438,365,published-inputs,1689
1962-03-01,1963-02-01,6.825205,365,published-inputs,1700
1962-04-01,1963-03-01,7.088493,365,published-inputs,1694
1962-05-01,1963-04-01,7.154247,365,published-inputs,1692
1962-06-01,1963-05-01,7.188219,365,published-inputs,1690
1962-07-01,1963-06-01,7.303288,365,published-inputs,1683
1962-08-01,1963-07-01,7.303288,365,published-inputs,1684
1962-09-01,1963-08-01,7.311781,365,published-inputs,1681
1962-10-01,1963-09-01,7.336438,365,published-inputs,1679
1962-11-01,1963-10-01,7.378904,365,published-inputs,1676
1962-12-01,1963-11-01,7.567945,365,published-inputs,1656
1963-01-01,1963-12-01,7.567945,365,published-inputs,1655
1963-02-01,1964-01-01,8.069041,365,published-inputs,1511
1963-03-01,1964-02-01,8.432240,366,published-inputs,1204
1963-04-01,1964-03-01,8.330601,366,published-inputs,1328
1963-05-01,1964-04-01,8.346995,366,published-inputs,1309
1963-06-01,1964-05-01,8.550273,366,published-inputs,1039
1963-07-01,1964-06-01,8.451913,366,published-inputs,1180
1963-08-01,1964-07-01,8.502732,366,published-inputs,1109
1963-09-01,1964-08-01,8.578962,366,published-inputs,1009
1963-10-01,1964-09-01,8.669126,366,published-inputs,914
1963-11-01,1964-10-01,8.499727,366,published-inputs,1117
1963-12-01,1964-11-01,8.475137,366,published-inputs,1149
1964-01-01,1964-12-01,8.559836,366,published-inputs,1025
1964-02-01,1965-01-01,8.542896,366,published-inputs,1053
1964-03-01,1965-02-01,8.448493,365,published-inputs,1185
1964-04-01,1965-03-01,8.499452,365,published-inputs,1118
1964-05-01,1965-04-01,8.458356,365,published-inputs,1171
1964-06-01,1965-05-01,8.330959,365,published-inputs,1327
1964-07-01,1965-06-01,8.355616,365,published-inputs,1298
1964-08-01,1965-07-01,8.236712,365,published-inputs,1410
1964-09-01,1965-08-01,8.219726,365,published-inputs,1425
1964-10-01,1965-09-01,8.047123,365,published-inputs,1521
1964-11-01,1965-10-01,8.233973,365,published-inputs,1413
1964-12-01,1965-11-01,7.995616,365,published-inputs,1542
1965-01-01,1965-12-01,8.106027,365,published-inputs,1491
1965-02-01,1966-01-01,8.063562,365,published-inputs,1513
1965-03-01,1966-02-01,8.270685,365,published-inputs,1383
1965-04-01,1966-03-01,8.372603,365,published-inputs,1275
1965-05-01,1966-04-01,8.315068,365,published-inputs,1344
1965-06-01,1966-05-01,8.289589,365,published-inputs,1370
1965-07-01,1966-06-01,8.363562,365,published-inputs,1285
1965-08-01,1966-07-01,8.423014,365,published-inputs,1216
1965-09-01,1966-08-01,8.397534,365,published-inputs,1235
1965-10-01,1966-09-01,8.553699,365,published-inputs,1032
1965-11-01,1966-10-01,8.468767,365,published-inputs,1155
1965-12-01,1966-11-01,8.534521,365,published-inputs,1062
1966-01-01,1966-12-01,8.610959,365,published-inputs,974
1966-02-01,1967-01-01,8.738356,365,published-inputs,832
1966-03-01,1967-02-01,8.707671,365,published-inputs,870
1966-04-01,1967-03-01,8.724658,365,published-inputs,848
1966-05-01,1967-04-01,8.773973,365,published-inputs,800
1966-06-01,1967-05-01,8.706027,365,published-inputs,872
1966-07-01,1967-06-01,8.640274,365,published-inputs,937
1966-08-01,1967-07-01,8.742192,365,published-inputs,826
1966-09-01,1967-08-01,8.801644,365,published-inputs,776
1966-10-01,1967-09-01,8.776986,365,published-inputs,798
1966-11-01,1967-10-01,8.810959,365,published-inputs,765
1966-12-01,1967-11-01,8.810959,365,published-inputs,765
1967-01-01,1967-12-01,8.709041,365,published-inputs,868
1967-02-01,1968-01-01,8.726027,365,published-inputs,845
1967-03-01,1968-02-01,8.453552,366,published-inputs,1178
1967-04-01,1968-03-01,8.394262,366,published-inputs,1239
1967-05-01,1968-04-01,8.369672,366,published-inputs,1280
1967-06-01,1968-05-01,8.327322,366,published-inputs,1334
1967-07-01,1968-06-01,8.368306,366,published-inputs,1281
1967-08-01,1968-07-01,8.292077,366,published-inputs,1368
1967-09-01,1968-08-01,8.325956,366,published-inputs,1335
1967-10-01,1968-09-01,8.350546,366,published-inputs,1304
1967-11-01,1968-10-01,8.519945,366,published-inputs,1083
1967-12-01,1968-11-01,8.610109,366,published-inputs,975
1968-01-01,1968-12-01,8.500000,366,published-inputs,1116
1968-02-01,1969-01-01,8.550820,366,published-inputs,1038
1968-03-01,1969-02-01,8.509041,365,published-inputs,1100
1968-04-01,1969-03-01,8.322192,365,published-inputs,1338
1968-05-01,1969-04-01,8.313973,365,published-inputs,1346
1968-06-01,1969-05-01,8.415890,365,published-inputs,1220
1968-07-01,1969-06-01,8.358356,365,published-inputs,1293
1968-08-01,1969-07-01,8.443288,365,published-inputs,1190
1968-09-01,1969-08-01,8.451781,365,published-inputs,1181
1968-10-01,1969-09-01,8.443562,365,published-inputs,1188
1968-11-01,1969-10-01,8.477534,365,published-inputs,1148
1968-12-01,1969-11-01,8.387123,365,published-inputs,1254
1969-01-01,1969-12-01,8.387123,365,published-inputs,1252
1969-02-01,1970-01-01,8.276712,365,published-inputs,1379
1969-03-01,1970-02-01,8.430137,365,published-inputs,1206
1969-04-01,1970-03-01,8.438630,365,published-inputs,1200
1969-05-01,1970-04-01,8.356438,365,published-inputs,1296
1969-06-01,1970-05-01,8.492329,365,published-inputs,1127
1969-07-01,1970-06-01,8.673151,365,published-inputs,908
1969-08-01,1970-07-01,8.562740,365,published-inputs,1023
1969-09-01,1970-08-01,8.545753,365,published-inputs,1042
1969-10-01,1970-09-01,8.595068,365,published-inputs,993
1969-11-01,1970-10-01,8.399726,365,published-inputs,1232
1969-12-01,1970-11-01,8.596986,365,published-inputs,989
1970-01-01,1970-12-01,8.673425,365,published-inputs,907
1970-02-01,1971-01-01,8.732877,365,published-inputs,839
1970-03-01,1971-02-01,8.840274,365,published-inputs,742
1970-04-01,1971-03-01,8.950685,365,published-inputs,639
1970-05-01,1971-04-01,9.065753,365,published-inputs,535
1970-06-01,1971-05-01,8.980822,365,published-inputs,618
1970-07-01,1971-06-01,8.701370,365,published-inputs,878
1970-08-01,1971-07-01,8.871233,365,published-inputs,717
1970-09-01,1971-08-01,8.854247,365,published-inputs,733
1970-10-01,1971-09-01,8.887123,365,published-inputs,701
1970-11-01,1971-10-01,8.972055,365,published-inputs,624
1970-12-01,1971-11-01,8.856986,365,published-inputs,731
1971-01-01,1971-12-01,9.043836,365,published-inputs,558
1971-02-01,1972-01-01,8.975890,365,published-inputs,619
1971-03-01,1972-02-01,8.938525,366,published-inputs,652
1971-04-01,1972-03-01,9.040164,366,published-inputs,562
1971-05-01,1972-04-01,9.056557,366,published-inputs,543
1971-06-01,1972-05-01,8.929508,366,published-inputs,666
1971-07-01,1972-06-01,8.814754,366,published-inputs,760
1971-08-01,1972-07-01,8.704645,366,published-inputs,873
1971-09-01,1972-08-01,8.645355,366,published-inputs,931
1971-10-01,1972-09-01,8.399454,366,published-inputs,1233
1971-11-01,1972-10-01,8.297814,366,published-inputs,1364
1971-12-01,1972-11-01,8.297814,366,published-inputs,1364
1972-01-01,1972-12-01,8.255464,366,published-inputs,1399
1972-02-01,1973-01-01,8.314754,366,published-inputs,1345
1972-03-01,1973-02-01,8.350411,365,published-inputs,1305
1972-04-01,1973-03-01,8.316438,365,published-inputs,1343
1972-05-01,1973-04-01,8.226027,365,published-inputs,1420
1972-06-01,1973-05-01,8.336438,365,published-inputs,1322
1972-07-01,1973-06-01,8.607671,365,published-inputs,979
1972-08-01,1973-07-01,8.599178,365,published-inputs,987
1972-09-01,1973-08-01,8.743562,365,published-inputs,825
1972-10-01,1973-09-01,8.940822,365,published-inputs,651
1972-11-01,1973-10-01,8.864384,365,published-inputs,722
1972-12-01,1973-11-01,8.889041,365,published-inputs,699
1973-01-01,1973-12-01,8.821096,365,published-inputs,757
1973-02-01,1974-01-01,8.923014,365,published-inputs,676
1973-03-01,1974-02-01,8.984384,365,published-inputs,614
1973-04-01,1974-03-01,8.941918,365,published-inputs,647
1973-05-01,1974-04-01,9.056986,365,published-inputs,542
1973-06-01,1974-05-01,8.997534,365,published-inputs,602
1973-07-01,1974-06-01,8.923562,365,published-inputs,675
1973-08-01,1974-07-01,8.864110,365,published-inputs,724
1973-09-01,1974-08-01,8.702740,365,published-inputs,876
1973-10-01,1974-09-01,8.505479,365,published-inputs,1107
1973-11-01,1974-10-01,8.378082,365,published-inputs,1268
1973-12-01,1974-11-01,8.353425,365,published-inputs,1302
1974-01-01,1974-12-01,8.557260,365,published-inputs,1028
1974-02-01,1975-01-01,8.616712,365,published-inputs,962
1974-03-01,1975-02-01,8.570685,365,published-inputs,1017
1974-04-01,1975-03-01,8.511233,365,published-inputs,1096
1974-05-01,1975-04-01,8.486575,365,published-inputs,1132
1974-06-01,1975-05-01,8.452603,365,published-inputs,1179
1974-07-01,1975-06-01,8.543014,365,published-inputs,1051
1974-08-01,1975-07-01,8.738356,365,published-inputs,832
1974-09-01,1975-08-01,8.993151,365,published-inputs,605
1974-10-01,1975-09-01,9.091781,365,published-inputs,510
1974-11-01,1975-10-01,9.270137,365,published-inputs,403
1974-12-01,1975-11-01,9.270137,365,published-inputs,403
1975-01-01,1975-12-01,9.083288,365,published-inputs,515
1975-02-01,1976-01-01,8.998356,365,published-inputs,600
1975-03-01,1976-02-01,8.945628,366,published-inputs,644
1975-04-01,1976-03-01,8.937158,366,published-inputs,655
1975-05-01,1976-04-01,8.928962,366,published-inputs,667
1975-06-01,1976-05-01,9.030601,366,published-inputs,576
1975-07-01,1976-06-01,9.137158,366,published-inputs,487
1975-08-01,1976-07-01,9.187978,366,published-inputs,449
1975-09-01,1976-08-01,9.179508,366,published-inputs,455
1975-10-01,1976-09-01,9.187705,366,published-inputs,452
1975-11-01,1976-10-01,9.179235,366,published-inputs,456
1975-12-01,1976-11-01,9.162842,366,published-inputs,463
1976-01-01,1976-12-01,8.900273,366,published-inputs,695
1976-02-01,1977-01-01,8.663115,366,published-inputs,916
1976-03-01,1977-02-01,8.745753,365,published-inputs,821
1976-04-01,1977-03-01,8.932603,365,published-inputs,661
1976-05-01,1977-04-01,8.850411,365,published-inputs,736
1976-06-01,1977-05-01,8.790959,365,published-inputs,785
1976-07-01,1977-06-01,8.511507,365,published-inputs,1095
1976-08-01,1977-07-01,8.384110,365,published-inputs,1260
1976-09-01,1977-08-01,8.197260,365,published-inputs,1440
1976-10-01,1977-09-01,8.189041,365,published-inputs,1447
1976-11-01,1977-10-01,8.341918,365,published-inputs,1315
1976-12-01,1977-11-01,8.325479,365,published-inputs,1336
1977-01-01,1977-12-01,8.639726,365,published-inputs,940
1977-02-01,1978-01-01,8.716164,365,published-inputs,860
1977-03-01,1978-02-01,8.524384,365,published-inputs,1078
1977-04-01,1978-03-01,8.481918,365,published-inputs,1141
1977-05-01,1978-04-01,8.440822,365,published-inputs,1195
1977-06-01,1978-05-01,8.525753,365,published-inputs,1076
1977-07-01,1978-06-01,8.591507,365,published-inputs,997
1977-08-01,1978-07-01,8.455616,365,published-inputs,1176
1977-09-01,1978-08-01,8.413151,365,published-inputs,1223
1977-10-01,1978-09-01,8.478904,365,published-inputs,1146
1977-11-01,1978-10-01,8.495890,365,published-inputs,1124
1977-12-01,1978-11-01,8.684932,365,published-inputs,896
1978-01-01,1978-12-01,8.540548,365,published-inputs,1054
1978-02-01,1979-01-01,8.285753,365,published-inputs,1373
1978-03-01,1979-02-01,8.178356,365,published-inputs,1451
1978-04-01,1979-03-01,8.008493,365,published-inputs,1535
1978-05-01,1979-04-01,8.090685,365,published-inputs,1497
1978-06-01,1979-05-01,7.878356,365,published-inputs,1592
1978-07-01,1979-06-01,7.894795,365,published-inputs,1582
1978-08-01,1979-07-01,7.996712,365,published-inputs,1541
1978-09-01,1979-08-01,7.971233,365,published-inputs,1556
1978-10-01,1979-09-01,7.913699,365,published-inputs,1577
1978-11-01,1979-10-01,7.837260,365,published-inputs,1601
1978-12-01,1979-11-01,7.730411,365,published-inputs,1629
1979-01-01,1979-12-01,7.849315,365,published-inputs,1598
1979-02-01,1980-01-01,7.993699,365,published-inputs,1543
1979-03-01,1980-02-01,8.346175,366,published-inputs,1310
1979-04-01,1980-03-01,8.380055,366,published-inputs,1264
1979-05-01,1980-04-01,8.470219,366,published-inputs,1153
1979-06-01,1980-05-01,8.656557,366,published-inputs,924
1979-07-01,1980-06-01,8.648361,366,published-inputs,929
1979-08-01,1980-07-01,8.555191,366,published-inputs,1031
1979-09-01,1980-08-01,8.639891,366,published-inputs,939
1979-10-01,1980-09-01,8.754645,366,published-inputs,817
1979-11-01,1980-10-01,8.576776,366,published-inputs,1015
1979-12-01,1980-11-01,8.519399,366,published-inputs,1086
1980-01-01,1980-12-01,8.510929,366,published-inputs,1097
1980-02-01,1981-01-01,8.722678,366,published-inputs,853
1980-03-01,1981-02-01,8.516986,365,published-inputs,1091
1980-04-01,1981-03-01,8.763288,365,published-inputs,812
1980-05-01,1981-04-01,8.722192,365,published-inputs,854
1980-06-01,1981-05-01,8.696712,365,published-inputs,884
1980-07-01,1981-06-01,8.672055,365,published-inputs,910
1980-08-01,1981-07-01,8.731507,365,published-inputs,841
1980-09-01,1981-08-01,8.799452,365,published-inputs,779
1980-10-01,1981-09-01,8.783014,365,published-inputs,794
1980-11-01,1981-10-01,8.723562,365,published-inputs,850
1980-12-01,1981-11-01,8.830411,365,published-inputs,747
1981-01-01,1981-12-01,8.456712,365,published-inputs,1175
1981-02-01,1982-01-01,8.312329,365,published-inputs,1350
1981-03-01,1982-02-01,8.458082,365,published-inputs,1172
1981-04-01,1982-03-01,8.313699,365,published-inputs,1349
1981-05-01,1982-04-01,8.338356,365,published-inputs,1318
1981-06-01,1982-05-01,8.355342,365,published-inputs,1299
1981-07-01,1982-06-01,8.527945,365,published-inputs,1071
1981-08-01,1982-07-01,8.612877,365,published-inputs,970
1981-09-01,1982-08-01,8.536438,365,published-inputs,1058
1981-10-01,1982-09-01,8.520000,365,published-inputs,1082
1981-11-01,1982-10-01,8.681370,365,published-inputs,899
1981-12-01,1982-11-01,8.689589,365,published-inputs,890
1982-01-01,1982-12-01,8.969863,365,published-inputs,625
1982-02-01,1983-01-01,9.241644,365,published-inputs,422
1982-03-01,1983-02-01,9.003836,365,published-inputs,595
1982-04-01,1983-03-01,9.046301,365,published-inputs,554
1982-05-01,1983-04-01,8.890137,365,published-inputs,698
1982-06-01,1983-05-01,8.788219,365,published-inputs,787
1982-07-01,1983-06-01,8.689589,365,published-inputs,889
1982-08-01,1983-07-01,8.918904,365,published-inputs,681
1982-09-01,1983-08-01,9.071781,365,published-inputs,527
1982-10-01,1983-09-01,9.038904,365,published-inputs,564
1982-11-01,1983-10-01,9.055890,365,published-inputs,544
1982-12-01,1983-11-01,9.023014,365,published-inputs,584
1983-01-01,1983-12-01,9.158904,365,published-inputs,469
1983-02-01,1984-01-01,8.946575,365,published-inputs,641
1983-03-01,1984-02-01,9.068579,366,published-inputs,529
1983-04-01,1984-03-01,8.916120,366,published-inputs,682
1983-05-01,1984-04-01,9.080055,366,published-inputs,518
1983-06-01,1984-05-01,9.088525,366,published-inputs,512
1983-07-01,1984-06-01,9.113115,366,published-inputs,499
1983-08-01,1984-07-01,8.909836,366,published-inputs,688
1983-09-01,1984-08-01,8.935246,366,published-inputs,658
1983-10-01,1984-09-01,8.935246,366,published-inputs,658
1983-11-01,1984-10-01,8.986066,366,published-inputs,609
1983-12-01,1984-11-01,8.986066,366,published-inputs,609
1984-01-01,1984-12-01,8.926776,366,published-inputs,670
1984-02-01,1985-01-01,8.698087,366,published-inputs,879
1984-03-01,1985-02-01,8.636438,365,published-inputs,942
1984-04-01,1985-03-01,8.636438,365,published-inputs,942
1984-05-01,1985-04-01,8.620000,365,published-inputs,958
1984-06-01,1985-05-01,8.679452,365,published-inputs,903
1984-07-01,1985-06-01,8.531507,365,published-inputs,1066
1984-08-01,1985-07-01,8.472055,365,published-inputs,1150
1984-09-01,1985-08-01,8.217260,365,published-inputs,1427
1984-10-01,1985-09-01,8.299452,365,published-inputs,1361
1984-11-01,1985-10-01,8.265479,365,published-inputs,1389
1984-12-01,1985-11-01,8.018904,365,published-inputs,1533
1985-01-01,1985-12-01,8.086849,365,published-inputs,1499
1985-02-01,1986-01-01,8.307671,365,published-inputs,1352
1985-03-01,1986-02-01,8.023836,365,published-inputs,1529
1985-04-01,1986-03-01,8.057808,365,published-inputs,1517
1985-05-01,1986-04-01,7.835890,365,published-inputs,1603
1985-06-01,1986-05-01,7.835890,365,published-inputs,1602
1985-07-01,1986-06-01,8.024932,365,published-inputs,1527
1985-08-01,1986-07-01,7.982466,365,published-inputs,1549
1985-09-01,1986-08-01,7.889041,365,published-inputs,1587
1985-10-01,1986-09-01,7.609589,365,published-inputs,1651
1985-11-01,1986-10-01,7.626575,365,published-inputs,1649
1985-12-01,1986-11-01,7.889589,365,published-inputs,1585
1986-01-01,1986-12-01,7.889589,365,published-inputs,1585
1986-02-01,1987-01-01,7.677260,365,published-inputs,1640
1986-03-01,1987-02-01,8.030137,365,published-inputs,1525
1986-04-01,1987-03-01,7.979178,365,published-inputs,1551
1986-05-01,1987-04-01,8.349041,365,published-inputs,1307
1986-06-01,1987-05-01,8.298082,365,published-inputs,1363
1986-07-01,1987-06-01,8.109041,365,published-inputs,1488
1986-08-01,1987-07-01,8.143014,365,published-inputs,1472
1986-09-01,1987-08-01,8.329863,365,published-inputs,1331
1986-10-01,1987-09-01,8.527123,365,published-inputs,1073
1986-11-01,1987-10-01,8.425205,365,published-inputs,1212
1986-12-01,1987-11-01,8.351233,365,published-inputs,1303
1987-01-01,1987-12-01,8.283288,365,published-inputs,1375
1987-02-01,1988-01-01,8.640000,365,published-inputs,938
1987-03-01,1988-02-01,8.719945,366,published-inputs,855
1987-04-01,1988-03-01,8.880874,366,published-inputs,705
1987-05-01,1988-04-01,8.741530,366,published-inputs,827
1987-06-01,1988-05-01,8.860109,366,published-inputs,728
1987-07-01,1988-06-01,9.040437,366,published-inputs,561
1987-08-01,1988-07-01,8.930328,366,published-inputs,665
1987-09-01,1988-08-01,8.862568,366,published-inputs,727
1987-10-01,1988-09-01,8.813388,366,published-inputs,763
1987-11-01,1988-10-01,8.881148,366,published-inputs,704
1987-12-01,1988-11-01,8.799180,366,published-inputs,780
1988-01-01,1988-12-01,8.985519,366,published-inputs,611
1988-02-01,1989-01-01,9.061749,366,published-inputs,538
1988-03-01,1989-02-01,9.159178,365,published-inputs,468
1988-04-01,1989-03-01,9.218630,365,published-inputs,438
1988-05-01,1989-04-01,9.062466,365,published-inputs,537
1988-06-01,1989-05-01,9.181370,365,published-inputs,454
1988-07-01,1989-06-01,9.140274,365,published-inputs,482
1988-08-01,1989-07-01,9.429041,365,published-inputs,325
1988-09-01,1989-08-01,9.547945,365,published-inputs,271
1988-10-01,1989-09-01,9.638356,365,published-inputs,227
1988-11-01,1989-10-01,9.748767,365,published-inputs,160
1988-12-01,1989-11-01,9.847397,365,published-inputs,121
1989-01-01,1989-12-01,9.575616,365,published-inputs,264
1989-02-01,1990-01-01,9.592603,365,published-inputs,252
1989-03-01,1990-02-01,9.692329,365,published-inputs,193
1989-04-01,1990-03-01,9.777260,365,published-inputs,144
1989-05-01,1990-04-01,9.900548,365,published-inputs,105
1989-06-01,1990-05-01,9.883562,365,published-inputs,110
1989-07-01,1990-06-01,9.817808,365,published-inputs,128
1989-08-01,1990-07-01,9.741370,365,published-inputs,164
1989-09-01,1990-08-01,9.860274,365,published-inputs,117
1989-10-01,1990-09-01,9.761644,365,published-inputs,151
1989-11-01,1990-10-01,9.770137,365,published-inputs,149
1989-12-01,1990-11-01,9.745479,365,published-inputs,162
1990-01-01,1990-12-01,9.736986,365,published-inputs,167
1990-02-01,1991-01-01,9.448219,365,published-inputs,316
1990-03-01,1991-02-01,9.033973,365,published-inputs,572
1990-04-01,1991-03-01,8.983014,365,published-inputs,616
1990-05-01,1991-04-01,8.983014,365,published-inputs,616
1990-06-01,1991-05-01,8.838630,365,published-inputs,745
1990-07-01,1991-06-01,8.723562,365,published-inputs,850
1990-08-01,1991-07-01,8.715068,365,published-inputs,861
1990-09-01,1991-08-01,8.630137,365,published-inputs,950
1990-10-01,1991-09-01,8.769863,365,published-inputs,803
1990-11-01,1991-10-01,8.616986,365,published-inputs,961
1990-12-01,1991-11-01,8.625205,365,published-inputs,954
1991-01-01,1991-12-01,8.684658,365,published-inputs,897
1991-02-01,1992-01-01,8.735616,365,published-inputs,837
1991-03-01,1992-02-01,9.024317,366,published-inputs,581
1991-04-01,1992-03-01,8.998907,366,published-inputs,599
1991-05-01,1992-04-01,9.048087,366,published-inputs,551
1991-06-01,1992-05-01,9.234426,366,published-inputs,431
1991-07-01,1992-06-01,9.504918,366,published-inputs,285
1991-08-01,1992-07-01,9.445628,366,published-inputs,317
1991-09-01,1992-08-01,9.301639,366,published-inputs,391
1991-10-01,1992-09-01,9.178689,366,published-inputs,457
1991-11-01,1992-10-01,9.000820,366,published-inputs,598
1991-12-01,1992-11-01,9.066393,366,published-inputs,533
1992-01-01,1992-12-01,8.973224,366,published-inputs,622
1992-02-01,1993-01-01,9.159563,366,published-inputs,467
1992-03-01,1993-02-01,9.124384,365,published-inputs,493
1992-04-01,1993-03-01,9.064932,365,published-inputs,536
1992-05-01,1993-04-01,9.138904,365,published-inputs,484
1992-06-01,1993-05-01,8.969041,365,published-inputs,626
1992-07-01,1993-06-01,8.927945,365,published-inputs,668
1992-08-01,1993-07-01,8.826027,365,published-inputs,751
1992-09-01,1993-08-01,8.775068,365,published-inputs,799
1992-10-01,1993-09-01,8.717534,365,published-inputs,857
1992-11-01,1993-10-01,8.726027,365,published-inputs,846
1992-12-01,1993-11-01,8.512329,365,published-inputs,1093
1993-01-01,1993-12-01,8.648219,365,published-inputs,930
1993-02-01,1994-01-01,8.588767,365,published-inputs,1003
1993-03-01,1994-02-01,8.450685,365,published-inputs,1183
1993-04-01,1994-03-01,8.518630,365,published-inputs,1087
1993-05-01,1994-04-01,8.387123,365,published-inputs,1252
1993-06-01,1994-05-01,8.344658,365,published-inputs,1311
1993-07-01,1994-06-01,8.254247,365,published-inputs,1401
1993-08-01,1994-07-01,8.407123,365,published-inputs,1226
1993-09-01,1994-08-01,8.509041,365,published-inputs,1101
1993-10-01,1994-09-01,8.533699,365,published-inputs,1063
1993-11-01,1994-10-01,8.737534,365,published-inputs,835
1993-12-01,1994-11-01,9.164932,365,published-inputs,462
1994-01-01,1994-12-01,9.266849,365,published-inputs,408
1994-02-01,1995-01-01,9.258356,365,published-inputs,413
1994-03-01,1995-02-01,9.496164,365,published-inputs,288
1994-04-01,1995-03-01,9.334795,365,published-inputs,371
1994-05-01,1995-04-01,9.416986,365,published-inputs,333
1994-06-01,1995-05-01,9.467945,365,published-inputs,305
1994-07-01,1995-06-01,9.517260,365,published-inputs,280
1994-08-01,1995-07-01,9.627671,365,published-inputs,234
1994-09-01,1995-08-01,9.933425,365,published-inputs,91
1994-10-01,1995-09-01,9.999178,365,published-inputs,76
1994-11-01,1995-10-01,10.228493,365,published-inputs,40
1994-12-01,1995-11-01,10.023014,365,published-inputs,69
1995-01-01,1995-12-01,9.666301,365,published-inputs,211
1995-02-01,1996-01-01,9.615342,365,published-inputs,239
1995-03-01,1996-02-01,9.304098,366,published-inputs,389
1995-04-01,1996-03-01,9.261749,366,published-inputs,410
1995-05-01,1996-04-01,9.220765,366,published-inputs,437
1995-06-01,1996-05-01,9.025956,366,published-inputs,577
1995-07-01,1996-06-01,8.993169,366,published-inputs,604
1995-08-01,1996-07-01,8.823770,366,published-inputs,752
1995-09-01,1996-08-01,8.569672,366,published-inputs,1018
1995-10-01,1996-09-01,8.586066,366,published-inputs,1004
1995-11-01,1996-10-01,8.459016,366,published-inputs,1170
1995-12-01,1996-11-01,8.344262,366,published-inputs,1312
1996-01-01,1996-12-01,8.386612,366,published-inputs,1255
1996-02-01,1997-01-01,8.217213,366,published-inputs,1428
1996-03-01,1997-02-01,8.517808,365,published-inputs,1090
1996-04-01,1997-03-01,8.781096,365,published-inputs,795
1996-05-01,1997-04-01,8.855068,365,published-inputs,732
1996-06-01,1997-05-01,9.075890,365,published-inputs,523
1996-07-01,1997-06-01,9.075890,365,published-inputs,524
1996-08-01,1997-07-01,9.101370,365,published-inputs,504
1996-09-01,1997-08-01,9.296712,365,published-inputs,394
1996-10-01,1997-09-01,9.329589,365,published-inputs,372
1996-11-01,1997-10-01,9.236164,365,published-inputs,426
1996-12-01,1997-11-01,9.441644,365,published-inputs,319
1997-01-01,1997-12-01,9.687945,365,published-inputs,197
1997-02-01,1998-01-01,9.908767,365,published-inputs,100
1997-03-01,1998-02-01,9.985479,365,published-inputs,80
1997-04-01,1998-03-01,9.993973,365,published-inputs,78
1997-05-01,1998-04-01,9.862466,365,published-inputs,115
1997-06-01,1998-05-01,9.981370,365,published-inputs,81
1997-07-01,1998-06-01,9.997808,365,published-inputs,77
1997-08-01,1998-07-01,9.904384,365,published-inputs,102
1997-09-01,1998-08-01,9.683562,365,published-inputs,202
1997-10-01,1998-09-01,9.724658,365,published-inputs,172
1997-11-01,1998-10-01,9.733151,365,published-inputs,168
1997-12-01,1998-11-01,9.560548,365,published-inputs,265
1998-01-01,1998-12-01,9.543562,365,published-inputs,274
1998-02-01,1999-01-01,9.586027,365,published-inputs,260
1998-03-01,1999-02-01,9.440274,365,published-inputs,321
1998-04-01,1999-03-01,9.355342,365,published-inputs,363
1998-05-01,1999-04-01,9.495068,365,published-inputs,289
1998-06-01,1999-05-01,9.469589,365,published-inputs,301
1998-07-01,1999-06-01,9.428493,365,published-inputs,326
1998-08-01,1999-07-01,9.606849,365,published-inputs,245
1998-09-01,1999-08-01,9.649315,365,published-inputs,223
1998-10-01,1999-09-01,9.682192,365,published-inputs,204
1998-11-01,1999-10-01,9.699178,365,published-inputs,186
1998-12-01,1999-11-01,9.789589,365,published-inputs,138
1999-01-01,1999-12-01,9.747123,365,published-inputs,161
1999-02-01,2000-01-01,9.679178,365,published-inputs,208
1999-03-01,2000-02-01,9.721585,366,published-inputs,175
1999-04-01,2000-03-01,9.730055,366,published-inputs,170
1999-05-01,2000-04-01,9.590710,366,published-inputs,254
1999-06-01,2000-05-01,9.522951,366,published-inputs,279
1999-07-01,2000-06-01,9.613115,366,published-inputs,243
1999-08-01,2000-07-01,9.469126,366,published-inputs,302
1999-09-01,2000-08-01,9.469126,366,published-inputs,302
1999-10-01,2000-09-01,9.444536,366,published-inputs,318
1999-11-01,2000-10-01,9.393716,366,published-inputs,345
1999-12-01,2000-11-01,9.328142,366,published-inputs,373
2000-01-01,2000-12-01,9.370492,366,published-inputs,353
2000-02-01,2001-01-01,9.260383,366,published-inputs,411
2000-03-01,2001-02-01,9.140000,365,published-inputs,483
2000-04-01,2001-03-01,8.961644,365,published-inputs,633
2000-05-01,2001-04-01,8.953425,365,published-inputs,637
2000-06-01,2001-05-01,8.995890,365,published-inputs,603
2000-07-01,2001-06-01,8.946575,365,published-inputs,641
2000-08-01,2001-07-01,9.006027,365,published-inputs,593
2000-09-01,2001-08-01,9.006027,365,published-inputs,593
2000-10-01,2001-09-01,8.915616,365,published-inputs,683
2000-11-01,2001-10-01,9.161918,365,published-inputs,464
2000-12-01,2001-11-01,9.235890,365,published-inputs,427
2001-01-01,2001-12-01,9.083014,365,published-inputs,516
2001-02-01,2002-01-01,9.286849,365,published-inputs,399
2001-03-01,2002-02-01,9.463288,365,published-inputs,309
2001-04-01,2002-03-01,9.667123,365,published-inputs,210
2001-05-01,2002-04-01,9.782192,365,published-inputs,142
2001-06-01,2002-05-01,9.714247,365,published-inputs,176
2001-07-01,2002-06-01,9.689589,365,published-inputs,196
2001-08-01,2002-07-01,9.604658,365,published-inputs,248
2001-09-01,2002-08-01,9.613151,365,published-inputs,242
2001-10-01,2002-09-01,9.654247,365,published-inputs,219
2001-11-01,2002-10-01,9.407945,365,published-inputs,337
2001-12-01,2002-11-01,9.490137,365,published-inputs,292
2002-01-01,2002-12-01,9.634521,365,published-inputs,230
2002-02-01,2003-01-01,9.515616,365,published-inputs,281
2002-03-01,2003-02-01,9.316164,365,published-inputs,380
2002-04-01,2003-03-01,9.324658,365,published-inputs,375
2002-05-01,2003-04-01,9.415068,365,published-inputs,334
2002-06-01,2003-05-01,9.406575,365,published-inputs,339
2002-07-01,2003-06-01,9.546301,365,published-inputs,272
2002-08-01,2003-07-01,9.690685,365,published-inputs,194
2002-09-01,2003-08-01,9.809589,365,published-inputs,131
2002-10-01,2003-09-01,9.809589,365,published-inputs,131
2002-11-01,2003-10-01,9.707671,365,published-inputs,181
2002-12-01,2003-11-01,9.650137,365,published-inputs,222
2003-01-01,2003-12-01,9.616164,365,published-inputs,238
2003-02-01,2004-01-01,9.684110,365,published-inputs,201
2003-03-01,2004-02-01,9.738798,366,published-inputs,166
2003-04-01,2004-03-01,9.637158,366,published-inputs,228
2003-05-01,2004-04-01,9.579781,366,published-inputs,262
2003-06-01,2004-05-01,9.613661,366,published-inputs,241
2003-07-01,2004-06-01,9.589071,366,published-inputs,257
2003-08-01,2004-07-01,9.453552,366,published-inputs,315
2003-09-01,2004-08-01,9.411202,366,published-inputs,335
2003-10-01,2004-09-01,9.468579,366,published-inputs,304
2003-11-01,2004-10-01,9.587158,366,published-inputs,258
2003-12-01,2004-11-01,9.578962,366,published-inputs,263
2004-01-01,2004-12-01,9.655191,366,published-inputs,218
2004-02-01,2005-01-01,9.739891,366,published-inputs,165
2004-03-01,2005-02-01,9.700548,365,published-inputs,185
2004-04-01,2005-03-01,9.776986,365,published-inputs,145
2004-05-01,2005-04-01,9.744110,365,published-inputs,163
2004-06-01,2005-05-01,9.684658,365,published-inputs,200
2004-07-01,2005-06-01,9.692877,365,published-inputs,191
2004-08-01,2005-07-01,9.794795,365,published-inputs,135
2004-09-01,2005-08-01,9.692877,365,published-inputs,191
2004-10-01,2005-09-01,9.709315,365,published-inputs,179
2004-11-01,2005-10-01,9.913151,365,published-inputs,97
2004-12-01,2005-11-01,9.773425,365,published-inputs,146
2005-01-01,2005-12-01,9.696986,365,published-inputs,187
2005-02-01,2006-01-01,9.527123,365,published-inputs,278
2005-03-01,2006-02-01,9.496438,365,published-inputs,287
2005-04-01,2006-03-01,9.309589,365,published-inputs,385
2005-05-01,2006-04-01,9.293151,365,published-inputs,396
2005-06-01,2006-05-01,9.361096,365,published-inputs,360
2005-07-01,2006-06-01,9.402192,365,published-inputs,343
2005-08-01,2006-07-01,9.597534,365,published-inputs,249
2005-09-01,2006-08-01,9.606027,365,published-inputs,247
2005-10-01,2006-09-01,9.704658,365,published-inputs,182
2005-11-01,2006-10-01,9.696164,365,published-inputs,190
2005-12-01,2006-11-01,9.835890,365,published-inputs,124
2006-01-01,2006-12-01,9.946301,365,published-inputs,89
2006-02-01,2007-01-01,10.167123,365,published-inputs,50
2006-03-01,2007-02-01,10.320548,365,published-inputs,25
2006-04-01,2007-03-01,10.490411,365,published-inputs,10
2006-05-01,2007-04-01,10.695890,365,published-inputs,1
2006-06-01,2007-05-01,10.687397,365,published-inputs,2
2006-07-01,2007-06-01,10.646301,365,published-inputs,3
2006-08-01,2007-07-01,10.315068,365,published-inputs,26
2006-09-01,2007-08-01,10.264110,365,published-inputs,36
2006-10-01,2007-09-01,10.083288,365,published-inputs,60
2006-11-01,2007-10-01,9.955890,365,published-inputs,85
2006-12-01,2007-11-01,9.947671,365,published-inputs,87
2007-01-01,2007-12-01,9.854247,365,published-inputs,118
2007-02-01,2008-01-01,9.828767,365,published-inputs,126
2007-03-01,2008-02-01,9.792896,366,published-inputs,137
2007-04-01,2008-03-01,9.725137,366,published-inputs,171
2007-05-01,2008-04-01,9.462842,366,published-inputs,310
2007-06-01,2008-05-01,9.606831,366,published-inputs,246
2007-07-01,2008-06-01,9.492077,366,published-inputs,291
2007-08-01,2008-07-01,9.593716,366,published-inputs,251
2007-09-01,2008-08-01,9.636066,366,published-inputs,229
2007-10-01,2008-09-01,9.586885,366,published-inputs,259
2007-11-01,2008-10-01,9.485246,366,published-inputs,295
2007-12-01,2008-11-01,9.436066,366,published-inputs,323
2008-01-01,2008-12-01,9.300546,366,published-inputs,392
2008-02-01,2009-01-01,9.012568,366,published-inputs,588
2008-03-01,2009-02-01,8.931233,365,published-inputs,662
2008-04-01,2009-03-01,8.973699,365,published-inputs,621
2008-05-01,2009-04-01,9.096986,365,published-inputs,508
2008-06-01,2009-05-01,8.935616,365,published-inputs,656
2008-07-01,2009-06-01,9.034247,365,published-inputs,570
2008-08-01,2009-07-01,9.017260,365,published-inputs,585
2008-09-01,2009-08-01,9.025753,365,published-inputs,578
2008-10-01,2009-09-01,9.066849,365,published-inputs,531
2008-11-01,2009-10-01,9.211233,365,published-inputs,439
2008-12-01,2009-11-01,9.309863,365,published-inputs,384
2009-01-01,2009-12-01,9.267397,365,published-inputs,406
2009-02-01,2010-01-01,9.131507,365,published-inputs,488
2009-03-01,2010-02-01,9.024110,365,published-inputs,583
2009-04-01,2010-03-01,8.930685,365,published-inputs,663
2009-05-01,2010-04-01,8.873151,365,published-inputs,714
2009-06-01,2010-05-01,8.805205,365,published-inputs,772
2009-07-01,2010-06-01,8.821644,365,published-inputs,756
2009-08-01,2010-07-01,8.864110,365,published-inputs,724
2009-09-01,2010-08-01,8.787671,365,published-inputs,789
2009-10-01,2010-09-01,8.795890,365,published-inputs,783
2009-11-01,2010-10-01,8.693973,365,published-inputs,887
2009-12-01,2010-11-01,8.414521,365,published-inputs,1222
2010-01-01,2010-12-01,8.125753,365,published-inputs,1481
2010-02-01,2011-01-01,8.287123,365,published-inputs,1371
2010-03-01,2011-02-01,8.555616,365,published-inputs,1030
2010-04-01,2011-03-01,8.640548,365,published-inputs,936
2010-05-01,2011-04-01,8.878904,365,published-inputs,707
2010-06-01,2011-05-01,8.972329,365,published-inputs,623
2010-07-01,2011-06-01,8.840822,365,published-inputs,741
2010-08-01,2011-07-01,8.730411,365,published-inputs,842
2010-09-01,2011-08-01,8.730411,365,published-inputs,842
2010-10-01,2011-09-01,8.804384,365,published-inputs,774
2010-11-01,2011-10-01,8.974247,365,published-inputs,620
2010-12-01,2011-11-01,9.335890,365,published-inputs,370
2011-01-01,2011-12-01,9.896438,365,published-inputs,106
2011-02-01,2012-01-01,10.091781,365,published-inputs,59
2011-03-01,2012-02-01,9.930055,366,published-inputs,93
2011-04-01,2012-03-01,10.082514,366,published-inputs,62
2011-05-01,2012-04-01,9.721858,366,published-inputs,174
2011-06-01,2012-05-01,9.696448,366,published-inputs,188
2011-07-01,2012-06-01,9.704645,366,published-inputs,183
2011-08-01,2012-07-01,9.704645,366,published-inputs,183
2011-09-01,2012-08-01,9.814754,366,published-inputs,129
2011-10-01,2012-09-01,9.650820,366,published-inputs,221
2011-11-01,2012-10-01,9.422131,366,published-inputs,330
2011-12-01,2012-11-01,9.176230,366,published-inputs,460
2012-01-01,2012-12-01,9.066120,366,published-inputs,534
2012-02-01,2013-01-01,8.922131,366,published-inputs,677
2012-03-01,2013-02-01,8.850959,365,published-inputs,735
2012-04-01,2013-03-01,8.392329,365,published-inputs,1242
2012-05-01,2013-04-01,8.384110,365,published-inputs,1261
2012-06-01,2013-05-01,8.248219,365,published-inputs,1404
2012-07-01,2013-06-01,8.256438,365,published-inputs,1398
2012-08-01,2013-07-01,8.519726,365,published-inputs,1084
2012-09-01,2013-08-01,8.528219,365,published-inputs,1070
2012-10-01,2013-09-01,8.626849,365,published-inputs,953
2012-11-01,2013-10-01,8.864658,365,published-inputs,721
2012-12-01,2013-11-01,8.872877,365,published-inputs,715
2013-01-01,2013-12-01,8.991781,365,published-inputs,607
2013-02-01,2014-01-01,9.127671,365,published-inputs,490
2013-03-01,2014-02-01,9.311781,365,published-inputs,383
2013-04-01,2014-03-01,9.685479,365,published-inputs,198
2013-05-01,2014-04-01,9.915616,365,published-inputs,96
2013-06-01,2014-05-01,10.093973,365,published-inputs,58
2013-07-01,2014-06-01,10.200822,365,published-inputs,45
2013-08-01,2014-07-01,10.107397,365,published-inputs,57
2013-09-01,2014-08-01,9.980000,365,published-inputs,82
2013-10-01,2014-09-01,10.062192,365,published-inputs,65
2013-11-01,2014-10-01,10.036712,365,published-inputs,68
2013-12-01,2014-11-01,10.168219,365,published-inputs,49
2014-01-01,2014-12-01,10.083288,365,published-inputs,61
2014-02-01,2015-01-01,10.006849,365,published-inputs,72
2014-03-01,2015-02-01,9.861096,365,published-inputs,116
2014-04-01,2015-03-01,9.750685,365,published-inputs,159
2014-05-01,2015-04-01,9.684932,365,published-inputs,199
2014-06-01,2015-05-01,9.557534,365,published-inputs,266
2014-07-01,2015-06-01,9.467123,365,published-inputs,306
2014-08-01,2015-07-01,9.314247,365,published-inputs,382
2014-09-01,2015-08-01,9.348219,365,published-inputs,365
2014-10-01,2015-09-01,9.150959,365,published-inputs,476
2014-11-01,2015-10-01,9.032055,365,published-inputs,575
2014-12-01,2015-11-01,9.138904,365,published-inputs,485
2015-01-01,2015-12-01,9.470137,365,published-inputs,300
2015-02-01,2016-01-01,9.555068,365,published-inputs,267
2015-03-01,2016-02-01,9.609836,366,published-inputs,244
2015-04-01,2016-03-01,9.584426,366,published-inputs,261
2015-05-01,2016-04-01,9.461475,366,published-inputs,312
2015-06-01,2016-05-01,9.630874,366,published-inputs,231
2015-07-01,2016-06-01,9.753825,366,published-inputs,158
2015-08-01,2016-07-01,9.830055,366,published-inputs,125
2015-09-01,2016-08-01,9.931694,366,published-inputs,92
2015-10-01,2016-09-01,10.169399,366,published-inputs,48
2015-11-01,2016-10-01,10.160929,366,published-inputs,51
2015-12-01,2016-11-01,9.874044,366,published-inputs,113
2016-01-01,2016-12-01,9.628415,366,published-inputs,233
2016-02-01,2017-01-01,9.552186,366,published-inputs,270
2016-03-01,2017-02-01,9.658356,365,published-inputs,217
2016-04-01,2017-03-01,9.853699,365,published-inputs,119
2016-05-01,2017-04-01,9.952329,365,published-inputs,86
2016-06-01,2017-05-01,10.003288,365,published-inputs,75
2016-07-01,2017-06-01,10.011507,365,published-inputs,71
2016-08-01,2017-07-01,10.020000,365,published-inputs,70
2016-09-01,2017-08-01,9.926575,365,published-inputs,94
2016-10-01,2017-09-01,9.762192,365,published-inputs,150
2016-11-01,2017-10-01,9.889589,365,published-inputs,108
2016-12-01,2017-11-01,9.988219,365,published-inputs,79
2017-01-01,2017-12-01,9.877808,365,published-inputs,112
2017-02-01,2018-01-01,9.903288,365,published-inputs,103
2017-03-01,2018-02-01,9.680822,365,published-inputs,206
2017-04-01,2018-03-01,9.383562,365,published-inputs,350
2017-05-01,2018-04-01,9.424658,365,published-inputs,329
2017-06-01,2018-05-01,9.373699,365,published-inputs,351
2017-07-01,2018-06-01,9.431233,365,published-inputs,324
2017-08-01,2018-07-01,9.592603,365,published-inputs,252
2017-09-01,2018-08-01,9.652055,365,published-inputs,220
2017-10-01,2018-09-01,9.643836,365,published-inputs,225
2017-11-01,2018-10-01,9.473973,365,published-inputs,298
2017-12-01,2018-11-01,9.539726,365,published-inputs,276
2018-01-01,2018-12-01,9.709589,365,published-inputs,178
2018-02-01,2019-01-01,9.641644,365,published-inputs,226
2018-03-01,2019-02-01,9.925479,365,published-inputs,95
2018-04-01,2019-03-01,10.180274,365,published-inputs,47
2018-05-01,2019-04-01,10.196712,365,published-inputs,46
2018-06-01,2019-05-01,10.060822,365,published-inputs,66
2018-07-01,2019-06-01,9.888219,365,published-inputs,109
2018-08-01,2019-07-01,9.794795,365,published-inputs,135
2018-09-01,2019-08-01,9.845753,365,published-inputs,122
2018-10-01,2019-09-01,9.911507,365,published-inputs,98
2018-11-01,2019-10-01,9.903014,365,published-inputs,104
2018-12-01,2019-11-01,9.771507,365,published-inputs,148
2019-01-01,2019-12-01,9.661096,365,published-inputs,216
2019-02-01,2020-01-01,9.813973,365,published-inputs,130
2019-03-01,2020-02-01,9.757104,366,published-inputs,156
2019-04-01,2020-03-01,9.663934,366,published-inputs,214
2019-05-01,2020-04-01,9.754098,366,published-inputs,157
2019-06-01,2020-05-01,9.872678,366,published-inputs,114
2019-07-01,2020-06-01,9.938251,366,published-inputs,90
2019-08-01,2020-07-01,9.785792,366,published-inputs,139
2019-09-01,2020-08-01,9.802732,366,published-inputs,134
2019-10-01,2020-09-01,9.778142,366,published-inputs,143
2019-11-01,2020-10-01,9.803552,366,published-inputs,133
2019-12-01,2020-11-01,9.967486,366,published-inputs,84
2020-01-01,2020-12-01,9.908197,366,published-inputs,101
2020-02-01,2021-01-01,9.696448,366,published-inputs,188
2020-03-01,2021-02-01,9.615068,365,published-inputs,240
2020-04-01,2021-03-01,9.666027,365,published-inputs,213
2020-05-01,2021-04-01,9.361918,365,published-inputs,358
2020-06-01,2021-05-01,9.158082,365,published-inputs,470
2020-07-01,2021-06-01,9.166301,365,published-inputs,461
2020-08-01,2021-07-01,9.361644,365,published-inputs,359
2020-09-01,2021-08-01,9.251233,365,published-inputs,417
2020-10-01,2021-09-01,9.399178,365,published-inputs,344
2020-11-01,2021-10-01,9.543562,365,published-inputs,274
2020-12-01,2021-11-01,9.494247,365,published-inputs,290
2021-01-01,2021-12-01,9.630137,365,published-inputs,232
2021-02-01,2022-01-01,9.757534,365,published-inputs,155
2021-03-01,2022-02-01,9.895616,365,published-inputs,107
2021-04-01,2022-03-01,9.946575,365,published-inputs,88
2021-05-01,2022-04-01,10.119178,365,published-inputs,54
2021-06-01,2022-05-01,10.340000,365,published-inputs,23
2021-07-01,2022-06-01,10.290685,365,published-inputs,32
2021-08-01,2022-07-01,10.273699,365,published-inputs,35
2021-09-01,2022-08-01,10.460548,365,published-inputs,12
2021-10-01,2022-09-01,10.353699,365,published-inputs,19
2021-11-01,2022-10-01,10.404658,365,published-inputs,18
2021-12-01,2022-11-01,10.503288,365,published-inputs,8
2022-01-01,2022-12-01,10.240000,365,published-inputs,39
2022-02-01,2023-01-01,10.256986,365,published-inputs,37
2022-03-01,2023-02-01,10.210959,365,published-inputs,42
2022-04-01,2023-03-01,10.134521,365,published-inputs,52
2022-05-01,2023-04-01,10.118082,365,published-inputs,55
2022-06-01,2023-05-01,10.126575,365,published-inputs,53
2022-07-01,2023-06-01,10.348493,365,published-inputs,21
2022-08-01,2023-07-01,10.221096,365,published-inputs,41
2022-09-01,2023-08-01,10.076712,365,published-inputs,63
2022-10-01,2023-09-01,10.249315,365,published-inputs,38
2022-11-01,2023-10-01,10.206849,365,published-inputs,43
2022-12-01,2023-11-01,10.108219,365,published-inputs,56
2023-01-01,2023-12-01,10.405479,365,published-inputs,17
2023-02-01,2024-01-01,10.346027,365,published-inputs,22
2023-03-01,2024-02-01,10.420765,366,published-inputs,16
2023-04-01,2024-03-01,10.488525,366,published-inputs,11
2023-05-01,2024-04-01,10.521311,366,published-inputs,6
2023-06-01,2024-05-01,10.589071,366,published-inputs,5
2023-07-01,2024-06-01,10.310383,366,published-inputs,27
2023-08-01,2024-07-01,10.293443,366,published-inputs,30
2023-09-01,2024-08-01,10.301913,366,published-inputs,28
2023-10-01,2024-09-01,10.072404,366,published-inputs,64
2023-11-01,2024-10-01,10.004645,366,published-inputs,73
2023-12-01,2024-11-01,10.004645,366,published-inputs,73
2024-01-01,2024-12-01,9.979235,366,published-inputs,83
2024-02-01,2025-01-01,9.911475,366,published-inputs,99
2024-03-01,2025-02-01,9.758630,365,published-inputs,152
2024-04-01,2025-03-01,9.758630,365,published-inputs,152
2024-05-01,2025-04-01,9.881918,365,published-inputs,111
2024-06-01,2025-05-01,9.839452,365,published-inputs,123
2024-07-01,2025-06-01,10.044932,365,published-inputs,67
2024-08-01,2025-07-01,10.206301,365,published-inputs,44
2024-09-01,2025-08-01,10.291233,365,published-inputs,31
2024-10-01,2025-09-01,10.283014,365,published-inputs,33
2024-11-01,2025-10-01,10.274521,365,published-inputs,34
2024-12-01,2025-11-01,10.323836,365,published-inputs,24
2025-01-01,2025-12-01,10.298356,365,published-inputs,29
2025-02-01,2026-01-01,10.349315,365,published-inputs,20
2025-03-01,2026-02-01,10.456712,365,published-inputs,14
2025-04-01,2026-03-01,10.499178,365,published-inputs,9
2025-05-01,2026-04-01,10.441644,365,published-inputs,15
2025-06-01,2026-05-01,10.458630,365,published-inputs,13
2025-07-01,2026-06-01,10.507945,365,published-inputs,7
2025-08-01,2026-07-01,10.626849,365,provisional-scenario,4
