year,derived_from_rounded_months_c,official_annual_mean_c,difference_c,absolute_difference_c
1884,8.709563,8.710000,-0.000437,0.000437
1885,7.558082,7.570000,-0.011918,0.011918
1886,7.862192,7.860000,0.002192,0.002192
1887,7.506575,7.520000,-0.013425,0.013425
1888,7.517486,7.520000,-0.002514,0.002514
1889,8.153973,8.160000,-0.006027,0.006027
1890,8.087945,8.080000,0.007945,0.007945
1891,7.926575,7.910000,0.016575,0.016575
1892,7.463934,7.460000,0.003934,0.003934
1893,9.340000,9.340000,0.000000,0.000000
1894,8.559726,8.550000,0.009726,0.009726
1895,7.746849,7.740000,0.006849,0.006849
1896,8.510109,8.500000,0.010109,0.010109
1897,8.717260,8.720000,-0.002740,0.002740
1898,9.156164,9.160000,-0.003836,0.003836
1899,9.052329,9.050000,0.002329,0.002329
1900,8.544658,8.530000,0.014658,0.014658
1901,8.267397,8.270000,-0.002603,0.002603
1902,8.042466,8.030000,0.012466,0.012466
1903,8.330411,8.330000,0.000411,0.000411
1904,8.217486,8.220000,-0.002514,0.002514
1905,8.298356,8.320000,-0.021644,0.021644
1906,8.500822,8.500000,0.000822,0.000822
1907,8.160548,8.150000,0.010548,0.010548
1908,8.662568,8.660000,0.002568,0.002568
1909,7.924932,7.920000,0.004932,0.004932
1910,8.502192,8.510000,-0.007808,0.007808
1911,9.237808,9.240000,-0.002192,0.002192
1912,8.589071,8.600000,-0.010929,0.010929
1913,9.067945,9.070000,-0.002055,0.002055
1914,9.078904,9.090000,-0.011096,0.011096
1915,8.272329,8.280000,-0.007671,0.007671
1916,8.419945,8.420000,-0.000055,0.000055
1917,7.771233,7.770000,0.001233,0.001233
1918,8.822192,8.820000,0.002192,0.002192
1919,7.787671,7.780000,0.007671,0.007671
1920,8.814754,8.810000,0.004754,0.004754
1921,9.708767,9.700000,0.008767,0.008767
1922,7.965205,7.960000,0.005205,0.005205
1923,8.425479,8.430000,-0.004521,0.004521
1924,8.504918,8.490000,0.014918,0.014918
1925,8.446849,8.450000,-0.003151,0.003151
1926,8.930411,8.940000,-0.009589,0.009589
1927,8.466027,8.480000,-0.013973,0.013973
1928,8.801366,8.800000,0.001366,0.001366
1929,8.265205,8.270000,-0.004795,0.004795
1930,8.600000,8.600000,0.000000,0.000000
1931,8.258082,8.280000,-0.021918,0.021918
1932,8.607377,8.600000,0.007377,0.007377
1933,8.880000,8.860000,0.020000,0.020000
1934,9.072877,9.070000,0.002877,0.002877
1935,8.844384,8.850000,-0.005616,0.005616
1936,8.582240,8.590000,-0.007760,0.007760
1937,8.711233,8.710000,0.001233,0.001233
1938,9.144384,9.150000,-0.005616,0.005616
1939,8.864384,8.860000,0.004384,0.004384
1940,8.409836,8.400000,0.009836,0.009836
1941,8.360000,8.360000,0.000000,0.000000
1942,8.544658,8.540000,0.004658,0.004658
1943,9.160822,9.170000,-0.009178,0.009178
1944,8.820219,8.820000,0.000219,0.000219
1945,9.305205,9.310000,-0.004795,0.004795
1946,8.540274,8.550000,-0.009726,0.009726
1947,8.585753,8.570000,0.015753,0.015753
1948,9.151913,9.140000,0.011913,0.011913
1949,9.783562,9.780000,0.003562,0.003562
1950,8.619726,8.610000,0.009726,0.009726
1951,8.461918,8.470000,-0.008082,0.008082
1952,8.373770,8.380000,-0.006230,0.006230
1953,9.125479,9.120000,0.005479,0.005479
1954,8.488767,8.490000,-0.001233,0.001233
1955,8.630137,8.630000,0.000137,0.000137
1956,8.234426,8.230000,0.004426,0.004426
1957,9.298356,9.300000,-0.001644,0.001644
1958,8.670411,8.660000,0.010411,0.010411
1959,9.648493,9.640000,0.008493,0.008493
1960,8.814481,8.810000,0.004481,0.004481
1961,8.958082,8.950000,0.008082,0.008082
1962,7.785479,7.790000,-0.004521,0.004521
1963,7.567945,7.580000,-0.012055,0.012055
1964,8.559836,8.560000,-0.000164,0.000164
1965,8.106027,8.090000,0.016027,0.016027
1966,8.610959,8.620000,-0.009041,0.009041
1967,8.709041,8.710000,-0.000959,0.000959
1968,8.500000,8.500000,-0.000000,0.000000
1969,8.387123,8.390000,-0.002877,0.002877
1970,8.673425,8.690000,-0.016575,0.016575
1971,9.043836,9.040000,0.003836,0.003836
1972,8.255464,8.270000,-0.014536,0.014536
1973,8.821096,8.810000,0.011096,0.011096
1974,8.557260,8.560000,-0.002740,0.002740
1975,9.083288,9.090000,-0.006712,0.006712
1976,8.900273,8.900000,0.000273,0.000273
1977,8.639726,8.650000,-0.010274,0.010274
1978,8.540548,8.550000,-0.009452,0.009452
1979,7.849315,7.860000,-0.010685,0.010685
1980,8.510929,8.510000,0.000929,0.000929
1981,8.456712,8.440000,0.016712,0.016712
1982,8.969863,8.960000,0.009863,0.009863
1983,9.158904,9.160000,-0.001096,0.001096
1984,8.926776,8.930000,-0.003224,0.003224
1985,8.086849,8.080000,0.006849,0.006849
1986,7.889589,7.880000,0.009589,0.009589
1987,8.283288,8.280000,0.003288,0.003288
1988,8.985519,8.990000,-0.004481,0.004481
1989,9.575616,9.570000,0.005616,0.005616
1990,9.736986,9.750000,-0.013014,0.013014
1991,8.684658,8.700000,-0.015342,0.015342
1992,8.973224,8.980000,-0.006776,0.006776
1993,8.648219,8.640000,0.008219,0.008219
1994,9.266849,9.270000,-0.003151,0.003151
1995,9.666301,9.670000,-0.003699,0.003699
1996,8.386612,8.380000,0.006612,0.006612
1997,9.687945,9.690000,-0.002055,0.002055
1998,9.543562,9.530000,0.013562,0.013562
1999,9.747123,9.750000,-0.002877,0.002877
2000,9.370492,9.360000,0.010492,0.010492
2001,9.083014,9.080000,0.003014,0.003014
2002,9.634521,9.630000,0.004521,0.004521
2003,9.616164,9.610000,0.006164,0.006164
2004,9.655191,9.650000,0.005191,0.005191
2005,9.696986,9.700000,-0.003014,0.003014
2006,9.946301,9.940000,0.006301,0.006301
2007,9.854247,9.850000,0.004247,0.004247
2008,9.300546,9.290000,0.010546,0.010546
2009,9.267397,9.280000,-0.012603,0.012603
2010,8.125753,8.120000,0.005753,0.005753
2011,9.896438,9.890000,0.006438,0.006438
2012,9.066120,9.080000,-0.013880,0.013880
2013,8.991781,8.980000,0.011781,0.011781
2014,10.083288,10.090000,-0.006712,0.006712
2015,9.470137,9.470000,0.000137,0.000137
2016,9.628415,9.610000,0.018415,0.018415
2017,9.877808,9.880000,-0.002192,0.002192
2018,9.709589,9.710000,-0.000411,0.000411
2019,9.661096,9.670000,-0.008904,0.008904
2020,9.908197,9.910000,-0.001803,0.001803
2021,9.630137,9.630000,0.000137,0.000137
2022,10.240000,10.230000,0.010000,0.010000
2023,10.405479,10.400000,0.005479,0.005479
2024,9.979235,9.990000,-0.010765,0.010765
2025,10.298356,10.310000,-0.011644,0.011644
