start_year,end_year,period_label,mean_temperature_c,reference_period_definition,reference_mean_c,temperature_anomaly_c,status
1884,1885,1884–85,8.231507,August–July periods ending 1961–2010,8.892188,-0.660681,published inputs
1885,1886,1885–86,7.290685,August–July periods ending 1961–2010,8.892188,-1.601503,published inputs
1886,1887,1886–87,8.166027,August–July periods ending 1961–2010,8.892188,-0.726161,published inputs
1887,1888,1887–88,7.003005,August–July periods ending 1961–2010,8.892188,-1.889183,published inputs
1888,1889,1888–89,8.213973,August–July periods ending 1961–2010,8.892188,-0.678215,published inputs
1889,1890,1889–90,8.277260,August–July periods ending 1961–2010,8.892188,-0.614928,published inputs
1890,1891,1890–91,7.660548,August–July periods ending 1961–2010,8.892188,-1.231640,published inputs
1891,1892,1891–92,7.791803,August–July periods ending 1961–2010,8.892188,-1.100385,published inputs
1892,1893,1892–93,8.777534,August–July periods ending 1961–2010,8.892188,-0.114654,published inputs
1893,1894,1893–94,8.732603,August–July periods ending 1961–2010,8.892188,-0.159585,published inputs
1894,1895,1894–95,7.680000,August–July periods ending 1961–2010,8.892188,-1.212188,published inputs
1895,1896,1895–96,9.137978,August–July periods ending 1961–2010,8.892188,0.245790,published inputs
1896,1897,1896–97,7.934247,August–July periods ending 1961–2010,8.892188,-0.957941,published inputs
1897,1898,1897–98,8.695342,August–July periods ending 1961–2010,8.892188,-0.196846,published inputs
1898,1899,1898–99,9.418082,August–July periods ending 1961–2010,8.892188,0.525894,published inputs
1899,1900,1899–00,8.564932,August–July periods ending 1961–2010,8.892188,-0.327256,published inputs
1900,1901,1900–01,8.636438,August–July periods ending 1961–2010,8.892188,-0.255750,published inputs
1901,1902,1901–02,8.003014,August–July periods ending 1961–2010,8.892188,-0.889174,published inputs
1902,1903,1902–03,8.380822,August–July periods ending 1961–2010,8.892188,-0.511366,published inputs
1903,1904,1903–04,8.214754,August–July periods ending 1961–2010,8.892188,-0.677434,published inputs
1904,1905,1904–05,8.558082,August–July periods ending 1961–2010,8.892188,-0.334106,published inputs
1905,1906,1905–06,7.890411,August–July periods ending 1961–2010,8.892188,-1.001777,published inputs
1906,1907,1906–07,8.331233,August–July periods ending 1961–2010,8.892188,-0.560955,published inputs
1907,1908,1907–08,8.390984,August–July periods ending 1961–2010,8.892188,-0.501204,published inputs
1908,1909,1908–09,8.382466,August–July periods ending 1961–2010,8.892188,-0.509722,published inputs
1909,1910,1909–10,8.400000,August–July periods ending 1961–2010,8.892188,-0.492188,published inputs
1910,1911,1910–11,8.761644,August–July periods ending 1961–2010,8.892188,-0.130544,published inputs
1911,1912,1911–12,9.252732,August–July periods ending 1961–2010,8.892188,0.360544,published inputs
1912,1913,1912–13,8.375342,August–July periods ending 1961–2010,8.892188,-0.516846,published inputs
1913,1914,1913–14,9.344384,August–July periods ending 1961–2010,8.892188,0.452196,published inputs
1914,1915,1914–15,8.661918,August–July periods ending 1961–2010,8.892188,-0.230270,published inputs
1915,1916,1915–16,8.200273,August–July periods ending 1961–2010,8.892188,-0.691915,published inputs
1916,1917,1916–17,7.886849,August–July periods ending 1961–2010,8.892188,-1.005339,published inputs
1917,1918,1917–18,8.607945,August–July periods ending 1961–2010,8.892188,-0.284243,published inputs
1918,1919,1918–19,8.189863,August–July periods ending 1961–2010,8.892188,-0.702325,published inputs
1919,1920,1919–20,8.521311,August–July periods ending 1961–2010,8.892188,-0.370877,published inputs
1920,1921,1920–21,9.282192,August–July periods ending 1961–2010,8.892188,0.390004,published inputs
1921,1922,1921–22,8.649863,August–July periods ending 1961–2010,8.892188,-0.242325,published inputs
1922,1923,1922–23,8.486849,August–July periods ending 1961–2010,8.892188,-0.405339,published inputs
1923,1924,1923–24,7.990984,August–July periods ending 1961–2010,8.892188,-0.901204,published inputs
1924,1925,1924–25,9.003288,August–July periods ending 1961–2010,8.892188,0.111100,published inputs
1925,1926,1925–26,8.595068,August–July periods ending 1961–2010,8.892188,-0.297120,published inputs
1926,1927,1926–27,8.623562,August–July periods ending 1961–2010,8.892188,-0.268626,published inputs
1927,1928,1927–28,8.568579,August–July periods ending 1961–2010,8.892188,-0.323609,published inputs
1928,1929,1928–29,8.073699,August–July periods ending 1961–2010,8.892188,-0.818489,published inputs
1929,1930,1929–30,8.697534,August–July periods ending 1961–2010,8.892188,-0.194654,published inputs
1930,1931,1930–31,8.426575,August–July periods ending 1961–2010,8.892188,-0.465613,published inputs
1931,1932,1931–32,8.387705,August–July periods ending 1961–2010,8.892188,-0.504483,published inputs
1932,1933,1932–33,9.068767,August–July periods ending 1961–2010,8.892188,0.176579,published inputs
1933,1934,1933–34,8.740548,August–July periods ending 1961–2010,8.892188,-0.151640,published inputs
1934,1935,1934–35,9.225753,August–July periods ending 1961–2010,8.892188,0.333565,published inputs
1935,1936,1935–36,8.354645,August–July periods ending 1961–2010,8.892188,-0.537543,published inputs
1936,1937,1936–37,8.927945,August–July periods ending 1961–2010,8.892188,0.035757,published inputs
1937,1938,1937–38,8.772603,August–July periods ending 1961–2010,8.892188,-0.119585,published inputs
1938,1939,1938–39,9.076438,August–July periods ending 1961–2010,8.892188,0.184250,published inputs
1939,1940,1939–40,8.521038,August–July periods ending 1961–2010,8.892188,-0.371150,published inputs
1940,1941,1940–41,8.059452,August–July periods ending 1961–2010,8.892188,-0.832736,published inputs
1941,1942,1941–42,8.596164,August–July periods ending 1961–2010,8.892188,-0.296024,published inputs
1942,1943,1942–43,9.417808,August–July periods ending 1961–2010,8.892188,0.525620,published inputs
1943,1944,1943–44,8.827049,August–July periods ending 1961–2010,8.892188,-0.065139,published inputs
1944,1945,1944–45,8.886575,August–July periods ending 1961–2010,8.892188,-0.005613,published inputs
1945,1946,1945–46,8.966849,August–July periods ending 1961–2010,8.892188,0.074661,published inputs
1946,1947,1946–47,8.008219,August–July periods ending 1961–2010,8.892188,-0.883969,published inputs
1947,1948,1947–48,9.464481,August–July periods ending 1961–2010,8.892188,0.572293,published inputs
1948,1949,1948–49,9.404384,August–July periods ending 1961–2010,8.892188,0.512196,published inputs
1949,1950,1949–50,9.618904,August–July periods ending 1961–2010,8.892188,0.726716,published inputs
1950,1951,1950–51,7.834795,August–July periods ending 1961–2010,8.892188,-1.057393,published inputs
1951,1952,1951–52,9.059290,August–July periods ending 1961–2010,8.892188,0.167102,published inputs
1952,1953,1952–53,8.175616,August–July periods ending 1961–2010,8.892188,-0.716572,published inputs
1953,1954,1953–54,8.745205,August–July periods ending 1961–2010,8.892188,-0.146983,published inputs
1954,1955,1954–55,8.463014,August–July periods ending 1961–2010,8.892188,-0.429174,published inputs
1955,1956,1955–56,8.615027,August–July periods ending 1961–2010,8.892188,-0.277161,published inputs
1956,1957,1956–57,9.293425,August–July periods ending 1961–2010,8.892188,0.401237,published inputs
1957,1958,1957–58,8.457260,August–July periods ending 1961–2010,8.892188,-0.434928,published inputs
1958,1959,1958–59,9.267397,August–July periods ending 1961–2010,8.892188,0.375209,published inputs
1959,1960,1959–60,9.545355,August–July periods ending 1961–2010,8.892188,0.653167,published inputs
1960,1961,1960–61,8.867945,August–July periods ending 1961–2010,8.892188,-0.024243,published inputs
1961,1962,1961–62,8.142466,August–July periods ending 1961–2010,8.892188,-0.749722,published inputs
1962,1963,1962–63,7.303288,August–July periods ending 1961–2010,8.892188,-1.588900,published inputs
1963,1964,1963–64,8.502732,August–July periods ending 1961–2010,8.892188,-0.389456,published inputs
1964,1965,1964–65,8.236712,August–July periods ending 1961–2010,8.892188,-0.655476,published inputs
1965,1966,1965–66,8.423014,August–July periods ending 1961–2010,8.892188,-0.469174,published inputs
1966,1967,1966–67,8.742192,August–July periods ending 1961–2010,8.892188,-0.149996,published inputs
1967,1968,1967–68,8.292077,August–July periods ending 1961–2010,8.892188,-0.600111,published inputs
1968,1969,1968–69,8.443288,August–July periods ending 1961–2010,8.892188,-0.448900,published inputs
1969,1970,1969–70,8.562740,August–July periods ending 1961–2010,8.892188,-0.329448,published inputs
1970,1971,1970–71,8.871233,August–July periods ending 1961–2010,8.892188,-0.020955,published inputs
1971,1972,1971–72,8.704645,August–July periods ending 1961–2010,8.892188,-0.187543,published inputs
1972,1973,1972–73,8.599178,August–July periods ending 1961–2010,8.892188,-0.293010,published inputs
1973,1974,1973–74,8.864110,August–July periods ending 1961–2010,8.892188,-0.028078,published inputs
1974,1975,1974–75,8.738356,August–July periods ending 1961–2010,8.892188,-0.153832,published inputs
1975,1976,1975–76,9.187978,August–July periods ending 1961–2010,8.892188,0.295790,published inputs
1976,1977,1976–77,8.384110,August–July periods ending 1961–2010,8.892188,-0.508078,published inputs
1977,1978,1977–78,8.455616,August–July periods ending 1961–2010,8.892188,-0.436572,published inputs
1978,1979,1978–79,7.996712,August–July periods ending 1961–2010,8.892188,-0.895476,published inputs
1979,1980,1979–80,8.555191,August–July periods ending 1961–2010,8.892188,-0.336997,published inputs
1980,1981,1980–81,8.731507,August–July periods ending 1961–2010,8.892188,-0.160681,published inputs
1981,1982,1981–82,8.612877,August–July periods ending 1961–2010,8.892188,-0.279311,published inputs
1982,1983,1982–83,8.918904,August–July periods ending 1961–2010,8.892188,0.026716,published inputs
1983,1984,1983–84,8.909836,August–July periods ending 1961–2010,8.892188,0.017648,published inputs
1984,1985,1984–85,8.472055,August–July periods ending 1961–2010,8.892188,-0.420133,published inputs
1985,1986,1985–86,7.982466,August–July periods ending 1961–2010,8.892188,-0.909722,published inputs
1986,1987,1986–87,8.143014,August–July periods ending 1961–2010,8.892188,-0.749174,published inputs
1987,1988,1987–88,8.930328,August–July periods ending 1961–2010,8.892188,0.038140,published inputs
1988,1989,1988–89,9.429041,August–July periods ending 1961–2010,8.892188,0.536853,published inputs
1989,1990,1989–90,9.741370,August–July periods ending 1961–2010,8.892188,0.849182,published inputs
1990,1991,1990–91,8.715068,August–July periods ending 1961–2010,8.892188,-0.177120,published inputs
1991,1992,1991–92,9.445628,August–July periods ending 1961–2010,8.892188,0.553440,published inputs
1992,1993,1992–93,8.826027,August–July periods ending 1961–2010,8.892188,-0.066161,published inputs
1993,1994,1993–94,8.407123,August–July periods ending 1961–2010,8.892188,-0.485065,published inputs
1994,1995,1994–95,9.627671,August–July periods ending 1961–2010,8.892188,0.735483,published inputs
1995,1996,1995–96,8.823770,August–July periods ending 1961–2010,8.892188,-0.068418,published inputs
1996,1997,1996–97,9.101370,August–July periods ending 1961–2010,8.892188,0.209182,published inputs
1997,1998,1997–98,9.904384,August–July periods ending 1961–2010,8.892188,1.012196,published inputs
1998,1999,1998–99,9.606849,August–July periods ending 1961–2010,8.892188,0.714661,published inputs
1999,2000,1999–00,9.469126,August–July periods ending 1961–2010,8.892188,0.576938,published inputs
2000,2001,2000–01,9.006027,August–July periods ending 1961–2010,8.892188,0.113839,published inputs
2001,2002,2001–02,9.604658,August–July periods ending 1961–2010,8.892188,0.712470,published inputs
2002,2003,2002–03,9.690685,August–July periods ending 1961–2010,8.892188,0.798497,published inputs
2003,2004,2003–04,9.453552,August–July periods ending 1961–2010,8.892188,0.561364,published inputs
2004,2005,2004–05,9.794795,August–July periods ending 1961–2010,8.892188,0.902607,published inputs
2005,2006,2005–06,9.597534,August–July periods ending 1961–2010,8.892188,0.705346,published inputs
2006,2007,2006–07,10.315068,August–July periods ending 1961–2010,8.892188,1.422880,published inputs
2007,2008,2007–08,9.593716,August–July periods ending 1961–2010,8.892188,0.701528,published inputs
2008,2009,2008–09,9.017260,August–July periods ending 1961–2010,8.892188,0.125072,published inputs
2009,2010,2009–10,8.864110,August–July periods ending 1961–2010,8.892188,-0.028078,published inputs
2010,2011,2010–11,8.730411,August–July periods ending 1961–2010,8.892188,-0.161777,published inputs
2011,2012,2011–12,9.704645,August–July periods ending 1961–2010,8.892188,0.812457,published inputs
2012,2013,2012–13,8.519726,August–July periods ending 1961–2010,8.892188,-0.372462,published inputs
2013,2014,2013–14,10.107397,August–July periods ending 1961–2010,8.892188,1.215209,published inputs
2014,2015,2014–15,9.314247,August–July periods ending 1961–2010,8.892188,0.422059,published inputs
2015,2016,2015–16,9.830055,August–July periods ending 1961–2010,8.892188,0.937867,published inputs
2016,2017,2016–17,10.020000,August–July periods ending 1961–2010,8.892188,1.127812,published inputs
2017,2018,2017–18,9.592603,August–July periods ending 1961–2010,8.892188,0.700415,published inputs
2018,2019,2018–19,9.794795,August–July periods ending 1961–2010,8.892188,0.902607,published inputs
2019,2020,2019–20,9.785792,August–July periods ending 1961–2010,8.892188,0.893604,published inputs
2020,2021,2020–21,9.361644,August–July periods ending 1961–2010,8.892188,0.469456,published inputs
2021,2022,2021–22,10.273699,August–July periods ending 1961–2010,8.892188,1.381511,published inputs
2022,2023,2022–23,10.221096,August–July periods ending 1961–2010,8.892188,1.328908,published inputs
2023,2024,2023–24,10.293443,August–July periods ending 1961–2010,8.892188,1.401255,published inputs
2024,2025,2024–25,10.206301,August–July periods ending 1961–2010,8.892188,1.314113,published inputs
2025,2026,2025–26,10.626849,August–July periods ending 1961–2010,8.892188,1.734661,illustrative scenario
