date,year,month,mean_temperature_c,days,status
1884-01-01,1884,1,5.800000,31,published_monthly_series
1884-02-01,1884,2,4.300000,29,published_monthly_series
1884-03-01,1884,3,5.100000,31,published_monthly_series
1884-04-01,1884,4,6.000000,30,published_monthly_series
1884-05-01,1884,5,9.700000,31,published_monthly_series
1884-06-01,1884,6,12.300000,30,published_monthly_series
1884-07-01,1884,7,14.300000,31,published_monthly_series
1884-08-01,1884,8,15.200000,31,published_monthly_series
1884-09-01,1884,9,13.300000,30,published_monthly_series
1884-10-01,1884,10,8.800000,31,published_monthly_series
1884-11-01,1884,11,5.400000,30,published_monthly_series
1884-12-01,1884,12,4.100000,31,published_monthly_series
1885-01-01,1885,1,2.600000,31,published_monthly_series
1885-02-01,1885,2,4.900000,28,published_monthly_series
1885-03-01,1885,3,3.700000,31,published_monthly_series
1885-04-01,1885,4,6.300000,30,published_monthly_series
1885-05-01,1885,5,7.500000,31,published_monthly_series
1885-06-01,1885,6,12.400000,30,published_monthly_series
1885-07-01,1885,7,14.400000,31,published_monthly_series
1885-08-01,1885,8,12.700000,31,published_monthly_series
1885-09-01,1885,9,11.200000,30,published_monthly_series
1885-10-01,1885,10,6.600000,31,published_monthly_series
1885-11-01,1885,11,5.300000,30,published_monthly_series
1885-12-01,1885,12,3.000000,31,published_monthly_series
1886-01-01,1886,1,1.400000,31,published_monthly_series
1886-02-01,1886,2,1.100000,28,published_monthly_series
1886-03-01,1886,3,2.700000,31,published_monthly_series
1886-04-01,1886,4,6.900000,30,published_monthly_series
1886-05-01,1886,5,9.400000,31,published_monthly_series
1886-06-01,1886,6,12.300000,30,published_monthly_series
1886-07-01,1886,7,14.500000,31,published_monthly_series
1886-08-01,1886,8,14.400000,31,published_monthly_series
1886-09-01,1886,9,12.300000,30,published_monthly_series
1886-10-01,1886,10,10.200000,31,published_monthly_series
1886-11-01,1886,11,6.400000,30,published_monthly_series
1886-12-01,1886,12,2.300000,31,published_monthly_series
1887-01-01,1887,1,2.400000,31,published_monthly_series
1887-02-01,1887,2,3.200000,28,published_monthly_series
1887-03-01,1887,3,2.800000,31,published_monthly_series
1887-04-01,1887,4,5.200000,30,published_monthly_series
1887-05-01,1887,5,8.400000,31,published_monthly_series
1887-06-01,1887,6,14.600000,30,published_monthly_series
1887-07-01,1887,7,15.500000,31,published_monthly_series
1887-08-01,1887,8,14.000000,31,published_monthly_series
1887-09-01,1887,9,10.700000,30,published_monthly_series
1887-10-01,1887,10,6.600000,31,published_monthly_series
1887-11-01,1887,11,3.800000,30,published_monthly_series
1887-12-01,1887,12,2.600000,31,published_monthly_series
1888-01-01,1888,1,2.600000,31,published_monthly_series
1888-02-01,1888,2,1.200000,29,published_monthly_series
1888-03-01,1888,3,2.300000,31,published_monthly_series
1888-04-01,1888,4,5.500000,30,published_monthly_series
1888-05-01,1888,5,9.500000,31,published_monthly_series
1888-06-01,1888,6,12.300000,30,published_monthly_series
1888-07-01,1888,7,12.700000,31,published_monthly_series
1888-08-01,1888,8,13.000000,31,published_monthly_series
1888-09-01,1888,9,11.300000,30,published_monthly_series
1888-10-01,1888,10,7.900000,31,published_monthly_series
1888-11-01,1888,11,7.100000,30,published_monthly_series
1888-12-01,1888,12,4.600000,31,published_monthly_series
1889-01-01,1889,1,3.200000,31,published_monthly_series
1889-02-01,1889,2,2.600000,28,published_monthly_series
1889-03-01,1889,3,3.800000,31,published_monthly_series
1889-04-01,1889,4,6.000000,30,published_monthly_series
1889-05-01,1889,5,10.900000,31,published_monthly_series
1889-06-01,1889,6,13.900000,30,published_monthly_series
1889-07-01,1889,7,13.900000,31,published_monthly_series
1889-08-01,1889,8,13.400000,31,published_monthly_series
1889-09-01,1889,9,12.100000,30,published_monthly_series
1889-10-01,1889,10,7.900000,31,published_monthly_series
1889-11-01,1889,11,6.500000,30,published_monthly_series
1889-12-01,1889,12,3.300000,31,published_monthly_series
1890-01-01,1890,1,5.300000,31,published_monthly_series
1890-02-01,1890,2,2.400000,28,published_monthly_series
1890-03-01,1890,3,5.300000,31,published_monthly_series
1890-04-01,1890,4,6.500000,30,published_monthly_series
1890-05-01,1890,5,10.600000,31,published_monthly_series
1890-06-01,1890,6,12.400000,30,published_monthly_series
1890-07-01,1890,7,13.200000,31,published_monthly_series
1890-08-01,1890,8,13.200000,31,published_monthly_series
1890-09-01,1890,9,13.700000,30,published_monthly_series
1890-10-01,1890,10,9.100000,31,published_monthly_series
1890-11-01,1890,11,5.800000,30,published_monthly_series
1890-12-01,1890,12,-0.800000,31,published_monthly_series
1891-01-01,1891,1,1.400000,31,published_monthly_series
1891-02-01,1891,2,4.700000,28,published_monthly_series
1891-03-01,1891,3,3.400000,31,published_monthly_series
1891-04-01,1891,4,5.600000,30,published_monthly_series
1891-05-01,1891,5,8.600000,31,published_monthly_series
1891-06-01,1891,6,13.600000,30,published_monthly_series
1891-07-01,1891,7,13.600000,31,published_monthly_series
1891-08-01,1891,8,12.900000,31,published_monthly_series
1891-09-01,1891,9,13.300000,30,published_monthly_series
1891-10-01,1891,10,8.600000,31,published_monthly_series
1891-11-01,1891,11,5.200000,30,published_monthly_series
1891-12-01,1891,12,4.100000,31,published_monthly_series
1892-01-01,1892,1,1.800000,31,published_monthly_series
1892-02-01,1892,2,3.100000,29,published_monthly_series
1892-03-01,1892,3,2.100000,31,published_monthly_series
1892-04-01,1892,4,6.800000,30,published_monthly_series
1892-05-01,1892,5,10.200000,31,published_monthly_series
1892-06-01,1892,6,12.100000,30,published_monthly_series
1892-07-01,1892,7,13.200000,31,published_monthly_series
1892-08-01,1892,8,13.900000,31,published_monthly_series
1892-09-01,1892,9,11.200000,30,published_monthly_series
1892-10-01,1892,10,6.300000,31,published_monthly_series
1892-11-01,1892,11,6.400000,30,published_monthly_series
1892-12-01,1892,12,2.400000,31,published_monthly_series
1893-01-01,1893,1,1.900000,31,published_monthly_series
1893-02-01,1893,2,4.100000,28,published_monthly_series
1893-03-01,1893,3,6.900000,31,published_monthly_series
1893-04-01,1893,4,9.900000,30,published_monthly_series
1893-05-01,1893,5,12.200000,31,published_monthly_series
1893-06-01,1893,6,14.500000,30,published_monthly_series
1893-07-01,1893,7,15.400000,31,published_monthly_series
1893-08-01,1893,8,16.100000,31,published_monthly_series
1893-09-01,1893,9,12.200000,30,published_monthly_series
1893-10-01,1893,10,9.200000,31,published_monthly_series
1893-11-01,1893,11,4.700000,30,published_monthly_series
1893-12-01,1893,12,4.600000,31,published_monthly_series
1894-01-01,1894,1,2.900000,31,published_monthly_series
1894-02-01,1894,2,4.600000,28,published_monthly_series
1894-03-01,1894,3,6.000000,31,published_monthly_series
1894-04-01,1894,4,8.900000,30,published_monthly_series
1894-05-01,1894,5,8.200000,31,published_monthly_series
1894-06-01,1894,6,12.500000,30,published_monthly_series
1894-07-01,1894,7,14.600000,31,published_monthly_series
1894-08-01,1894,8,13.100000,31,published_monthly_series
1894-09-01,1894,9,10.800000,30,published_monthly_series
1894-10-01,1894,10,8.700000,31,published_monthly_series
1894-11-01,1894,11,7.200000,30,published_monthly_series
1894-12-01,1894,12,5.000000,31,published_monthly_series
1895-01-01,1895,1,-0.400000,31,published_monthly_series
1895-02-01,1895,2,-2.800000,28,published_monthly_series
1895-03-01,1895,3,4.300000,31,published_monthly_series
1895-04-01,1895,4,7.300000,30,published_monthly_series
1895-05-01,1895,5,11.000000,31,published_monthly_series
1895-06-01,1895,6,13.300000,30,published_monthly_series
1895-07-01,1895,7,13.900000,31,published_monthly_series
1895-08-01,1895,8,14.200000,31,published_monthly_series
1895-09-01,1895,9,14.700000,30,published_monthly_series
1895-10-01,1895,10,6.500000,31,published_monthly_series
1895-11-01,1895,11,6.800000,30,published_monthly_series
1895-12-01,1895,12,3.500000,31,published_monthly_series
1896-01-01,1896,1,4.200000,31,published_monthly_series
1896-02-01,1896,2,4.200000,29,published_monthly_series
1896-03-01,1896,3,6.000000,31,published_monthly_series
1896-04-01,1896,4,8.400000,30,published_monthly_series
1896-05-01,1896,5,11.300000,31,published_monthly_series
1896-06-01,1896,6,14.800000,30,published_monthly_series
1896-07-01,1896,7,15.000000,31,published_monthly_series
1896-08-01,1896,8,13.200000,31,published_monthly_series
1896-09-01,1896,9,12.100000,30,published_monthly_series
1896-10-01,1896,10,6.000000,31,published_monthly_series
1896-11-01,1896,11,3.600000,30,published_monthly_series
1896-12-01,1896,12,3.200000,31,published_monthly_series
1897-01-01,1897,1,1.000000,31,published_monthly_series
1897-02-01,1897,2,5.300000,28,published_monthly_series
1897-03-01,1897,3,5.500000,31,published_monthly_series
1897-04-01,1897,4,6.400000,30,published_monthly_series
1897-05-01,1897,5,9.100000,31,published_monthly_series
1897-06-01,1897,6,14.100000,30,published_monthly_series
1897-07-01,1897,7,15.600000,31,published_monthly_series
1897-08-01,1897,8,14.900000,31,published_monthly_series
1897-09-01,1897,9,11.200000,30,published_monthly_series
1897-10-01,1897,10,9.700000,31,published_monthly_series
1897-11-01,1897,11,7.000000,30,published_monthly_series
1897-12-01,1897,12,4.600000,31,published_monthly_series
1898-01-01,1898,1,5.700000,31,published_monthly_series
1898-02-01,1898,2,4.000000,28,published_monthly_series
1898-03-01,1898,3,3.300000,31,published_monthly_series
1898-04-01,1898,4,7.500000,30,published_monthly_series
1898-05-01,1898,5,9.300000,31,published_monthly_series
1898-06-01,1898,6,12.500000,30,published_monthly_series
1898-07-01,1898,7,14.300000,31,published_monthly_series
1898-08-01,1898,8,15.000000,31,published_monthly_series
1898-09-01,1898,9,13.900000,30,published_monthly_series
1898-10-01,1898,10,10.400000,31,published_monthly_series
1898-11-01,1898,11,6.600000,30,published_monthly_series
1898-12-01,1898,12,7.000000,31,published_monthly_series
1899-01-01,1899,1,4.300000,31,published_monthly_series
1899-02-01,1899,2,4.700000,28,published_monthly_series
1899-03-01,1899,3,4.700000,31,published_monthly_series
1899-04-01,1899,4,7.100000,30,published_monthly_series
1899-05-01,1899,5,9.100000,31,published_monthly_series
1899-06-01,1899,6,14.400000,30,published_monthly_series
1899-07-01,1899,7,15.500000,31,published_monthly_series
1899-08-01,1899,8,17.100000,31,published_monthly_series
1899-09-01,1899,9,12.600000,30,published_monthly_series
1899-10-01,1899,10,8.900000,31,published_monthly_series
1899-11-01,1899,11,8.100000,30,published_monthly_series
1899-12-01,1899,12,1.900000,31,published_monthly_series
1900-01-01,1900,1,4.100000,31,published_monthly_series
1900-02-01,1900,2,2.400000,28,published_monthly_series
1900-03-01,1900,3,2.500000,31,published_monthly_series
1900-04-01,1900,4,7.300000,30,published_monthly_series
1900-05-01,1900,5,8.800000,31,published_monthly_series
1900-06-01,1900,6,13.000000,30,published_monthly_series
1900-07-01,1900,7,15.700000,31,published_monthly_series
1900-08-01,1900,8,14.000000,31,published_monthly_series
1900-09-01,1900,9,12.600000,30,published_monthly_series
1900-10-01,1900,10,8.900000,31,published_monthly_series
1900-11-01,1900,11,6.200000,30,published_monthly_series
1900-12-01,1900,12,6.600000,31,published_monthly_series
1901-01-01,1901,1,2.900000,31,published_monthly_series
1901-02-01,1901,2,1.700000,28,published_monthly_series
1901-03-01,1901,3,3.400000,31,published_monthly_series
1901-04-01,1901,4,7.500000,30,published_monthly_series
1901-05-01,1901,5,10.700000,31,published_monthly_series
1901-06-01,1901,6,12.400000,30,published_monthly_series
1901-07-01,1901,7,16.200000,31,published_monthly_series
1901-08-01,1901,8,14.600000,31,published_monthly_series
1901-09-01,1901,9,12.700000,30,published_monthly_series
1901-10-01,1901,10,9.000000,31,published_monthly_series
1901-11-01,1901,11,4.400000,30,published_monthly_series
1901-12-01,1901,12,3.200000,31,published_monthly_series
1902-01-01,1902,1,4.300000,31,published_monthly_series
1902-02-01,1902,2,1.100000,28,published_monthly_series
1902-03-01,1902,3,6.000000,31,published_monthly_series
1902-04-01,1902,4,6.400000,30,published_monthly_series
1902-05-01,1902,5,7.900000,31,published_monthly_series
1902-06-01,1902,6,12.600000,30,published_monthly_series
1902-07-01,1902,7,13.300000,31,published_monthly_series
1902-08-01,1902,8,13.200000,31,published_monthly_series
1902-09-01,1902,9,11.900000,30,published_monthly_series
1902-10-01,1902,10,9.000000,31,published_monthly_series
1902-11-01,1902,11,6.300000,30,published_monthly_series
1902-12-01,1902,12,4.000000,31,published_monthly_series
1903-01-01,1903,1,3.600000,31,published_monthly_series
1903-02-01,1903,2,6.000000,28,published_monthly_series
1903-03-01,1903,3,6.000000,31,published_monthly_series
1903-04-01,1903,4,5.800000,30,published_monthly_series
1903-05-01,1903,5,9.800000,31,published_monthly_series
1903-06-01,1903,6,11.400000,30,published_monthly_series
1903-07-01,1903,7,13.400000,31,published_monthly_series
1903-08-01,1903,8,12.900000,31,published_monthly_series
1903-09-01,1903,9,11.800000,30,published_monthly_series
1903-10-01,1903,10,9.700000,31,published_monthly_series
1903-11-01,1903,11,6.200000,30,published_monthly_series
1903-12-01,1903,12,3.200000,31,published_monthly_series
1904-01-01,1904,1,3.900000,31,published_monthly_series
1904-02-01,1904,2,3.200000,29,published_monthly_series
1904-03-01,1904,3,3.700000,31,published_monthly_series
1904-04-01,1904,4,7.500000,30,published_monthly_series
1904-05-01,1904,5,9.200000,31,published_monthly_series
1904-06-01,1904,6,11.900000,30,published_monthly_series
1904-07-01,1904,7,15.200000,31,published_monthly_series
1904-08-01,1904,8,13.600000,31,published_monthly_series
1904-09-01,1904,9,11.700000,30,published_monthly_series
1904-10-01,1904,10,9.200000,31,published_monthly_series
1904-11-01,1904,11,5.300000,30,published_monthly_series
1904-12-01,1904,12,4.000000,31,published_monthly_series
1905-01-01,1905,1,3.500000,31,published_monthly_series
1905-02-01,1905,2,4.600000,28,published_monthly_series
1905-03-01,1905,3,5.900000,31,published_monthly_series
1905-04-01,1905,4,6.700000,30,published_monthly_series
1905-05-01,1905,5,9.700000,31,published_monthly_series
1905-06-01,1905,6,13.200000,30,published_monthly_series
1905-07-01,1905,7,15.000000,31,published_monthly_series
1905-08-01,1905,8,13.300000,31,published_monthly_series
1905-09-01,1905,9,11.100000,30,published_monthly_series
1905-10-01,1905,10,6.800000,31,published_monthly_series
1905-11-01,1905,11,4.600000,30,published_monthly_series
1905-12-01,1905,12,4.900000,31,published_monthly_series
1906-01-01,1906,1,4.900000,31,published_monthly_series
1906-02-01,1906,2,2.900000,28,published_monthly_series
1906-03-01,1906,3,4.200000,31,published_monthly_series
1906-04-01,1906,4,6.200000,30,published_monthly_series
1906-05-01,1906,5,8.900000,31,published_monthly_series
1906-06-01,1906,6,12.700000,30,published_monthly_series
1906-07-01,1906,7,13.800000,31,published_monthly_series
1906-08-01,1906,8,15.300000,31,published_monthly_series
1906-09-01,1906,9,12.600000,30,published_monthly_series
1906-10-01,1906,10,10.000000,31,published_monthly_series
1906-11-01,1906,11,6.600000,30,published_monthly_series
1906-12-01,1906,12,3.500000,31,published_monthly_series
1907-01-01,1907,1,3.400000,31,published_monthly_series
1907-02-01,1907,2,2.300000,28,published_monthly_series
1907-03-01,1907,3,5.500000,31,published_monthly_series
1907-04-01,1907,4,6.500000,30,published_monthly_series
1907-05-01,1907,5,9.300000,31,published_monthly_series
1907-06-01,1907,6,11.000000,30,published_monthly_series
1907-07-01,1907,7,13.500000,31,published_monthly_series
1907-08-01,1907,8,13.100000,31,published_monthly_series
1907-09-01,1907,9,13.200000,30,published_monthly_series
1907-10-01,1907,10,8.900000,31,published_monthly_series
1907-11-01,1907,11,6.300000,30,published_monthly_series
1907-12-01,1907,12,4.500000,31,published_monthly_series
1908-01-01,1908,1,2.400000,31,published_monthly_series
1908-02-01,1908,2,4.900000,29,published_monthly_series
1908-03-01,1908,3,3.700000,31,published_monthly_series
1908-04-01,1908,4,5.400000,30,published_monthly_series
1908-05-01,1908,5,10.900000,31,published_monthly_series
1908-06-01,1908,6,12.800000,30,published_monthly_series
1908-07-01,1908,7,14.500000,31,published_monthly_series
1908-08-01,1908,8,13.700000,31,published_monthly_series
1908-09-01,1908,9,12.000000,30,published_monthly_series
1908-10-01,1908,10,11.700000,31,published_monthly_series
1908-11-01,1908,11,7.300000,30,published_monthly_series
1908-12-01,1908,12,4.500000,31,published_monthly_series
1909-01-01,1909,1,3.500000,31,published_monthly_series
1909-02-01,1909,2,2.900000,28,published_monthly_series
1909-03-01,1909,3,2.900000,31,published_monthly_series
1909-04-01,1909,4,7.700000,30,published_monthly_series
1909-05-01,1909,5,9.800000,31,published_monthly_series
1909-06-01,1909,6,10.900000,30,published_monthly_series
1909-07-01,1909,7,13.300000,31,published_monthly_series
1909-08-01,1909,8,14.200000,31,published_monthly_series
1909-09-01,1909,9,11.200000,30,published_monthly_series
1909-10-01,1909,10,9.800000,31,published_monthly_series
1909-11-01,1909,11,4.600000,30,published_monthly_series
1909-12-01,1909,12,3.900000,31,published_monthly_series
1910-01-01,1910,1,3.400000,31,published_monthly_series
1910-02-01,1910,2,4.700000,28,published_monthly_series
1910-03-01,1910,3,5.500000,31,published_monthly_series
1910-04-01,1910,4,6.300000,30,published_monthly_series
1910-05-01,1910,5,10.200000,31,published_monthly_series
1910-06-01,1910,6,13.300000,30,published_monthly_series
1910-07-01,1910,7,13.400000,31,published_monthly_series
1910-08-01,1910,8,13.800000,31,published_monthly_series
1910-09-01,1910,9,11.900000,30,published_monthly_series
1910-10-01,1910,10,9.700000,31,published_monthly_series
1910-11-01,1910,11,3.800000,30,published_monthly_series
1910-12-01,1910,12,5.700000,31,published_monthly_series
1911-01-01,1911,1,3.500000,31,published_monthly_series
1911-02-01,1911,2,4.100000,28,published_monthly_series
1911-03-01,1911,3,4.500000,31,published_monthly_series
1911-04-01,1911,4,6.400000,30,published_monthly_series
1911-05-01,1911,5,11.600000,31,published_monthly_series
1911-06-01,1911,6,13.300000,30,published_monthly_series
1911-07-01,1911,7,16.400000,31,published_monthly_series
1911-08-01,1911,8,16.900000,31,published_monthly_series
1911-09-01,1911,9,13.000000,30,published_monthly_series
1911-10-01,1911,10,9.200000,31,published_monthly_series
1911-11-01,1911,11,5.600000,30,published_monthly_series
1911-12-01,1911,12,5.900000,31,published_monthly_series
1912-01-01,1912,1,3.300000,31,published_monthly_series
1912-02-01,1912,2,4.600000,29,published_monthly_series
1912-03-01,1912,3,6.400000,31,published_monthly_series
1912-04-01,1912,4,8.200000,30,published_monthly_series
1912-05-01,1912,5,10.600000,31,published_monthly_series
1912-06-01,1912,6,12.300000,30,published_monthly_series
1912-07-01,1912,7,14.800000,31,published_monthly_series
1912-08-01,1912,8,11.800000,31,published_monthly_series
1912-09-01,1912,9,10.500000,30,published_monthly_series
1912-10-01,1912,10,7.800000,31,published_monthly_series
1912-11-01,1912,11,6.100000,30,published_monthly_series
1912-12-01,1912,12,6.500000,31,published_monthly_series
1913-01-01,1913,1,4.300000,31,published_monthly_series
1913-02-01,1913,2,4.300000,28,published_monthly_series
1913-03-01,1913,3,5.400000,31,published_monthly_series
1913-04-01,1913,4,7.100000,30,published_monthly_series
1913-05-01,1913,5,9.900000,31,published_monthly_series
1913-06-01,1913,6,12.600000,30,published_monthly_series
1913-07-01,1913,7,13.900000,31,published_monthly_series
1913-08-01,1913,8,14.400000,31,published_monthly_series
1913-09-01,1913,9,13.100000,30,published_monthly_series
1913-10-01,1913,10,10.500000,31,published_monthly_series
1913-11-01,1913,11,8.000000,30,published_monthly_series
1913-12-01,1913,12,5.000000,31,published_monthly_series
1914-01-01,1914,1,3.100000,31,published_monthly_series
1914-02-01,1914,2,6.000000,28,published_monthly_series
1914-03-01,1914,3,5.500000,31,published_monthly_series
1914-04-01,1914,4,8.900000,30,published_monthly_series
1914-05-01,1914,5,9.600000,31,published_monthly_series
1914-06-01,1914,6,13.300000,30,published_monthly_series
1914-07-01,1914,7,14.600000,31,published_monthly_series
1914-08-01,1914,8,15.100000,31,published_monthly_series
1914-09-01,1914,9,12.700000,30,published_monthly_series
1914-10-01,1914,10,9.700000,31,published_monthly_series
1914-11-01,1914,11,6.100000,30,published_monthly_series
1914-12-01,1914,12,4.200000,31,published_monthly_series
1915-01-01,1915,1,3.700000,31,published_monthly_series
1915-02-01,1915,2,3.600000,28,published_monthly_series
1915-03-01,1915,3,4.400000,31,published_monthly_series
1915-04-01,1915,4,7.200000,30,published_monthly_series
1915-05-01,1915,5,10.300000,31,published_monthly_series
1915-06-01,1915,6,13.200000,30,published_monthly_series
1915-07-01,1915,7,13.400000,31,published_monthly_series
1915-08-01,1915,8,14.100000,31,published_monthly_series
1915-09-01,1915,9,12.700000,30,published_monthly_series
1915-10-01,1915,10,8.600000,31,published_monthly_series
1915-11-01,1915,11,2.600000,30,published_monthly_series
1915-12-01,1915,12,5.100000,31,published_monthly_series
1916-01-01,1916,1,6.900000,31,published_monthly_series
1916-02-01,1916,2,3.300000,29,published_monthly_series
1916-03-01,1916,3,2.800000,31,published_monthly_series
1916-04-01,1916,4,7.200000,30,published_monthly_series
1916-05-01,1916,5,9.900000,31,published_monthly_series
1916-06-01,1916,6,10.700000,30,published_monthly_series
1916-07-01,1916,7,14.200000,31,published_monthly_series
1916-08-01,1916,8,15.100000,31,published_monthly_series
1916-09-01,1916,9,12.500000,30,published_monthly_series
1916-10-01,1916,10,10.100000,31,published_monthly_series
1916-11-01,1916,11,6.100000,30,published_monthly_series
1916-12-01,1916,12,2.000000,31,published_monthly_series
1917-01-01,1917,1,0.900000,31,published_monthly_series
1917-02-01,1917,2,0.700000,28,published_monthly_series
1917-03-01,1917,3,2.800000,31,published_monthly_series
1917-04-01,1917,4,4.700000,30,published_monthly_series
1917-05-01,1917,5,11.300000,31,published_monthly_series
1917-06-01,1917,6,13.000000,30,published_monthly_series
1917-07-01,1917,7,14.900000,31,published_monthly_series
1917-08-01,1917,8,14.100000,31,published_monthly_series
1917-09-01,1917,9,13.000000,30,published_monthly_series
1917-10-01,1917,10,7.400000,31,published_monthly_series
1917-11-01,1917,11,7.500000,30,published_monthly_series
1917-12-01,1917,12,2.500000,31,published_monthly_series
1918-01-01,1918,1,3.800000,31,published_monthly_series
1918-02-01,1918,2,6.200000,28,published_monthly_series
1918-03-01,1918,3,5.100000,31,published_monthly_series
1918-04-01,1918,4,6.300000,30,published_monthly_series
1918-05-01,1918,5,11.300000,31,published_monthly_series
1918-06-01,1918,6,11.900000,30,published_monthly_series
1918-07-01,1918,7,14.100000,31,published_monthly_series
1918-08-01,1918,8,14.800000,31,published_monthly_series
1918-09-01,1918,9,11.200000,30,published_monthly_series
1918-10-01,1918,10,8.600000,31,published_monthly_series
1918-11-01,1918,11,5.500000,30,published_monthly_series
1918-12-01,1918,12,6.800000,31,published_monthly_series
1919-01-01,1919,1,2.900000,31,published_monthly_series
1919-02-01,1919,2,1.400000,28,published_monthly_series
1919-03-01,1919,3,2.800000,31,published_monthly_series
1919-04-01,1919,4,5.900000,30,published_monthly_series
1919-05-01,1919,5,12.000000,31,published_monthly_series
1919-06-01,1919,6,12.600000,30,published_monthly_series
1919-07-01,1919,7,13.200000,31,published_monthly_series
1919-08-01,1919,8,14.400000,31,published_monthly_series
1919-09-01,1919,9,11.800000,30,published_monthly_series
1919-10-01,1919,10,7.600000,31,published_monthly_series
1919-11-01,1919,11,2.900000,30,published_monthly_series
1919-12-01,1919,12,5.400000,31,published_monthly_series
1920-01-01,1920,1,4.700000,31,published_monthly_series
1920-02-01,1920,2,5.600000,29,published_monthly_series
1920-03-01,1920,3,6.000000,31,published_monthly_series
1920-04-01,1920,4,7.300000,30,published_monthly_series
1920-05-01,1920,5,10.300000,31,published_monthly_series
1920-06-01,1920,6,13.100000,30,published_monthly_series
1920-07-01,1920,7,13.000000,31,published_monthly_series
1920-08-01,1920,8,12.800000,31,published_monthly_series
1920-09-01,1920,9,12.000000,30,published_monthly_series
1920-10-01,1920,10,10.100000,31,published_monthly_series
1920-11-01,1920,11,6.900000,30,published_monthly_series
1920-12-01,1920,12,3.900000,31,published_monthly_series
1921-01-01,1921,1,6.700000,31,published_monthly_series
1921-02-01,1921,2,4.400000,28,published_monthly_series
1921-03-01,1921,3,6.400000,31,published_monthly_series
1921-04-01,1921,4,7.400000,30,published_monthly_series
1921-05-01,1921,5,9.900000,31,published_monthly_series
1921-06-01,1921,6,13.500000,30,published_monthly_series
1921-07-01,1921,7,17.000000,31,published_monthly_series
1921-08-01,1921,8,14.100000,31,published_monthly_series
1921-09-01,1921,9,13.100000,30,published_monthly_series
1921-10-01,1921,10,12.200000,31,published_monthly_series
1921-11-01,1921,11,5.100000,30,published_monthly_series
1921-12-01,1921,12,6.200000,31,published_monthly_series
1922-01-01,1922,1,3.800000,31,published_monthly_series
1922-02-01,1922,2,4.300000,28,published_monthly_series
1922-03-01,1922,3,4.100000,31,published_monthly_series
1922-04-01,1922,4,4.800000,30,published_monthly_series
1922-05-01,1922,5,11.100000,31,published_monthly_series
1922-06-01,1922,6,12.300000,30,published_monthly_series
1922-07-01,1922,7,12.300000,31,published_monthly_series
1922-08-01,1922,8,12.300000,31,published_monthly_series
1922-09-01,1922,9,11.400000,30,published_monthly_series
1922-10-01,1922,10,7.800000,31,published_monthly_series
1922-11-01,1922,11,5.600000,30,published_monthly_series
1922-12-01,1922,12,5.500000,31,published_monthly_series
1923-01-01,1923,1,5.200000,31,published_monthly_series
1923-02-01,1923,2,5.500000,28,published_monthly_series
1923-03-01,1923,3,5.900000,31,published_monthly_series
1923-04-01,1923,4,6.900000,30,published_monthly_series
1923-05-01,1923,5,8.300000,31,published_monthly_series
1923-06-01,1923,6,11.500000,30,published_monthly_series
1923-07-01,1923,7,15.700000,31,published_monthly_series
1923-08-01,1923,8,13.800000,31,published_monthly_series
1923-09-01,1923,9,11.300000,30,published_monthly_series
1923-10-01,1923,10,9.100000,31,published_monthly_series
1923-11-01,1923,11,3.300000,30,published_monthly_series
1923-12-01,1923,12,4.300000,31,published_monthly_series
1924-01-01,1924,1,4.500000,31,published_monthly_series
1924-02-01,1924,2,2.900000,29,published_monthly_series
1924-03-01,1924,3,3.900000,31,published_monthly_series
1924-04-01,1924,4,6.100000,30,published_monthly_series
1924-05-01,1924,5,10.200000,31,published_monthly_series
1924-06-01,1924,6,12.400000,30,published_monthly_series
1924-07-01,1924,7,13.800000,31,published_monthly_series
1924-08-01,1924,8,13.000000,31,published_monthly_series
1924-09-01,1924,9,12.200000,30,published_monthly_series
1924-10-01,1924,10,9.600000,31,published_monthly_series
1924-11-01,1924,11,6.500000,30,published_monthly_series
1924-12-01,1924,12,6.700000,31,published_monthly_series
1925-01-01,1925,1,5.200000,31,published_monthly_series
1925-02-01,1925,2,4.500000,28,published_monthly_series
1925-03-01,1925,3,4.400000,31,published_monthly_series
1925-04-01,1925,4,6.600000,30,published_monthly_series
1925-05-01,1925,5,10.000000,31,published_monthly_series
1925-06-01,1925,6,13.700000,30,published_monthly_series
1925-07-01,1925,7,15.300000,31,published_monthly_series
1925-08-01,1925,8,14.400000,31,published_monthly_series
1925-09-01,1925,9,10.800000,30,published_monthly_series
1925-10-01,1925,10,9.900000,31,published_monthly_series
1925-11-01,1925,11,3.300000,30,published_monthly_series
1925-12-01,1925,12,2.900000,31,published_monthly_series
1926-01-01,1926,1,4.600000,31,published_monthly_series
1926-02-01,1926,2,6.100000,28,published_monthly_series
1926-03-01,1926,3,5.700000,31,published_monthly_series
1926-04-01,1926,4,8.300000,30,published_monthly_series
1926-05-01,1926,5,9.100000,31,published_monthly_series
1926-06-01,1926,6,12.000000,30,published_monthly_series
1926-07-01,1926,7,15.800000,31,published_monthly_series
1926-08-01,1926,8,15.100000,31,published_monthly_series
1926-09-01,1926,9,13.500000,30,published_monthly_series
1926-10-01,1926,10,7.600000,31,published_monthly_series
1926-11-01,1926,11,5.300000,30,published_monthly_series
1926-12-01,1926,12,3.900000,31,published_monthly_series
1927-01-01,1927,1,4.400000,31,published_monthly_series
1927-02-01,1927,2,3.800000,28,published_monthly_series
1927-03-01,1927,3,6.300000,31,published_monthly_series
1927-04-01,1927,4,7.000000,30,published_monthly_series
1927-05-01,1927,5,10.300000,31,published_monthly_series
1927-06-01,1927,6,11.300000,30,published_monthly_series
1927-07-01,1927,7,14.600000,31,published_monthly_series
1927-08-01,1927,8,14.400000,31,published_monthly_series
1927-09-01,1927,9,11.600000,30,published_monthly_series
1927-10-01,1927,10,9.900000,31,published_monthly_series
1927-11-01,1927,11,5.800000,30,published_monthly_series
1927-12-01,1927,12,1.800000,31,published_monthly_series
1928-01-01,1928,1,4.800000,31,published_monthly_series
1928-02-01,1928,2,5.400000,29,published_monthly_series
1928-03-01,1928,3,5.100000,31,published_monthly_series
1928-04-01,1928,4,7.500000,30,published_monthly_series
1928-05-01,1928,5,10.200000,31,published_monthly_series
1928-06-01,1928,6,11.900000,30,published_monthly_series
1928-07-01,1928,7,14.300000,31,published_monthly_series
1928-08-01,1928,8,14.000000,31,published_monthly_series
1928-09-01,1928,9,11.700000,30,published_monthly_series
1928-10-01,1928,10,9.700000,31,published_monthly_series
1928-11-01,1928,11,7.300000,30,published_monthly_series
1928-12-01,1928,12,3.600000,31,published_monthly_series
1929-01-01,1929,1,1.500000,31,published_monthly_series
1929-02-01,1929,2,0.500000,28,published_monthly_series
1929-03-01,1929,3,5.600000,31,published_monthly_series
1929-04-01,1929,4,6.100000,30,published_monthly_series
1929-05-01,1929,5,10.100000,31,published_monthly_series
1929-06-01,1929,6,11.800000,30,published_monthly_series
1929-07-01,1929,7,14.400000,31,published_monthly_series
1929-08-01,1929,8,13.700000,31,published_monthly_series
1929-09-01,1929,9,14.000000,30,published_monthly_series
1929-10-01,1929,10,9.000000,31,published_monthly_series
1929-11-01,1929,11,6.400000,30,published_monthly_series
1929-12-01,1929,12,5.500000,31,published_monthly_series
1930-01-01,1930,1,4.800000,31,published_monthly_series
1930-02-01,1930,2,1.700000,28,published_monthly_series
1930-03-01,1930,3,4.500000,31,published_monthly_series
1930-04-01,1930,4,7.200000,30,published_monthly_series
1930-05-01,1930,5,9.600000,31,published_monthly_series
1930-06-01,1930,6,13.600000,30,published_monthly_series
1930-07-01,1930,7,13.900000,31,published_monthly_series
1930-08-01,1930,8,14.200000,31,published_monthly_series
1930-09-01,1930,9,12.700000,30,published_monthly_series
1930-10-01,1930,10,9.900000,31,published_monthly_series
1930-11-01,1930,11,6.100000,30,published_monthly_series
1930-12-01,1930,12,4.500000,31,published_monthly_series
1931-01-01,1931,1,3.200000,31,published_monthly_series
1931-02-01,1931,2,3.600000,28,published_monthly_series
1931-03-01,1931,3,3.600000,31,published_monthly_series
1931-04-01,1931,4,6.600000,30,published_monthly_series
1931-05-01,1931,5,9.800000,31,published_monthly_series
1931-06-01,1931,6,12.900000,30,published_monthly_series
1931-07-01,1931,7,13.700000,31,published_monthly_series
1931-08-01,1931,8,13.500000,31,published_monthly_series
1931-09-01,1931,9,11.000000,30,published_monthly_series
1931-10-01,1931,10,8.300000,31,published_monthly_series
1931-11-01,1931,11,7.300000,30,published_monthly_series
1931-12-01,1931,12,5.300000,31,published_monthly_series
1932-01-01,1932,1,5.800000,31,published_monthly_series
1932-02-01,1932,2,2.600000,29,published_monthly_series
1932-03-01,1932,3,4.100000,31,published_monthly_series
1932-04-01,1932,4,5.800000,30,published_monthly_series
1932-05-01,1932,5,9.000000,31,published_monthly_series
1932-06-01,1932,6,13.200000,30,published_monthly_series
1932-07-01,1932,7,14.500000,31,published_monthly_series
1932-08-01,1932,8,15.900000,31,published_monthly_series
1932-09-01,1932,9,12.300000,30,published_monthly_series
1932-10-01,1932,10,8.300000,31,published_monthly_series
1932-11-01,1932,11,6.200000,30,published_monthly_series
1932-12-01,1932,12,5.300000,31,published_monthly_series
1933-01-01,1933,1,2.100000,31,published_monthly_series
1933-02-01,1933,2,3.400000,28,published_monthly_series
1933-03-01,1933,3,6.600000,31,published_monthly_series
1933-04-01,1933,4,7.700000,30,published_monthly_series
1933-05-01,1933,5,10.700000,31,published_monthly_series
1933-06-01,1933,6,13.900000,30,published_monthly_series
1933-07-01,1933,7,16.000000,31,published_monthly_series
1933-08-01,1933,8,16.000000,31,published_monthly_series
1933-09-01,1933,9,14.100000,30,published_monthly_series
1933-10-01,1933,10,9.500000,31,published_monthly_series
1933-11-01,1933,11,5.100000,30,published_monthly_series
1933-12-01,1933,12,1.100000,31,published_monthly_series
1934-01-01,1934,1,4.100000,31,published_monthly_series
1934-02-01,1934,2,3.200000,28,published_monthly_series
1934-03-01,1934,3,4.300000,31,published_monthly_series
1934-04-01,1934,4,6.600000,30,published_monthly_series
1934-05-01,1934,5,9.900000,31,published_monthly_series
1934-06-01,1934,6,13.800000,30,published_monthly_series
1934-07-01,1934,7,16.800000,31,published_monthly_series
1934-08-01,1934,8,13.800000,31,published_monthly_series
1934-09-01,1934,9,13.200000,30,published_monthly_series
1934-10-01,1934,10,9.600000,31,published_monthly_series
1934-11-01,1934,11,5.600000,30,published_monthly_series
1934-12-01,1934,12,7.500000,31,published_monthly_series
1935-01-01,1935,1,4.200000,31,published_monthly_series
1935-02-01,1935,2,5.200000,28,published_monthly_series
1935-03-01,1935,3,5.700000,31,published_monthly_series
1935-04-01,1935,4,7.200000,30,published_monthly_series
1935-05-01,1935,5,9.500000,31,published_monthly_series
1935-06-01,1935,6,13.400000,30,published_monthly_series
1935-07-01,1935,7,15.500000,31,published_monthly_series
1935-08-01,1935,8,14.900000,31,published_monthly_series
1935-09-01,1935,9,12.600000,30,published_monthly_series
1935-10-01,1935,10,8.900000,31,published_monthly_series
1935-11-01,1935,11,5.900000,30,published_monthly_series
1935-12-01,1935,12,2.900000,31,published_monthly_series
1936-01-01,1936,1,3.300000,31,published_monthly_series
1936-02-01,1936,2,2.500000,29,published_monthly_series
1936-03-01,1936,3,6.100000,31,published_monthly_series
1936-04-01,1936,4,5.500000,30,published_monthly_series
1936-05-01,1936,5,10.400000,31,published_monthly_series
1936-06-01,1936,6,13.200000,30,published_monthly_series
1936-07-01,1936,7,13.800000,31,published_monthly_series
1936-08-01,1936,8,14.700000,31,published_monthly_series
1936-09-01,1936,9,13.300000,30,published_monthly_series
1936-10-01,1936,10,9.000000,31,published_monthly_series
1936-11-01,1936,11,5.600000,30,published_monthly_series
1936-12-01,1936,12,5.300000,31,published_monthly_series
1937-01-01,1937,1,4.800000,31,published_monthly_series
1937-02-01,1937,2,5.100000,28,published_monthly_series
1937-03-01,1937,3,2.900000,31,published_monthly_series
1937-04-01,1937,4,8.400000,30,published_monthly_series
1937-05-01,1937,5,10.800000,31,published_monthly_series
1937-06-01,1937,6,12.600000,30,published_monthly_series
1937-07-01,1937,7,14.400000,31,published_monthly_series
1937-08-01,1937,8,15.400000,31,published_monthly_series
1937-09-01,1937,9,12.400000,30,published_monthly_series
1937-10-01,1937,10,9.500000,31,published_monthly_series
1937-11-01,1937,11,5.000000,30,published_monthly_series
1937-12-01,1937,12,3.000000,31,published_monthly_series
1938-01-01,1938,1,5.400000,31,published_monthly_series
1938-02-01,1938,2,4.400000,28,published_monthly_series
1938-03-01,1938,3,7.500000,31,published_monthly_series
1938-04-01,1938,4,6.800000,30,published_monthly_series
1938-05-01,1938,5,9.700000,31,published_monthly_series
1938-06-01,1938,6,12.500000,30,published_monthly_series
1938-07-01,1938,7,13.300000,31,published_monthly_series
1938-08-01,1938,8,14.300000,31,published_monthly_series
1938-09-01,1938,9,12.500000,30,published_monthly_series
1938-10-01,1938,10,10.000000,31,published_monthly_series
1938-11-01,1938,11,8.700000,30,published_monthly_series
1938-12-01,1938,12,4.300000,31,published_monthly_series
1939-01-01,1939,1,3.800000,31,published_monthly_series
1939-02-01,1939,2,4.900000,28,published_monthly_series
1939-03-01,1939,3,5.300000,31,published_monthly_series
1939-04-01,1939,4,7.700000,30,published_monthly_series
1939-05-01,1939,5,10.300000,31,published_monthly_series
1939-06-01,1939,6,13.200000,30,published_monthly_series
1939-07-01,1939,7,13.700000,31,published_monthly_series
1939-08-01,1939,8,15.200000,31,published_monthly_series
1939-09-01,1939,9,13.000000,30,published_monthly_series
1939-10-01,1939,10,7.800000,31,published_monthly_series
1939-11-01,1939,11,8.100000,30,published_monthly_series
1939-12-01,1939,12,3.200000,31,published_monthly_series
1940-01-01,1940,1,-0.700000,31,published_monthly_series
1940-02-01,1940,2,2.800000,29,published_monthly_series
1940-03-01,1940,3,5.300000,31,published_monthly_series
1940-04-01,1940,4,7.900000,30,published_monthly_series
1940-05-01,1940,5,11.100000,31,published_monthly_series
1940-06-01,1940,6,14.900000,30,published_monthly_series
1940-07-01,1940,7,13.600000,31,published_monthly_series
1940-08-01,1940,8,14.500000,31,published_monthly_series
1940-09-01,1940,9,11.800000,30,published_monthly_series
1940-10-01,1940,10,9.000000,31,published_monthly_series
1940-11-01,1940,11,6.600000,30,published_monthly_series
1940-12-01,1940,12,4.000000,31,published_monthly_series
1941-01-01,1941,1,0.000000,31,published_monthly_series
1941-02-01,1941,2,3.000000,28,published_monthly_series
1941-03-01,1941,3,4.500000,31,published_monthly_series
1941-04-01,1941,4,5.800000,30,published_monthly_series
1941-05-01,1941,5,8.400000,31,published_monthly_series
1941-06-01,1941,6,13.500000,30,published_monthly_series
1941-07-01,1941,7,15.300000,31,published_monthly_series
1941-08-01,1941,8,13.500000,31,published_monthly_series
1941-09-01,1941,9,13.900000,30,published_monthly_series
1941-10-01,1941,10,10.000000,31,published_monthly_series
1941-11-01,1941,11,6.400000,30,published_monthly_series
1941-12-01,1941,12,5.700000,31,published_monthly_series
1942-01-01,1942,1,2.000000,31,published_monthly_series
1942-02-01,1942,2,0.400000,28,published_monthly_series
1942-03-01,1942,3,5.200000,31,published_monthly_series
1942-04-01,1942,4,8.500000,30,published_monthly_series
1942-05-01,1942,5,10.000000,31,published_monthly_series
1942-06-01,1942,6,13.000000,30,published_monthly_series
1942-07-01,1942,7,14.000000,31,published_monthly_series
1942-08-01,1942,8,15.000000,31,published_monthly_series
1942-09-01,1942,9,12.600000,30,published_monthly_series
1942-10-01,1942,10,9.700000,31,published_monthly_series
1942-11-01,1942,11,4.800000,30,published_monthly_series
1942-12-01,1942,12,6.700000,31,published_monthly_series
1943-01-01,1943,1,4.900000,31,published_monthly_series
1943-02-01,1943,2,5.600000,28,published_monthly_series
1943-03-01,1943,3,6.100000,31,published_monthly_series
1943-04-01,1943,4,9.200000,30,published_monthly_series
1943-05-01,1943,5,10.400000,31,published_monthly_series
1943-06-01,1943,6,12.800000,30,published_monthly_series
1943-07-01,1943,7,14.900000,31,published_monthly_series
1943-08-01,1943,8,14.400000,31,published_monthly_series
1943-09-01,1943,9,11.900000,30,published_monthly_series
1943-10-01,1943,10,9.800000,31,published_monthly_series
1943-11-01,1943,11,6.300000,30,published_monthly_series
1943-12-01,1943,12,3.400000,31,published_monthly_series
1944-01-01,1944,1,5.800000,31,published_monthly_series
1944-02-01,1944,2,3.300000,29,published_monthly_series
1944-03-01,1944,3,4.700000,31,published_monthly_series
1944-04-01,1944,4,9.000000,30,published_monthly_series
1944-05-01,1944,5,10.000000,31,published_monthly_series
1944-06-01,1944,6,12.200000,30,published_monthly_series
1944-07-01,1944,7,14.900000,31,published_monthly_series
1944-08-01,1944,8,15.500000,31,published_monthly_series
1944-09-01,1944,9,11.500000,30,published_monthly_series
1944-10-01,1944,10,8.500000,31,published_monthly_series
1944-11-01,1944,11,6.100000,30,published_monthly_series
1944-12-01,1944,12,4.100000,31,published_monthly_series
1945-01-01,1945,1,0.600000,31,published_monthly_series
1945-02-01,1945,2,6.100000,28,published_monthly_series
1945-03-01,1945,3,6.800000,31,published_monthly_series
1945-04-01,1945,4,9.200000,30,published_monthly_series
1945-05-01,1945,5,10.700000,31,published_monthly_series
1945-06-01,1945,6,12.800000,30,published_monthly_series
1945-07-01,1945,7,14.600000,31,published_monthly_series
1945-08-01,1945,8,14.600000,31,published_monthly_series
1945-09-01,1945,9,13.100000,30,published_monthly_series
1945-10-01,1945,10,11.000000,31,published_monthly_series
1945-11-01,1945,11,6.700000,30,published_monthly_series
1945-12-01,1945,12,5.300000,31,published_monthly_series
1946-01-01,1946,1,2.700000,31,published_monthly_series
1946-02-01,1946,2,5.500000,28,published_monthly_series
1946-03-01,1946,3,4.500000,31,published_monthly_series
1946-04-01,1946,4,8.800000,30,published_monthly_series
1946-05-01,1946,5,9.700000,31,published_monthly_series
1946-06-01,1946,6,11.400000,30,published_monthly_series
1946-07-01,1946,7,14.100000,31,published_monthly_series
1946-08-01,1946,8,12.900000,31,published_monthly_series
1946-09-01,1946,9,12.800000,30,published_monthly_series
1946-10-01,1946,10,9.100000,31,published_monthly_series
1946-11-01,1946,11,7.700000,30,published_monthly_series
1946-12-01,1946,12,3.200000,31,published_monthly_series
1947-01-01,1947,1,2.000000,31,published_monthly_series
1947-02-01,1947,2,-2.300000,28,published_monthly_series
1947-03-01,1947,3,3.100000,31,published_monthly_series
1947-04-01,1947,4,7.300000,30,published_monthly_series
1947-05-01,1947,5,11.400000,31,published_monthly_series
1947-06-01,1947,6,13.500000,30,published_monthly_series
1947-07-01,1947,7,14.700000,31,published_monthly_series
1947-08-01,1947,8,17.200000,31,published_monthly_series
1947-09-01,1947,9,13.600000,30,published_monthly_series
1947-10-01,1947,10,9.900000,31,published_monthly_series
1947-11-01,1947,11,6.900000,30,published_monthly_series
1947-12-01,1947,12,4.900000,31,published_monthly_series
1948-01-01,1948,1,4.800000,31,published_monthly_series
1948-02-01,1948,2,4.000000,29,published_monthly_series
1948-03-01,1948,3,7.800000,31,published_monthly_series
1948-04-01,1948,4,7.700000,30,published_monthly_series
1948-05-01,1948,5,10.200000,31,published_monthly_series
1948-06-01,1948,6,12.100000,30,published_monthly_series
1948-07-01,1948,7,14.200000,31,published_monthly_series
1948-08-01,1948,8,13.800000,31,published_monthly_series
1948-09-01,1948,9,12.700000,30,published_monthly_series
1948-10-01,1948,10,9.600000,31,published_monthly_series
1948-11-01,1948,11,7.500000,30,published_monthly_series
1948-12-01,1948,12,5.200000,31,published_monthly_series
1949-01-01,1949,1,5.200000,31,published_monthly_series
1949-02-01,1949,2,5.100000,28,published_monthly_series
1949-03-01,1949,3,4.900000,31,published_monthly_series
1949-04-01,1949,4,8.600000,30,published_monthly_series
1949-05-01,1949,5,9.900000,31,published_monthly_series
1949-06-01,1949,6,13.900000,30,published_monthly_series
1949-07-01,1949,7,16.200000,31,published_monthly_series
1949-08-01,1949,8,15.300000,31,published_monthly_series
1949-09-01,1949,9,14.900000,30,published_monthly_series
1949-10-01,1949,10,11.200000,31,published_monthly_series
1949-11-01,1949,11,6.400000,30,published_monthly_series
1949-12-01,1949,12,5.500000,31,published_monthly_series
1950-01-01,1950,1,4.000000,31,published_monthly_series
1950-02-01,1950,2,4.900000,28,published_monthly_series
1950-03-01,1950,3,6.800000,31,published_monthly_series
1950-04-01,1950,4,6.800000,30,published_monthly_series
1950-05-01,1950,5,10.500000,31,published_monthly_series
1950-06-01,1950,6,14.400000,30,published_monthly_series
1950-07-01,1950,7,14.400000,31,published_monthly_series
1950-08-01,1950,8,13.900000,31,published_monthly_series
1950-09-01,1950,9,11.900000,30,published_monthly_series
1950-10-01,1950,10,9.000000,31,published_monthly_series
1950-11-01,1950,11,5.200000,30,published_monthly_series
1950-12-01,1950,12,1.400000,31,published_monthly_series
1951-01-01,1951,1,3.500000,31,published_monthly_series
1951-02-01,1951,2,3.100000,28,published_monthly_series
1951-03-01,1951,3,3.400000,31,published_monthly_series
1951-04-01,1951,4,5.900000,30,published_monthly_series
1951-05-01,1951,5,8.900000,31,published_monthly_series
1951-06-01,1951,6,12.700000,30,published_monthly_series
1951-07-01,1951,7,14.800000,31,published_monthly_series
1951-08-01,1951,8,13.500000,31,published_monthly_series
1951-09-01,1951,9,13.100000,30,published_monthly_series
1951-10-01,1951,10,9.300000,31,published_monthly_series
1951-11-01,1951,11,7.600000,30,published_monthly_series
1951-12-01,1951,12,5.400000,31,published_monthly_series
1952-01-01,1952,1,2.700000,31,published_monthly_series
1952-02-01,1952,2,3.200000,29,published_monthly_series
1952-03-01,1952,3,6.100000,31,published_monthly_series
1952-04-01,1952,4,8.200000,30,published_monthly_series
1952-05-01,1952,5,11.800000,31,published_monthly_series
1952-06-01,1952,6,12.500000,30,published_monthly_series
1952-07-01,1952,7,15.100000,31,published_monthly_series
1952-08-01,1952,8,14.500000,31,published_monthly_series
1952-09-01,1952,9,10.200000,30,published_monthly_series
1952-10-01,1952,10,8.500000,31,published_monthly_series
1952-11-01,1952,11,4.100000,30,published_monthly_series
1952-12-01,1952,12,3.300000,31,published_monthly_series
1953-01-01,1953,1,3.200000,31,published_monthly_series
1953-02-01,1953,2,3.600000,28,published_monthly_series
1953-03-01,1953,3,5.200000,31,published_monthly_series
1953-04-01,1953,4,6.500000,30,published_monthly_series
1953-05-01,1953,5,11.400000,31,published_monthly_series
1953-06-01,1953,6,13.000000,30,published_monthly_series
1953-07-01,1953,7,14.200000,31,published_monthly_series
1953-08-01,1953,8,14.800000,31,published_monthly_series
1953-09-01,1953,9,12.900000,30,published_monthly_series
1953-10-01,1953,10,9.200000,31,published_monthly_series
1953-11-01,1953,11,8.100000,30,published_monthly_series
1953-12-01,1953,12,7.000000,31,published_monthly_series
1954-01-01,1954,1,2.900000,31,published_monthly_series
1954-02-01,1954,2,2.500000,28,published_monthly_series
1954-03-01,1954,3,5.300000,31,published_monthly_series
1954-04-01,1954,4,6.800000,30,published_monthly_series
1954-05-01,1954,5,10.100000,31,published_monthly_series
1954-06-01,1954,6,12.200000,30,published_monthly_series
1954-07-01,1954,7,12.700000,31,published_monthly_series
1954-08-01,1954,8,13.100000,31,published_monthly_series
1954-09-01,1954,9,11.900000,30,published_monthly_series
1954-10-01,1954,10,11.000000,31,published_monthly_series
1954-11-01,1954,11,6.600000,30,published_monthly_series
1954-12-01,1954,12,6.300000,31,published_monthly_series
1955-01-01,1955,1,2.600000,31,published_monthly_series
1955-02-01,1955,2,0.900000,28,published_monthly_series
1955-03-01,1955,3,2.700000,31,published_monthly_series
1955-04-01,1955,4,8.100000,30,published_monthly_series
1955-05-01,1955,5,8.700000,31,published_monthly_series
1955-06-01,1955,6,12.700000,30,published_monthly_series
1955-07-01,1955,7,16.400000,31,published_monthly_series
1955-08-01,1955,8,17.000000,31,published_monthly_series
1955-09-01,1955,9,13.200000,30,published_monthly_series
1955-10-01,1955,10,8.800000,31,published_monthly_series
1955-11-01,1955,11,6.300000,30,published_monthly_series
1955-12-01,1955,12,5.600000,31,published_monthly_series
1956-01-01,1956,1,3.700000,31,published_monthly_series
1956-02-01,1956,2,-0.500000,29,published_monthly_series
1956-03-01,1956,3,5.700000,31,published_monthly_series
1956-04-01,1956,4,6.300000,30,published_monthly_series
1956-05-01,1956,5,10.400000,31,published_monthly_series
1956-06-01,1956,6,12.000000,30,published_monthly_series
1956-07-01,1956,7,14.400000,31,published_monthly_series
1956-08-01,1956,8,12.500000,31,published_monthly_series
1956-09-01,1956,9,13.300000,30,published_monthly_series
1956-10-01,1956,10,9.000000,31,published_monthly_series
1956-11-01,1956,11,6.000000,30,published_monthly_series
1956-12-01,1956,12,5.600000,31,published_monthly_series
1957-01-01,1957,1,4.900000,31,published_monthly_series
1957-02-01,1957,2,4.600000,28,published_monthly_series
1957-03-01,1957,3,8.600000,31,published_monthly_series
1957-04-01,1957,4,8.100000,30,published_monthly_series
1957-05-01,1957,5,9.700000,31,published_monthly_series
1957-06-01,1957,6,13.900000,30,published_monthly_series
1957-07-01,1957,7,15.000000,31,published_monthly_series
1957-08-01,1957,8,14.400000,31,published_monthly_series
1957-09-01,1957,9,11.700000,30,published_monthly_series
1957-10-01,1957,10,10.200000,31,published_monthly_series
1957-11-01,1957,11,5.800000,30,published_monthly_series
1957-12-01,1957,12,4.300000,31,published_monthly_series
1958-01-01,1958,1,3.600000,31,published_monthly_series
1958-02-01,1958,2,4.600000,28,published_monthly_series
1958-03-01,1958,3,3.300000,31,published_monthly_series
1958-04-01,1958,4,6.500000,30,published_monthly_series
1958-05-01,1958,5,9.900000,31,published_monthly_series
1958-06-01,1958,6,12.500000,30,published_monthly_series
1958-07-01,1958,7,14.400000,31,published_monthly_series
1958-08-01,1958,8,14.300000,31,published_monthly_series
1958-09-01,1958,9,13.900000,30,published_monthly_series
1958-10-01,1958,10,10.000000,31,published_monthly_series
1958-11-01,1958,11,6.400000,30,published_monthly_series
1958-12-01,1958,12,4.400000,31,published_monthly_series
1959-01-01,1959,1,2.200000,31,published_monthly_series
1959-02-01,1959,2,4.400000,28,published_monthly_series
1959-03-01,1959,3,6.500000,31,published_monthly_series
1959-04-01,1959,4,8.200000,30,published_monthly_series
1959-05-01,1959,5,11.700000,31,published_monthly_series
1959-06-01,1959,6,13.600000,30,published_monthly_series
1959-07-01,1959,7,15.300000,31,published_monthly_series
1959-08-01,1959,8,15.500000,31,published_monthly_series
1959-09-01,1959,9,13.800000,30,published_monthly_series
1959-10-01,1959,10,11.800000,31,published_monthly_series
1959-11-01,1959,11,6.900000,30,published_monthly_series
1959-12-01,1959,12,5.500000,31,published_monthly_series
1960-01-01,1960,1,3.800000,31,published_monthly_series
1960-02-01,1960,2,3.300000,29,published_monthly_series
1960-03-01,1960,3,5.800000,31,published_monthly_series
1960-04-01,1960,4,7.800000,30,published_monthly_series
1960-05-01,1960,5,11.700000,31,published_monthly_series
1960-06-01,1960,6,14.600000,30,published_monthly_series
1960-07-01,1960,7,13.800000,31,published_monthly_series
1960-08-01,1960,8,13.700000,31,published_monthly_series
1960-09-01,1960,9,12.000000,30,published_monthly_series
1960-10-01,1960,10,9.200000,31,published_monthly_series
1960-11-01,1960,11,6.500000,30,published_monthly_series
1960-12-01,1960,12,3.400000,31,published_monthly_series
1961-01-01,1961,1,3.200000,31,published_monthly_series
1961-02-01,1961,2,6.200000,28,published_monthly_series
1961-03-01,1961,3,7.100000,31,published_monthly_series
1961-04-01,1961,4,8.800000,30,published_monthly_series
1961-05-01,1961,5,9.900000,31,published_monthly_series
1961-06-01,1961,6,12.600000,30,published_monthly_series
1961-07-01,1961,7,13.700000,31,published_monthly_series
1961-08-01,1961,8,14.100000,31,published_monthly_series
1961-09-01,1961,9,13.900000,30,published_monthly_series
1961-10-01,1961,10,9.900000,31,published_monthly_series
1961-11-01,1961,11,5.800000,30,published_monthly_series
1961-12-01,1961,12,2.200000,31,published_monthly_series
1962-01-01,1962,1,4.100000,31,published_monthly_series
1962-02-01,1962,2,4.000000,28,published_monthly_series
1962-03-01,1962,3,2.100000,31,published_monthly_series
1962-04-01,1962,4,6.600000,30,published_monthly_series
1962-05-01,1962,5,8.900000,31,published_monthly_series
1962-06-01,1962,6,12.200000,30,published_monthly_series
1962-07-01,1962,7,13.700000,31,published_monthly_series
1962-08-01,1962,8,13.000000,31,published_monthly_series
1962-09-01,1962,9,11.600000,30,published_monthly_series
1962-10-01,1962,10,9.600000,31,published_monthly_series
1962-11-01,1962,11,5.100000,30,published_monthly_series
1962-12-01,1962,12,2.300000,31,published_monthly_series
1963-01-01,1963,1,-2.600000,31,published_monthly_series
1963-02-01,1963,2,-1.100000,28,published_monthly_series
1963-03-01,1963,3,5.200000,31,published_monthly_series
1963-04-01,1963,4,7.400000,30,published_monthly_series
1963-05-01,1963,5,9.300000,31,published_monthly_series
1963-06-01,1963,6,13.600000,30,published_monthly_series
1963-07-01,1963,7,13.700000,31,published_monthly_series
1963-08-01,1963,8,13.100000,31,published_monthly_series
1963-09-01,1963,9,11.900000,30,published_monthly_series
1963-10-01,1963,10,10.100000,31,published_monthly_series
1963-11-01,1963,11,7.400000,30,published_monthly_series
1963-12-01,1963,12,2.300000,31,published_monthly_series
1964-01-01,1964,1,3.300000,31,published_monthly_series
1964-02-01,1964,2,3.800000,29,published_monthly_series
1964-03-01,1964,3,4.000000,31,published_monthly_series
1964-04-01,1964,4,7.600000,30,published_monthly_series
1964-05-01,1964,5,11.700000,31,published_monthly_series
1964-06-01,1964,6,12.400000,30,published_monthly_series
1964-07-01,1964,7,14.300000,31,published_monthly_series
1964-08-01,1964,8,14.000000,31,published_monthly_series
1964-09-01,1964,9,13.000000,30,published_monthly_series
1964-10-01,1964,10,8.100000,31,published_monthly_series
1964-11-01,1964,11,7.100000,30,published_monthly_series
1964-12-01,1964,12,3.300000,31,published_monthly_series
1965-01-01,1965,1,3.100000,31,published_monthly_series
1965-02-01,1965,2,2.400000,28,published_monthly_series
1965-03-01,1965,3,4.600000,31,published_monthly_series
1965-04-01,1965,4,7.100000,30,published_monthly_series
1965-05-01,1965,5,10.200000,31,published_monthly_series
1965-06-01,1965,6,12.700000,30,published_monthly_series
1965-07-01,1965,7,12.900000,31,published_monthly_series
1965-08-01,1965,8,13.800000,31,published_monthly_series
1965-09-01,1965,9,10.900000,30,published_monthly_series
1965-10-01,1965,10,10.300000,31,published_monthly_series
1965-11-01,1965,11,4.200000,30,published_monthly_series
1965-12-01,1965,12,4.600000,31,published_monthly_series
1966-01-01,1966,1,2.600000,31,published_monthly_series
1966-02-01,1966,2,5.100000,28,published_monthly_series
1966-03-01,1966,3,5.800000,31,published_monthly_series
1966-04-01,1966,4,6.400000,30,published_monthly_series
1966-05-01,1966,5,9.900000,31,published_monthly_series
1966-06-01,1966,6,13.600000,30,published_monthly_series
1966-07-01,1966,7,13.600000,31,published_monthly_series
1966-08-01,1966,8,13.500000,31,published_monthly_series
1966-09-01,1966,9,12.800000,30,published_monthly_series
1966-10-01,1966,10,9.300000,31,published_monthly_series
1966-11-01,1966,11,5.000000,30,published_monthly_series
1966-12-01,1966,12,5.500000,31,published_monthly_series
1967-01-01,1967,1,4.100000,31,published_monthly_series
1967-02-01,1967,2,4.700000,28,published_monthly_series
1967-03-01,1967,3,6.000000,31,published_monthly_series
1967-04-01,1967,4,7.000000,30,published_monthly_series
1967-05-01,1967,5,9.100000,31,published_monthly_series
1967-06-01,1967,6,12.800000,30,published_monthly_series
1967-07-01,1967,7,14.800000,31,published_monthly_series
1967-08-01,1967,8,14.200000,31,published_monthly_series
1967-09-01,1967,9,12.500000,30,published_monthly_series
1967-10-01,1967,10,9.700000,31,published_monthly_series
1967-11-01,1967,11,5.000000,30,published_monthly_series
1967-12-01,1967,12,4.300000,31,published_monthly_series
1968-01-01,1968,1,4.300000,31,published_monthly_series
1968-02-01,1968,2,1.400000,29,published_monthly_series
1968-03-01,1968,3,5.300000,31,published_monthly_series
1968-04-01,1968,4,6.700000,30,published_monthly_series
1968-05-01,1968,5,8.600000,31,published_monthly_series
1968-06-01,1968,6,13.300000,30,published_monthly_series
1968-07-01,1968,7,13.900000,31,published_monthly_series
1968-08-01,1968,8,14.600000,31,published_monthly_series
1968-09-01,1968,9,12.800000,30,published_monthly_series
1968-10-01,1968,10,11.700000,31,published_monthly_series
1968-11-01,1968,11,6.100000,30,published_monthly_series
1968-12-01,1968,12,3.000000,31,published_monthly_series
1969-01-01,1969,1,4.900000,31,published_monthly_series
1969-02-01,1969,2,0.600000,28,published_monthly_series
1969-03-01,1969,3,3.100000,31,published_monthly_series
1969-04-01,1969,4,6.600000,30,published_monthly_series
1969-05-01,1969,5,9.800000,31,published_monthly_series
1969-06-01,1969,6,12.600000,30,published_monthly_series
1969-07-01,1969,7,14.900000,31,published_monthly_series
1969-08-01,1969,8,14.700000,31,published_monthly_series
1969-09-01,1969,9,12.700000,30,published_monthly_series
1969-10-01,1969,10,12.100000,31,published_monthly_series
1969-11-01,1969,11,5.000000,30,published_monthly_series
1969-12-01,1969,12,3.000000,31,published_monthly_series
1970-01-01,1970,1,3.600000,31,published_monthly_series
1970-02-01,1970,2,2.600000,28,published_monthly_series
1970-03-01,1970,3,3.200000,31,published_monthly_series
1970-04-01,1970,4,5.600000,30,published_monthly_series
1970-05-01,1970,5,11.400000,31,published_monthly_series
1970-06-01,1970,6,14.800000,30,published_monthly_series
1970-07-01,1970,7,13.600000,31,published_monthly_series
1970-08-01,1970,8,14.500000,31,published_monthly_series
1970-09-01,1970,9,13.300000,30,published_monthly_series
1970-10-01,1970,10,9.800000,31,published_monthly_series
1970-11-01,1970,11,7.400000,30,published_monthly_series
1970-12-01,1970,12,3.900000,31,published_monthly_series
1971-01-01,1971,1,4.300000,31,published_monthly_series
1971-02-01,1971,2,4.000000,28,published_monthly_series
1971-03-01,1971,3,4.500000,31,published_monthly_series
1971-04-01,1971,4,7.000000,30,published_monthly_series
1971-05-01,1971,5,10.400000,31,published_monthly_series
1971-06-01,1971,6,11.400000,30,published_monthly_series
1971-07-01,1971,7,15.600000,31,published_monthly_series
1971-08-01,1971,8,14.300000,31,published_monthly_series
1971-09-01,1971,9,13.700000,30,published_monthly_series
1971-10-01,1971,10,10.800000,31,published_monthly_series
1971-11-01,1971,11,6.000000,30,published_monthly_series
1971-12-01,1971,12,6.100000,31,published_monthly_series
1972-01-01,1972,1,3.500000,31,published_monthly_series
1972-02-01,1972,2,3.700000,29,published_monthly_series
1972-03-01,1972,3,5.700000,31,published_monthly_series
1972-04-01,1972,4,7.200000,30,published_monthly_series
1972-05-01,1972,5,8.900000,31,published_monthly_series
1972-06-01,1972,6,10.000000,30,published_monthly_series
1972-07-01,1972,7,14.300000,31,published_monthly_series
1972-08-01,1972,8,13.600000,31,published_monthly_series
1972-09-01,1972,9,10.700000,30,published_monthly_series
1972-10-01,1972,10,9.600000,31,published_monthly_series
1972-11-01,1972,11,6.000000,30,published_monthly_series
1972-12-01,1972,12,5.600000,31,published_monthly_series
1973-01-01,1973,1,4.200000,31,published_monthly_series
1973-02-01,1973,2,4.000000,28,published_monthly_series
1973-03-01,1973,3,5.300000,31,published_monthly_series
1973-04-01,1973,4,6.100000,30,published_monthly_series
1973-05-01,1973,5,10.200000,31,published_monthly_series
1973-06-01,1973,6,13.300000,30,published_monthly_series
1973-07-01,1973,7,14.200000,31,published_monthly_series
1973-08-01,1973,8,15.300000,31,published_monthly_series
1973-09-01,1973,9,13.100000,30,published_monthly_series
1973-10-01,1973,10,8.700000,31,published_monthly_series
1973-11-01,1973,11,6.300000,30,published_monthly_series
1973-12-01,1973,12,4.800000,31,published_monthly_series
1974-01-01,1974,1,5.400000,31,published_monthly_series
1974-02-01,1974,2,4.800000,28,published_monthly_series
1974-03-01,1974,3,4.800000,31,published_monthly_series
1974-04-01,1974,4,7.500000,30,published_monthly_series
1974-05-01,1974,5,9.500000,31,published_monthly_series
1974-06-01,1974,6,12.400000,30,published_monthly_series
1974-07-01,1974,7,13.500000,31,published_monthly_series
1974-08-01,1974,8,13.400000,31,published_monthly_series
1974-09-01,1974,9,10.700000,30,published_monthly_series
1974-10-01,1974,10,7.200000,31,published_monthly_series
1974-11-01,1974,11,6.000000,30,published_monthly_series
1974-12-01,1974,12,7.200000,31,published_monthly_series
1975-01-01,1975,1,6.100000,31,published_monthly_series
1975-02-01,1975,2,4.200000,28,published_monthly_series
1975-03-01,1975,3,4.100000,31,published_monthly_series
1975-04-01,1975,4,7.200000,30,published_monthly_series
1975-05-01,1975,5,9.100000,31,published_monthly_series
1975-06-01,1975,6,13.500000,30,published_monthly_series
1975-07-01,1975,7,15.800000,31,published_monthly_series
1975-08-01,1975,8,16.400000,31,published_monthly_series
1975-09-01,1975,9,11.900000,30,published_monthly_series
1975-10-01,1975,10,9.300000,31,published_monthly_series
1975-11-01,1975,11,6.000000,30,published_monthly_series
1975-12-01,1975,12,5.000000,31,published_monthly_series
1976-01-01,1976,1,5.100000,31,published_monthly_series
1976-02-01,1976,2,3.700000,29,published_monthly_series
1976-03-01,1976,3,4.000000,31,published_monthly_series
1976-04-01,1976,4,7.100000,30,published_monthly_series
1976-05-01,1976,5,10.300000,31,published_monthly_series
1976-06-01,1976,6,14.800000,30,published_monthly_series
1976-07-01,1976,7,16.400000,31,published_monthly_series
1976-08-01,1976,8,16.300000,31,published_monthly_series
1976-09-01,1976,9,12.000000,30,published_monthly_series
1976-10-01,1976,10,9.200000,31,published_monthly_series
1976-11-01,1976,11,5.800000,30,published_monthly_series
1976-12-01,1976,12,1.900000,31,published_monthly_series
1977-01-01,1977,1,2.300000,31,published_monthly_series
1977-02-01,1977,2,4.600000,28,published_monthly_series
1977-03-01,1977,3,6.200000,31,published_monthly_series
1977-04-01,1977,4,6.100000,30,published_monthly_series
1977-05-01,1977,5,9.600000,31,published_monthly_series
1977-06-01,1977,6,11.400000,30,published_monthly_series
1977-07-01,1977,7,14.900000,31,published_monthly_series
1977-08-01,1977,8,14.100000,31,published_monthly_series
1977-09-01,1977,9,11.900000,30,published_monthly_series
1977-10-01,1977,10,11.000000,31,published_monthly_series
1977-11-01,1977,11,5.600000,30,published_monthly_series
1977-12-01,1977,12,5.600000,31,published_monthly_series
1978-01-01,1978,1,3.200000,31,published_monthly_series
1978-02-01,1978,2,2.100000,28,published_monthly_series
1978-03-01,1978,3,5.700000,31,published_monthly_series
1978-04-01,1978,4,5.600000,30,published_monthly_series
1978-05-01,1978,5,10.600000,31,published_monthly_series
1978-06-01,1978,6,12.200000,30,published_monthly_series
1978-07-01,1978,7,13.300000,31,published_monthly_series
1978-08-01,1978,8,13.600000,31,published_monthly_series
1978-09-01,1978,9,12.700000,30,published_monthly_series
1978-10-01,1978,10,11.200000,31,published_monthly_series
1978-11-01,1978,11,7.900000,30,published_monthly_series
1978-12-01,1978,12,3.900000,31,published_monthly_series
1979-01-01,1979,1,0.200000,31,published_monthly_series
1979-02-01,1979,2,0.700000,28,published_monthly_series
1979-03-01,1979,3,3.700000,31,published_monthly_series
1979-04-01,1979,4,6.600000,30,published_monthly_series
1979-05-01,1979,5,8.100000,31,published_monthly_series
1979-06-01,1979,6,12.400000,30,published_monthly_series
1979-07-01,1979,7,14.500000,31,published_monthly_series
1979-08-01,1979,8,13.300000,31,published_monthly_series
1979-09-01,1979,9,12.000000,30,published_monthly_series
1979-10-01,1979,10,10.300000,31,published_monthly_series
1979-11-01,1979,11,6.600000,30,published_monthly_series
1979-12-01,1979,12,5.300000,31,published_monthly_series
1980-01-01,1980,1,1.900000,31,published_monthly_series
1980-02-01,1980,2,5.400000,29,published_monthly_series
1980-03-01,1980,3,4.100000,31,published_monthly_series
1980-04-01,1980,4,7.700000,30,published_monthly_series
1980-05-01,1980,5,10.300000,31,published_monthly_series
1980-06-01,1980,6,12.300000,30,published_monthly_series
1980-07-01,1980,7,13.400000,31,published_monthly_series
1980-08-01,1980,8,14.300000,31,published_monthly_series
1980-09-01,1980,9,13.400000,30,published_monthly_series
1980-10-01,1980,10,8.200000,31,published_monthly_series
1980-11-01,1980,11,5.900000,30,published_monthly_series
1980-12-01,1980,12,5.200000,31,published_monthly_series
1981-01-01,1981,1,4.400000,31,published_monthly_series
1981-02-01,1981,2,2.600000,28,published_monthly_series
1981-03-01,1981,3,7.000000,31,published_monthly_series
1981-04-01,1981,4,7.200000,30,published_monthly_series
1981-05-01,1981,5,10.000000,31,published_monthly_series
1981-06-01,1981,6,12.000000,30,published_monthly_series
1981-07-01,1981,7,14.100000,31,published_monthly_series
1981-08-01,1981,8,15.100000,31,published_monthly_series
1981-09-01,1981,9,13.200000,30,published_monthly_series
1981-10-01,1981,10,7.500000,31,published_monthly_series
1981-11-01,1981,11,7.200000,30,published_monthly_series
1981-12-01,1981,12,0.800000,31,published_monthly_series
1982-01-01,1982,1,2.700000,31,published_monthly_series
1982-02-01,1982,2,4.500000,28,published_monthly_series
1982-03-01,1982,3,5.300000,31,published_monthly_series
1982-04-01,1982,4,7.500000,30,published_monthly_series
1982-05-01,1982,5,10.200000,31,published_monthly_series
1982-06-01,1982,6,14.100000,30,published_monthly_series
1982-07-01,1982,7,15.100000,31,published_monthly_series
1982-08-01,1982,8,14.200000,31,published_monthly_series
1982-09-01,1982,9,13.000000,30,published_monthly_series
1982-10-01,1982,10,9.400000,31,published_monthly_series
1982-11-01,1982,11,7.300000,30,published_monthly_series
1982-12-01,1982,12,4.100000,31,published_monthly_series
1983-01-01,1983,1,5.900000,31,published_monthly_series
1983-02-01,1983,2,1.400000,28,published_monthly_series
1983-03-01,1983,3,5.800000,31,published_monthly_series
1983-04-01,1983,4,5.600000,30,published_monthly_series
1983-05-01,1983,5,9.000000,31,published_monthly_series
1983-06-01,1983,6,12.900000,30,published_monthly_series
1983-07-01,1983,7,17.800000,31,published_monthly_series
1983-08-01,1983,8,16.000000,31,published_monthly_series
1983-09-01,1983,9,12.600000,30,published_monthly_series
1983-10-01,1983,10,9.600000,31,published_monthly_series
1983-11-01,1983,11,6.900000,30,published_monthly_series
1983-12-01,1983,12,5.700000,31,published_monthly_series
1984-01-01,1984,1,3.400000,31,published_monthly_series
1984-02-01,1984,2,3.200000,29,published_monthly_series
1984-03-01,1984,3,4.000000,31,published_monthly_series
1984-04-01,1984,4,7.600000,30,published_monthly_series
1984-05-01,1984,5,9.100000,31,published_monthly_series
1984-06-01,1984,6,13.200000,30,published_monthly_series
1984-07-01,1984,7,15.400000,31,published_monthly_series
1984-08-01,1984,8,16.300000,31,published_monthly_series
1984-09-01,1984,9,12.600000,30,published_monthly_series
1984-10-01,1984,10,10.200000,31,published_monthly_series
1984-11-01,1984,11,6.900000,30,published_monthly_series
1984-12-01,1984,12,5.000000,31,published_monthly_series
1985-01-01,1985,1,0.700000,31,published_monthly_series
1985-02-01,1985,2,2.200000,28,published_monthly_series
1985-03-01,1985,3,4.000000,31,published_monthly_series
1985-04-01,1985,4,7.400000,30,published_monthly_series
1985-05-01,1985,5,9.800000,31,published_monthly_series
1985-06-01,1985,6,11.400000,30,published_monthly_series
1985-07-01,1985,7,14.700000,31,published_monthly_series
1985-08-01,1985,8,13.300000,31,published_monthly_series
1985-09-01,1985,9,13.600000,30,published_monthly_series
1985-10-01,1985,10,9.800000,31,published_monthly_series
1985-11-01,1985,11,3.900000,30,published_monthly_series
1985-12-01,1985,12,5.800000,31,published_monthly_series
1986-01-01,1986,1,3.300000,31,published_monthly_series
1986-02-01,1986,2,-1.500000,28,published_monthly_series
1986-03-01,1986,3,4.400000,31,published_monthly_series
1986-04-01,1986,4,4.700000,30,published_monthly_series
1986-05-01,1986,5,9.800000,31,published_monthly_series
1986-06-01,1986,6,13.700000,30,published_monthly_series
1986-07-01,1986,7,14.200000,31,published_monthly_series
1986-08-01,1986,8,12.200000,31,published_monthly_series
1986-09-01,1986,9,10.200000,30,published_monthly_series
1986-10-01,1986,10,10.000000,31,published_monthly_series
1986-11-01,1986,11,7.100000,30,published_monthly_series
1986-12-01,1986,12,5.800000,31,published_monthly_series
1987-01-01,1987,1,0.800000,31,published_monthly_series
1987-02-01,1987,2,3.100000,28,published_monthly_series
1987-03-01,1987,3,3.800000,31,published_monthly_series
1987-04-01,1987,4,9.200000,30,published_monthly_series
1987-05-01,1987,5,9.200000,31,published_monthly_series
1987-06-01,1987,6,11.400000,30,published_monthly_series
1987-07-01,1987,7,14.600000,31,published_monthly_series
1987-08-01,1987,8,14.400000,31,published_monthly_series
1987-09-01,1987,9,12.600000,30,published_monthly_series
1987-10-01,1987,10,8.800000,31,published_monthly_series
1987-11-01,1987,11,6.200000,30,published_monthly_series
1987-12-01,1987,12,5.000000,31,published_monthly_series
1988-01-01,1988,1,5.000000,31,published_monthly_series
1988-02-01,1988,2,4.300000,29,published_monthly_series
1988-03-01,1988,3,5.700000,31,published_monthly_series
1988-04-01,1988,4,7.500000,30,published_monthly_series
1988-05-01,1988,5,10.600000,31,published_monthly_series
1988-06-01,1988,6,13.600000,30,published_monthly_series
1988-07-01,1988,7,13.300000,31,published_monthly_series
1988-08-01,1988,8,13.600000,31,published_monthly_series
1988-09-01,1988,9,12.000000,30,published_monthly_series
1988-10-01,1988,10,9.600000,31,published_monthly_series
1988-11-01,1988,11,5.200000,30,published_monthly_series
1988-12-01,1988,12,7.200000,31,published_monthly_series
1989-01-01,1989,1,5.900000,31,published_monthly_series
1989-02-01,1989,2,5.400000,28,published_monthly_series
1989-03-01,1989,3,6.400000,31,published_monthly_series
1989-04-01,1989,4,5.600000,30,published_monthly_series
1989-05-01,1989,5,12.000000,31,published_monthly_series
1989-06-01,1989,6,13.100000,30,published_monthly_series
1989-07-01,1989,7,16.700000,31,published_monthly_series
1989-08-01,1989,8,15.000000,31,published_monthly_series
1989-09-01,1989,9,13.100000,30,published_monthly_series
1989-10-01,1989,10,10.900000,31,published_monthly_series
1989-11-01,1989,11,6.400000,30,published_monthly_series
1989-12-01,1989,12,4.000000,31,published_monthly_series
1990-01-01,1990,1,6.100000,31,published_monthly_series
1990-02-01,1990,2,6.700000,28,published_monthly_series
1990-03-01,1990,3,7.400000,31,published_monthly_series
1990-04-01,1990,4,7.100000,30,published_monthly_series
1990-05-01,1990,5,11.800000,31,published_monthly_series
1990-06-01,1990,6,12.300000,30,published_monthly_series
1990-07-01,1990,7,15.800000,31,published_monthly_series
1990-08-01,1990,8,16.400000,31,published_monthly_series
1990-09-01,1990,9,11.900000,30,published_monthly_series
1990-10-01,1990,10,11.000000,31,published_monthly_series
1990-11-01,1990,11,6.100000,30,published_monthly_series
1990-12-01,1990,12,3.900000,31,published_monthly_series
1991-01-01,1991,1,2.700000,31,published_monthly_series
1991-02-01,1991,2,1.300000,28,published_monthly_series
1991-03-01,1991,3,6.800000,31,published_monthly_series
1991-04-01,1991,4,7.100000,30,published_monthly_series
1991-05-01,1991,5,10.100000,31,published_monthly_series
1991-06-01,1991,6,10.900000,30,published_monthly_series
1991-07-01,1991,7,15.700000,31,published_monthly_series
1991-08-01,1991,8,15.400000,31,published_monthly_series
1991-09-01,1991,9,13.600000,30,published_monthly_series
1991-10-01,1991,10,9.200000,31,published_monthly_series
1991-11-01,1991,11,6.200000,30,published_monthly_series
1991-12-01,1991,12,4.600000,31,published_monthly_series
1992-01-01,1992,1,3.300000,31,published_monthly_series
1992-02-01,1992,2,5.200000,29,published_monthly_series
1992-03-01,1992,3,6.500000,31,published_monthly_series
1992-04-01,1992,4,7.700000,30,published_monthly_series
1992-05-01,1992,5,12.300000,31,published_monthly_series
1992-06-01,1992,6,14.200000,30,published_monthly_series
1992-07-01,1992,7,15.000000,31,published_monthly_series
1992-08-01,1992,8,13.700000,31,published_monthly_series
1992-09-01,1992,9,12.100000,30,published_monthly_series
1992-10-01,1992,10,7.100000,31,published_monthly_series
1992-11-01,1992,11,7.000000,30,published_monthly_series
1992-12-01,1992,12,3.500000,31,published_monthly_series
1993-01-01,1993,1,5.500000,31,published_monthly_series
1993-02-01,1993,2,4.600000,28,published_monthly_series
1993-03-01,1993,3,5.800000,31,published_monthly_series
1993-04-01,1993,4,8.600000,30,published_monthly_series
1993-05-01,1993,5,10.300000,31,published_monthly_series
1993-06-01,1993,6,13.700000,30,published_monthly_series
1993-07-01,1993,7,13.800000,31,published_monthly_series
1993-08-01,1993,8,13.100000,31,published_monthly_series
1993-09-01,1993,9,11.400000,30,published_monthly_series
1993-10-01,1993,10,7.200000,31,published_monthly_series
1993-11-01,1993,11,4.400000,30,published_monthly_series
1993-12-01,1993,12,5.100000,31,published_monthly_series
1994-01-01,1994,1,4.800000,31,published_monthly_series
1994-02-01,1994,2,2.800000,28,published_monthly_series
1994-03-01,1994,3,6.600000,31,published_monthly_series
1994-04-01,1994,4,7.000000,30,published_monthly_series
1994-05-01,1994,5,9.800000,31,published_monthly_series
1994-06-01,1994,6,12.600000,30,published_monthly_series
1994-07-01,1994,7,15.600000,31,published_monthly_series
1994-08-01,1994,8,14.300000,31,published_monthly_series
1994-09-01,1994,9,11.700000,30,published_monthly_series
1994-10-01,1994,10,9.600000,31,published_monthly_series
1994-11-01,1994,11,9.600000,30,published_monthly_series
1994-12-01,1994,12,6.300000,31,published_monthly_series
1995-01-01,1995,1,4.700000,31,published_monthly_series
1995-02-01,1995,2,5.900000,28,published_monthly_series
1995-03-01,1995,3,4.700000,31,published_monthly_series
1995-04-01,1995,4,8.000000,30,published_monthly_series
1995-05-01,1995,5,10.400000,31,published_monthly_series
1995-06-01,1995,6,13.200000,30,published_monthly_series
1995-07-01,1995,7,16.900000,31,published_monthly_series
1995-08-01,1995,8,17.900000,31,published_monthly_series
1995-09-01,1995,9,12.500000,30,published_monthly_series
1995-10-01,1995,10,12.300000,31,published_monthly_series
1995-11-01,1995,11,7.100000,30,published_monthly_series
1995-12-01,1995,12,2.100000,31,published_monthly_series
1996-01-01,1996,1,4.100000,31,published_monthly_series
1996-02-01,1996,2,2.100000,29,published_monthly_series
1996-03-01,1996,3,4.200000,31,published_monthly_series
1996-04-01,1996,4,7.500000,30,published_monthly_series
1996-05-01,1996,5,8.100000,31,published_monthly_series
1996-06-01,1996,6,12.800000,30,published_monthly_series
1996-07-01,1996,7,14.900000,31,published_monthly_series
1996-08-01,1996,8,14.900000,31,published_monthly_series
1996-09-01,1996,9,12.700000,30,published_monthly_series
1996-10-01,1996,10,10.800000,31,published_monthly_series
1996-11-01,1996,11,5.700000,30,published_monthly_series
1996-12-01,1996,12,2.600000,31,published_monthly_series
1997-01-01,1997,1,2.100000,31,published_monthly_series
1997-02-01,1997,2,5.800000,28,published_monthly_series
1997-03-01,1997,3,7.300000,31,published_monthly_series
1997-04-01,1997,4,8.400000,30,published_monthly_series
1997-05-01,1997,5,10.700000,31,published_monthly_series
1997-06-01,1997,6,12.800000,30,published_monthly_series
1997-07-01,1997,7,15.200000,31,published_monthly_series
1997-08-01,1997,8,17.200000,31,published_monthly_series
1997-09-01,1997,9,13.100000,30,published_monthly_series
1997-10-01,1997,10,9.700000,31,published_monthly_series
1997-11-01,1997,11,8.200000,30,published_monthly_series
1997-12-01,1997,12,5.500000,31,published_monthly_series
1998-01-01,1998,1,4.700000,31,published_monthly_series
1998-02-01,1998,2,6.800000,28,published_monthly_series
1998-03-01,1998,3,7.400000,31,published_monthly_series
1998-04-01,1998,4,6.800000,30,published_monthly_series
1998-05-01,1998,5,12.100000,31,published_monthly_series
1998-06-01,1998,6,13.000000,30,published_monthly_series
1998-07-01,1998,7,14.100000,31,published_monthly_series
1998-08-01,1998,8,14.600000,31,published_monthly_series
1998-09-01,1998,9,13.600000,30,published_monthly_series
1998-10-01,1998,10,9.800000,31,published_monthly_series
1998-11-01,1998,11,6.100000,30,published_monthly_series
1998-12-01,1998,12,5.300000,31,published_monthly_series
1999-01-01,1999,1,5.200000,31,published_monthly_series
1999-02-01,1999,2,4.900000,28,published_monthly_series
1999-03-01,1999,3,6.400000,31,published_monthly_series
1999-04-01,1999,4,8.500000,30,published_monthly_series
1999-05-01,1999,5,11.800000,31,published_monthly_series
1999-06-01,1999,6,12.500000,30,published_monthly_series
1999-07-01,1999,7,16.200000,31,published_monthly_series
1999-08-01,1999,8,15.100000,31,published_monthly_series
1999-09-01,1999,9,14.000000,30,published_monthly_series
1999-10-01,1999,10,10.000000,31,published_monthly_series
1999-11-01,1999,11,7.200000,30,published_monthly_series
1999-12-01,1999,12,4.800000,31,published_monthly_series
2000-01-01,2000,1,4.400000,31,published_monthly_series
2000-02-01,2000,2,5.600000,29,published_monthly_series
2000-03-01,2000,3,6.500000,31,published_monthly_series
2000-04-01,2000,4,6.800000,30,published_monthly_series
2000-05-01,2000,5,11.000000,31,published_monthly_series
2000-06-01,2000,6,13.600000,30,published_monthly_series
2000-07-01,2000,7,14.500000,31,published_monthly_series
2000-08-01,2000,8,15.100000,31,published_monthly_series
2000-09-01,2000,9,13.700000,30,published_monthly_series
2000-10-01,2000,10,9.400000,31,published_monthly_series
2000-11-01,2000,11,6.400000,30,published_monthly_series
2000-12-01,2000,12,5.300000,31,published_monthly_series
2001-01-01,2001,1,3.100000,31,published_monthly_series
2001-02-01,2001,2,3.900000,28,published_monthly_series
2001-03-01,2001,3,4.400000,31,published_monthly_series
2001-04-01,2001,4,6.700000,30,published_monthly_series
2001-05-01,2001,5,11.500000,31,published_monthly_series
2001-06-01,2001,6,13.000000,30,published_monthly_series
2001-07-01,2001,7,15.200000,31,published_monthly_series
2001-08-01,2001,8,15.100000,31,published_monthly_series
2001-09-01,2001,9,12.600000,30,published_monthly_series
2001-10-01,2001,10,12.300000,31,published_monthly_series
2001-11-01,2001,11,7.300000,30,published_monthly_series
2001-12-01,2001,12,3.500000,31,published_monthly_series
2002-01-01,2002,1,5.500000,31,published_monthly_series
2002-02-01,2002,2,6.200000,28,published_monthly_series
2002-03-01,2002,3,6.800000,31,published_monthly_series
2002-04-01,2002,4,8.100000,30,published_monthly_series
2002-05-01,2002,5,10.700000,31,published_monthly_series
2002-06-01,2002,6,12.700000,30,published_monthly_series
2002-07-01,2002,7,14.200000,31,published_monthly_series
2002-08-01,2002,8,15.200000,31,published_monthly_series
2002-09-01,2002,9,13.100000,30,published_monthly_series
2002-10-01,2002,10,9.400000,31,published_monthly_series
2002-11-01,2002,11,8.300000,30,published_monthly_series
2002-12-01,2002,12,5.200000,31,published_monthly_series
2003-01-01,2003,1,4.100000,31,published_monthly_series
2003-02-01,2003,2,3.600000,28,published_monthly_series
2003-03-01,2003,3,6.900000,31,published_monthly_series
2003-04-01,2003,4,9.200000,30,published_monthly_series
2003-05-01,2003,5,10.600000,31,published_monthly_series
2003-06-01,2003,6,14.400000,30,published_monthly_series
2003-07-01,2003,7,15.900000,31,published_monthly_series
2003-08-01,2003,8,16.600000,31,published_monthly_series
2003-09-01,2003,9,13.100000,30,published_monthly_series
2003-10-01,2003,10,8.200000,31,published_monthly_series
2003-11-01,2003,11,7.600000,30,published_monthly_series
2003-12-01,2003,12,4.800000,31,published_monthly_series
2004-01-01,2004,1,4.900000,31,published_monthly_series
2004-02-01,2004,2,4.500000,29,published_monthly_series
2004-03-01,2004,3,5.700000,31,published_monthly_series
2004-04-01,2004,4,8.500000,30,published_monthly_series
2004-05-01,2004,5,11.000000,31,published_monthly_series
2004-06-01,2004,6,14.100000,30,published_monthly_series
2004-07-01,2004,7,14.300000,31,published_monthly_series
2004-08-01,2004,8,16.100000,31,published_monthly_series
2004-09-01,2004,9,13.800000,30,published_monthly_series
2004-10-01,2004,10,9.600000,31,published_monthly_series
2004-11-01,2004,11,7.500000,30,published_monthly_series
2004-12-01,2004,12,5.700000,31,published_monthly_series
2005-01-01,2005,1,5.900000,31,published_monthly_series
2005-02-01,2005,2,3.800000,28,published_monthly_series
2005-03-01,2005,3,6.600000,31,published_monthly_series
2005-04-01,2005,4,8.100000,30,published_monthly_series
2005-05-01,2005,5,10.300000,31,published_monthly_series
2005-06-01,2005,6,14.200000,30,published_monthly_series
2005-07-01,2005,7,15.500000,31,published_monthly_series
2005-08-01,2005,8,14.900000,31,published_monthly_series
2005-09-01,2005,9,14.000000,30,published_monthly_series
2005-10-01,2005,10,12.000000,31,published_monthly_series
2005-11-01,2005,11,5.800000,30,published_monthly_series
2005-12-01,2005,12,4.800000,31,published_monthly_series
2006-01-01,2006,1,3.900000,31,published_monthly_series
2006-02-01,2006,2,3.400000,28,published_monthly_series
2006-03-01,2006,3,4.400000,31,published_monthly_series
2006-04-01,2006,4,7.900000,30,published_monthly_series
2006-05-01,2006,5,11.100000,31,published_monthly_series
2006-06-01,2006,6,14.700000,30,published_monthly_series
2006-07-01,2006,7,17.800000,31,published_monthly_series
2006-08-01,2006,8,15.000000,31,published_monthly_series
2006-09-01,2006,9,15.200000,30,published_monthly_series
2006-10-01,2006,10,11.900000,31,published_monthly_series
2006-11-01,2006,11,7.500000,30,published_monthly_series
2006-12-01,2006,12,6.100000,31,published_monthly_series
2007-01-01,2007,1,6.500000,31,published_monthly_series
2007-02-01,2007,2,5.400000,28,published_monthly_series
2007-03-01,2007,3,6.400000,31,published_monthly_series
2007-04-01,2007,4,10.400000,30,published_monthly_series
2007-05-01,2007,5,11.000000,31,published_monthly_series
2007-06-01,2007,6,14.200000,30,published_monthly_series
2007-07-01,2007,7,13.900000,31,published_monthly_series
2007-08-01,2007,8,14.400000,31,published_monthly_series
2007-09-01,2007,9,13.000000,30,published_monthly_series
2007-10-01,2007,10,10.400000,31,published_monthly_series
2007-11-01,2007,11,7.400000,30,published_monthly_series
2007-12-01,2007,12,5.000000,31,published_monthly_series
2008-01-01,2008,1,6.200000,31,published_monthly_series
2008-02-01,2008,2,5.100000,29,published_monthly_series
2008-03-01,2008,3,5.600000,31,published_monthly_series
2008-04-01,2008,4,7.200000,30,published_monthly_series
2008-05-01,2008,5,12.700000,31,published_monthly_series
2008-06-01,2008,6,12.800000,30,published_monthly_series
2008-07-01,2008,7,15.100000,31,published_monthly_series
2008-08-01,2008,8,14.900000,31,published_monthly_series
2008-09-01,2008,9,12.400000,30,published_monthly_series
2008-10-01,2008,10,9.200000,31,published_monthly_series
2008-11-01,2008,11,6.800000,30,published_monthly_series
2008-12-01,2008,12,3.400000,31,published_monthly_series
2009-01-01,2009,1,2.800000,31,published_monthly_series
2009-02-01,2009,2,3.900000,28,published_monthly_series
2009-03-01,2009,3,6.100000,31,published_monthly_series
2009-04-01,2009,4,8.700000,30,published_monthly_series
2009-05-01,2009,5,10.800000,31,published_monthly_series
2009-06-01,2009,6,14.000000,30,published_monthly_series
2009-07-01,2009,7,14.900000,31,published_monthly_series
2009-08-01,2009,8,15.000000,31,published_monthly_series
2009-09-01,2009,9,12.900000,30,published_monthly_series
2009-10-01,2009,10,10.900000,31,published_monthly_series
2009-11-01,2009,11,8.000000,30,published_monthly_series
2009-12-01,2009,12,2.900000,31,published_monthly_series
2010-01-01,2010,1,1.200000,31,published_monthly_series
2010-02-01,2010,2,2.500000,28,published_monthly_series
2010-03-01,2010,3,5.000000,31,published_monthly_series
2010-04-01,2010,4,8.000000,30,published_monthly_series
2010-05-01,2010,5,10.000000,31,published_monthly_series
2010-06-01,2010,6,14.200000,30,published_monthly_series
2010-07-01,2010,7,15.400000,31,published_monthly_series
2010-08-01,2010,8,14.100000,31,published_monthly_series
2010-09-01,2010,9,13.000000,30,published_monthly_series
2010-10-01,2010,10,9.700000,31,published_monthly_series
2010-11-01,2010,11,4.600000,30,published_monthly_series
2010-12-01,2010,12,-0.500000,31,published_monthly_series
2011-01-01,2011,1,3.100000,31,published_monthly_series
2011-02-01,2011,2,6.000000,28,published_monthly_series
2011-03-01,2011,3,6.000000,31,published_monthly_series
2011-04-01,2011,4,10.900000,30,published_monthly_series
2011-05-01,2011,5,11.100000,31,published_monthly_series
2011-06-01,2011,6,12.600000,30,published_monthly_series
2011-07-01,2011,7,14.100000,31,published_monthly_series
2011-08-01,2011,8,14.100000,31,published_monthly_series
2011-09-01,2011,9,13.900000,30,published_monthly_series
2011-10-01,2011,10,11.700000,31,published_monthly_series
2011-11-01,2011,11,9.000000,30,published_monthly_series
2011-12-01,2011,12,6.100000,31,published_monthly_series
2012-01-01,2012,1,5.400000,31,published_monthly_series
2012-02-01,2012,2,4.100000,29,published_monthly_series
2012-03-01,2012,3,7.800000,31,published_monthly_series
2012-04-01,2012,4,6.500000,30,published_monthly_series
2012-05-01,2012,5,10.800000,31,published_monthly_series
2012-06-01,2012,6,12.700000,30,published_monthly_series
2012-07-01,2012,7,14.100000,31,published_monthly_series
2012-08-01,2012,8,15.400000,31,published_monthly_series
2012-09-01,2012,9,11.900000,30,published_monthly_series
2012-10-01,2012,10,9.000000,31,published_monthly_series
2012-11-01,2012,11,6.000000,30,published_monthly_series
2012-12-01,2012,12,4.800000,31,published_monthly_series
2013-01-01,2013,1,3.700000,31,published_monthly_series
2013-02-01,2013,2,3.000000,28,published_monthly_series
2013-03-01,2013,3,2.400000,31,published_monthly_series
2013-04-01,2013,4,6.400000,30,published_monthly_series
2013-05-01,2013,5,9.200000,31,published_monthly_series
2013-06-01,2013,6,12.800000,30,published_monthly_series
2013-07-01,2013,7,17.200000,31,published_monthly_series
2013-08-01,2013,8,15.500000,31,published_monthly_series
2013-09-01,2013,9,13.100000,30,published_monthly_series
2013-10-01,2013,10,11.800000,31,published_monthly_series
2013-11-01,2013,11,6.100000,30,published_monthly_series
2013-12-01,2013,12,6.200000,31,published_monthly_series
2014-01-01,2014,1,5.300000,31,published_monthly_series
2014-02-01,2014,2,5.400000,28,published_monthly_series
2014-03-01,2014,3,6.800000,31,published_monthly_series
2014-04-01,2014,4,9.200000,30,published_monthly_series
2014-05-01,2014,5,11.300000,31,published_monthly_series
2014-06-01,2014,6,14.100000,30,published_monthly_series
2014-07-01,2014,7,16.100000,31,published_monthly_series
2014-08-01,2014,8,14.000000,31,published_monthly_series
2014-09-01,2014,9,14.100000,30,published_monthly_series
2014-10-01,2014,10,11.500000,31,published_monthly_series
2014-11-01,2014,11,7.700000,30,published_monthly_series
2014-12-01,2014,12,5.200000,31,published_monthly_series
2015-01-01,2015,1,4.400000,31,published_monthly_series
2015-02-01,2015,2,3.500000,28,published_monthly_series
2015-03-01,2015,3,5.500000,31,published_monthly_series
2015-04-01,2015,4,8.400000,30,published_monthly_series
2015-05-01,2015,5,9.800000,31,published_monthly_series
2015-06-01,2015,6,13.000000,30,published_monthly_series
2015-07-01,2015,7,14.300000,31,published_monthly_series
2015-08-01,2015,8,14.400000,31,published_monthly_series
2015-09-01,2015,9,11.700000,30,published_monthly_series
2015-10-01,2015,10,10.100000,31,published_monthly_series
2015-11-01,2015,11,9.000000,30,published_monthly_series
2015-12-01,2015,12,9.100000,31,published_monthly_series
2016-01-01,2016,1,5.400000,31,published_monthly_series
2016-02-01,2016,2,4.400000,29,published_monthly_series
2016-03-01,2016,3,5.200000,31,published_monthly_series
2016-04-01,2016,4,6.900000,30,published_monthly_series
2016-05-01,2016,5,11.800000,31,published_monthly_series
2016-06-01,2016,6,14.500000,30,published_monthly_series
2016-07-01,2016,7,15.200000,31,published_monthly_series
2016-08-01,2016,8,15.600000,31,published_monthly_series
2016-09-01,2016,9,14.600000,30,published_monthly_series
2016-10-01,2016,10,10.000000,31,published_monthly_series
2016-11-01,2016,11,5.500000,30,published_monthly_series
2016-12-01,2016,12,6.200000,31,published_monthly_series
2017-01-01,2017,1,4.500000,31,published_monthly_series
2017-02-01,2017,2,5.600000,28,published_monthly_series
2017-03-01,2017,3,7.500000,31,published_monthly_series
2017-04-01,2017,4,8.100000,30,published_monthly_series
2017-05-01,2017,5,12.400000,31,published_monthly_series
2017-06-01,2017,6,14.600000,30,published_monthly_series
2017-07-01,2017,7,15.300000,31,published_monthly_series
2017-08-01,2017,8,14.500000,31,published_monthly_series
2017-09-01,2017,9,12.600000,30,published_monthly_series
2017-10-01,2017,10,11.500000,31,published_monthly_series
2017-11-01,2017,11,6.700000,30,published_monthly_series
2017-12-01,2017,12,4.900000,31,published_monthly_series
2018-01-01,2018,1,4.800000,31,published_monthly_series
2018-02-01,2018,2,2.700000,28,published_monthly_series
2018-03-01,2018,3,4.000000,31,published_monthly_series
2018-04-01,2018,4,8.600000,30,published_monthly_series
2018-05-01,2018,5,11.800000,31,published_monthly_series
2018-06-01,2018,6,15.300000,30,published_monthly_series
2018-07-01,2018,7,17.200000,31,published_monthly_series
2018-08-01,2018,8,15.200000,31,published_monthly_series
2018-09-01,2018,9,12.500000,30,published_monthly_series
2018-10-01,2018,10,9.500000,31,published_monthly_series
2018-11-01,2018,11,7.500000,30,published_monthly_series
2018-12-01,2018,12,6.900000,31,published_monthly_series
2019-01-01,2019,1,4.000000,31,published_monthly_series
2019-02-01,2019,2,6.400000,28,published_monthly_series
2019-03-01,2019,3,7.000000,31,published_monthly_series
2019-04-01,2019,4,8.800000,30,published_monthly_series
2019-05-01,2019,5,10.200000,31,published_monthly_series
2019-06-01,2019,6,13.200000,30,published_monthly_series
2019-07-01,2019,7,16.100000,31,published_monthly_series
2019-08-01,2019,8,15.800000,31,published_monthly_series
2019-09-01,2019,9,13.300000,30,published_monthly_series
2019-10-01,2019,10,9.400000,31,published_monthly_series
2019-11-01,2019,11,5.900000,30,published_monthly_series
2019-12-01,2019,12,5.600000,31,published_monthly_series
2020-01-01,2020,1,5.800000,31,published_monthly_series
2020-02-01,2020,2,5.800000,29,published_monthly_series
2020-03-01,2020,3,5.900000,31,published_monthly_series
2020-04-01,2020,4,9.900000,30,published_monthly_series
2020-05-01,2020,5,11.600000,31,published_monthly_series
2020-06-01,2020,6,14.000000,30,published_monthly_series
2020-07-01,2020,7,14.300000,31,published_monthly_series
2020-08-01,2020,8,16.000000,31,published_monthly_series
2020-09-01,2020,9,13.000000,30,published_monthly_series
2020-10-01,2020,10,9.700000,31,published_monthly_series
2020-11-01,2020,11,7.900000,30,published_monthly_series
2020-12-01,2020,12,4.900000,31,published_monthly_series
2021-01-01,2021,1,3.300000,31,published_monthly_series
2021-02-01,2021,2,4.600000,28,published_monthly_series
2021-03-01,2021,3,6.500000,31,published_monthly_series
2021-04-01,2021,4,6.200000,30,published_monthly_series
2021-05-01,2021,5,9.200000,31,published_monthly_series
2021-06-01,2021,6,14.100000,30,published_monthly_series
2021-07-01,2021,7,16.600000,31,published_monthly_series
2021-08-01,2021,8,14.700000,31,published_monthly_series
2021-09-01,2021,9,14.800000,30,published_monthly_series
2021-10-01,2021,10,11.400000,31,published_monthly_series
2021-11-01,2021,11,7.300000,30,published_monthly_series
2021-12-01,2021,12,6.500000,31,published_monthly_series
2022-01-01,2022,1,4.800000,31,published_monthly_series
2022-02-01,2022,2,6.400000,28,published_monthly_series
2022-03-01,2022,3,7.100000,31,published_monthly_series
2022-04-01,2022,4,8.300000,30,published_monthly_series
2022-05-01,2022,5,11.800000,31,published_monthly_series
2022-06-01,2022,6,13.500000,30,published_monthly_series
2022-07-01,2022,7,16.400000,31,published_monthly_series
2022-08-01,2022,8,16.900000,31,published_monthly_series
2022-09-01,2022,9,13.500000,30,published_monthly_series
2022-10-01,2022,10,12.000000,31,published_monthly_series
2022-11-01,2022,11,8.500000,30,published_monthly_series
2022-12-01,2022,12,3.400000,31,published_monthly_series
2023-01-01,2023,1,5.000000,31,published_monthly_series
2023-02-01,2023,2,5.800000,28,published_monthly_series
2023-03-01,2023,3,6.200000,31,published_monthly_series
2023-04-01,2023,4,8.100000,30,published_monthly_series
2023-05-01,2023,5,11.900000,31,published_monthly_series
2023-06-01,2023,6,16.200000,30,published_monthly_series
2023-07-01,2023,7,14.900000,31,published_monthly_series
2023-08-01,2023,8,15.200000,31,published_monthly_series
2023-09-01,2023,9,15.600000,30,published_monthly_series
2023-10-01,2023,10,11.500000,31,published_monthly_series
2023-11-01,2023,11,7.300000,30,published_monthly_series
2023-12-01,2023,12,6.900000,31,published_monthly_series
2024-01-01,2024,1,4.300000,31,published_monthly_series
2024-02-01,2024,2,6.900000,29,published_monthly_series
2024-03-01,2024,3,7.000000,31,published_monthly_series
2024-04-01,2024,4,8.500000,30,published_monthly_series
2024-05-01,2024,5,12.700000,31,published_monthly_series
2024-06-01,2024,6,12.800000,30,published_monthly_series
2024-07-01,2024,7,14.700000,31,published_monthly_series
2024-08-01,2024,8,15.300000,31,published_monthly_series
2024-09-01,2024,9,12.800000,30,published_monthly_series
2024-10-01,2024,10,10.700000,31,published_monthly_series
2024-11-01,2024,11,7.300000,30,published_monthly_series
2024-12-01,2024,12,6.600000,31,published_monthly_series
2025-01-01,2025,1,3.500000,31,published_monthly_series
2025-02-01,2025,2,4.800000,28,published_monthly_series
2025-03-01,2025,3,7.000000,31,published_monthly_series
2025-04-01,2025,4,10.000000,30,published_monthly_series
2025-05-01,2025,5,12.200000,31,published_monthly_series
2025-06-01,2025,6,15.300000,30,published_monthly_series
2025-07-01,2025,7,16.600000,31,published_monthly_series
2025-08-01,2025,8,16.300000,31,published_monthly_series
2025-09-01,2025,9,12.700000,30,published_monthly_series
2025-10-01,2025,10,10.600000,31,published_monthly_series
2025-11-01,2025,11,7.900000,30,published_monthly_series
2025-12-01,2025,12,6.300000,31,published_monthly_series
2026-01-01,2026,1,4.100000,31,published_monthly_series
2026-02-01,2026,2,6.200000,28,published_monthly_series
2026-03-01,2026,3,7.500000,31,published_monthly_series
2026-04-01,2026,4,9.300000,30,published_monthly_series
2026-05-01,2026,5,12.400000,31,published_monthly_series
2026-06-01,2026,6,15.900000,30,published_monthly_series
