year,official_annual_mean_c,reference_period,reference_mean_c,temperature_anomaly_c
1884,8.710000,1961–2010,8.885600,-0.175600
1885,7.570000,1961–2010,8.885600,-1.315600
1886,7.860000,1961–2010,8.885600,-1.025600
1887,7.520000,1961–2010,8.885600,-1.365600
1888,7.520000,1961–2010,8.885600,-1.365600
1889,8.160000,1961–2010,8.885600,-0.725600
1890,8.080000,1961–2010,8.885600,-0.805600
1891,7.910000,1961–2010,8.885600,-0.975600
1892,7.460000,1961–2010,8.885600,-1.425600
1893,9.340000,1961–2010,8.885600,0.454400
1894,8.550000,1961–2010,8.885600,-0.335600
1895,7.740000,1961–2010,8.885600,-1.145600
1896,8.500000,1961–2010,8.885600,-0.385600
1897,8.720000,1961–2010,8.885600,-0.165600
1898,9.160000,1961–2010,8.885600,0.274400
1899,9.050000,1961–2010,8.885600,0.164400
1900,8.530000,1961–2010,8.885600,-0.355600
1901,8.270000,1961–2010,8.885600,-0.615600
1902,8.030000,1961–2010,8.885600,-0.855600
1903,8.330000,1961–2010,8.885600,-0.555600
1904,8.220000,1961–2010,8.885600,-0.665600
1905,8.320000,1961–2010,8.885600,-0.565600
1906,8.500000,1961–2010,8.885600,-0.385600
1907,8.150000,1961–2010,8.885600,-0.735600
1908,8.660000,1961–2010,8.885600,-0.225600
1909,7.920000,1961–2010,8.885600,-0.965600
1910,8.510000,1961–2010,8.885600,-0.375600
1911,9.240000,1961–2010,8.885600,0.354400
1912,8.600000,1961–2010,8.885600,-0.285600
1913,9.070000,1961–2010,8.885600,0.184400
1914,9.090000,1961–2010,8.885600,0.204400
1915,8.280000,1961–2010,8.885600,-0.605600
1916,8.420000,1961–2010,8.885600,-0.465600
1917,7.770000,1961–2010,8.885600,-1.115600
1918,8.820000,1961–2010,8.885600,-0.065600
1919,7.780000,1961–2010,8.885600,-1.105600
1920,8.810000,1961–2010,8.885600,-0.075600
1921,9.700000,1961–2010,8.885600,0.814400
1922,7.960000,1961–2010,8.885600,-0.925600
1923,8.430000,1961–2010,8.885600,-0.455600
1924,8.490000,1961–2010,8.885600,-0.395600
1925,8.450000,1961–2010,8.885600,-0.435600
1926,8.940000,1961–2010,8.885600,0.054400
1927,8.480000,1961–2010,8.885600,-0.405600
1928,8.800000,1961–2010,8.885600,-0.085600
1929,8.270000,1961–2010,8.885600,-0.615600
1930,8.600000,1961–2010,8.885600,-0.285600
1931,8.280000,1961–2010,8.885600,-0.605600
1932,8.600000,1961–2010,8.885600,-0.285600
1933,8.860000,1961–2010,8.885600,-0.025600
1934,9.070000,1961–2010,8.885600,0.184400
1935,8.850000,1961–2010,8.885600,-0.035600
1936,8.590000,1961–2010,8.885600,-0.295600
1937,8.710000,1961–2010,8.885600,-0.175600
1938,9.150000,1961–2010,8.885600,0.264400
1939,8.860000,1961–2010,8.885600,-0.025600
1940,8.400000,1961–2010,8.885600,-0.485600
1941,8.360000,1961–2010,8.885600,-0.525600
1942,8.540000,1961–2010,8.885600,-0.345600
1943,9.170000,1961–2010,8.885600,0.284400
1944,8.820000,1961–2010,8.885600,-0.065600
1945,9.310000,1961–2010,8.885600,0.424400
1946,8.550000,1961–2010,8.885600,-0.335600
1947,8.570000,1961–2010,8.885600,-0.315600
1948,9.140000,1961–2010,8.885600,0.254400
1949,9.780000,1961–2010,8.885600,0.894400
1950,8.610000,1961–2010,8.885600,-0.275600
1951,8.470000,1961–2010,8.885600,-0.415600
1952,8.380000,1961–2010,8.885600,-0.505600
1953,9.120000,1961–2010,8.885600,0.234400
1954,8.490000,1961–2010,8.885600,-0.395600
1955,8.630000,1961–2010,8.885600,-0.255600
1956,8.230000,1961–2010,8.885600,-0.655600
1957,9.300000,1961–2010,8.885600,0.414400
1958,8.660000,1961–2010,8.885600,-0.225600
1959,9.640000,1961–2010,8.885600,0.754400
1960,8.810000,1961–2010,8.885600,-0.075600
1961,8.950000,1961–2010,8.885600,0.064400
1962,7.790000,1961–2010,8.885600,-1.095600
1963,7.580000,1961–2010,8.885600,-1.305600
1964,8.560000,1961–2010,8.885600,-0.325600
1965,8.090000,1961–2010,8.885600,-0.795600
1966,8.620000,1961–2010,8.885600,-0.265600
1967,8.710000,1961–2010,8.885600,-0.175600
1968,8.500000,1961–2010,8.885600,-0.385600
1969,8.390000,1961–2010,8.885600,-0.495600
1970,8.690000,1961–2010,8.885600,-0.195600
1971,9.040000,1961–2010,8.885600,0.154400
1972,8.270000,1961–2010,8.885600,-0.615600
1973,8.810000,1961–2010,8.885600,-0.075600
1974,8.560000,1961–2010,8.885600,-0.325600
1975,9.090000,1961–2010,8.885600,0.204400
1976,8.900000,1961–2010,8.885600,0.014400
1977,8.650000,1961–2010,8.885600,-0.235600
1978,8.550000,1961–2010,8.885600,-0.335600
1979,7.860000,1961–2010,8.885600,-1.025600
1980,8.510000,1961–2010,8.885600,-0.375600
1981,8.440000,1961–2010,8.885600,-0.445600
1982,8.960000,1961–2010,8.885600,0.074400
1983,9.160000,1961–2010,8.885600,0.274400
1984,8.930000,1961–2010,8.885600,0.044400
1985,8.080000,1961–2010,8.885600,-0.805600
1986,7.880000,1961–2010,8.885600,-1.005600
1987,8.280000,1961–2010,8.885600,-0.605600
1988,8.990000,1961–2010,8.885600,0.104400
1989,9.570000,1961–2010,8.885600,0.684400
1990,9.750000,1961–2010,8.885600,0.864400
1991,8.700000,1961–2010,8.885600,-0.185600
1992,8.980000,1961–2010,8.885600,0.094400
1993,8.640000,1961–2010,8.885600,-0.245600
1994,9.270000,1961–2010,8.885600,0.384400
1995,9.670000,1961–2010,8.885600,0.784400
1996,8.380000,1961–2010,8.885600,-0.505600
1997,9.690000,1961–2010,8.885600,0.804400
1998,9.530000,1961–2010,8.885600,0.644400
1999,9.750000,1961–2010,8.885600,0.864400
2000,9.360000,1961–2010,8.885600,0.474400
2001,9.080000,1961–2010,8.885600,0.194400
2002,9.630000,1961–2010,8.885600,0.744400
2003,9.610000,1961–2010,8.885600,0.724400
2004,9.650000,1961–2010,8.885600,0.764400
2005,9.700000,1961–2010,8.885600,0.814400
2006,9.940000,1961–2010,8.885600,1.054400
2007,9.850000,1961–2010,8.885600,0.964400
2008,9.290000,1961–2010,8.885600,0.404400
2009,9.280000,1961–2010,8.885600,0.394400
2010,8.120000,1961–2010,8.885600,-0.765600
2011,9.890000,1961–2010,8.885600,1.004400
2012,9.080000,1961–2010,8.885600,0.194400
2013,8.980000,1961–2010,8.885600,0.094400
2014,10.090000,1961–2010,8.885600,1.204400
2015,9.470000,1961–2010,8.885600,0.584400
2016,9.610000,1961–2010,8.885600,0.724400
2017,9.880000,1961–2010,8.885600,0.994400
2018,9.710000,1961–2010,8.885600,0.824400
2019,9.670000,1961–2010,8.885600,0.784400
2020,9.910000,1961–2010,8.885600,1.024400
2021,9.630000,1961–2010,8.885600,0.744400
2022,10.230000,1961–2010,8.885600,1.344400
2023,10.400000,1961–2010,8.885600,1.514400
2024,9.990000,1961–2010,8.885600,1.104400
2025,10.310000,1961–2010,8.885600,1.424400
