period,start_date,end_date,end_year,mean_temperature_c,days,status,rank_warmest,smoothed_trend_c,reference_mean_c,lowest_published_c,highest_published_c,latest_c,latest_status,july_2026_value_c,source_last_updated
1884-08 to 1885-07,1884-08-01,1885-07-31,1885,8.231507,365,published-inputs,117,8.021062,9.418356,7.003005,10.315068,10.626849,illustrative scenario,18.000000,01-Jul-2026 11:33
1885-08 to 1886-07,1885-08-01,1886-07-31,1886,7.290685,365,published-inputs,141,8.044890,9.418356,7.003005,10.315068,10.626849,illustrative scenario,18.000000,01-Jul-2026 11:33
1886-08 to 1887-07,1886-08-01,1887-07-31,1887,8.166027,365,published-inputs,123,8.070510,9.418356,7.003005,10.315068,10.626849,illustrative scenario,18.000000,01-Jul-2026 11:33
1887-08 to 1888-07,1887-08-01,1888-07-31,1888,7.003005,366,published-inputs,142,8.097746,9.418356,7.003005,10.315068,10.626849,illustrative scenario,18.000000,01-Jul-2026 11:33
1888-08 to 1889-07,1888-08-01,1889-07-31,1889,8.213973,365,published-inputs,119,8.126340,9.418356,7.003005,10.315068,10.626849,illustrative scenario,18.000000,01-Jul-2026 11:33
1889-08 to 1890-07,1889-08-01,1890-07-31,1890,8.277260,365,published-inputs,115,8.155955,9.418356,7.003005,10.315068,10.626849,illustrative scenario,18.000000,01-Jul-2026 11:33
1890-08 to 1891-07,1890-08-01,1891-07-31,1891,7.660548,365,published-inputs,139,8.186173,9.418356,7.003005,10.315068,10.626849,illustrative scenario,18.000000,01-Jul-2026 11:33
1891-08 to 1892-07,1891-08-01,1892-07-31,1892,7.791803,366,published-inputs,137,8.216511,9.418356,7.003005,10.315068,10.626849,illustrative scenario,18.000000,01-Jul-2026 11:33
1892-08 to 1893-07,1892-08-01,1893-07-31,1893,8.777534,365,published-inputs,63,8.246441,9.418356,7.003005,10.315068,10.626849,illustrative scenario,18.000000,01-Jul-2026 11:33
1893-08 to 1894-07,1893-08-01,1894-07-31,1894,8.732603,365,published-inputs,70,8.275416,9.418356,7.003005,10.315068,10.626849,illustrative scenario,18.000000,01-Jul-2026 11:33
1894-08 to 1895-07,1894-08-01,1895-07-31,1895,7.680000,365,published-inputs,138,8.302911,9.418356,7.003005,10.315068,10.626849,illustrative scenario,18.000000,01-Jul-2026 11:33
1895-08 to 1896-07,1895-08-01,1896-07-31,1896,9.137978,366,published-inputs,42,8.328465,9.418356,7.003005,10.315068,10.626849,illustrative scenario,18.000000,01-Jul-2026 11:33
1896-08 to 1897-07,1896-08-01,1897-07-31,1897,7.934247,365,published-inputs,133,8.351723,9.418356,7.003005,10.315068,10.626849,illustrative scenario,18.000000,01-Jul-2026 11:33
1897-08 to 1898-07,1897-08-01,1898-07-31,1898,8.695342,365,published-inputs,76,8.372471,9.418356,7.003005,10.315068,10.626849,illustrative scenario,18.000000,01-Jul-2026 11:33
1898-08 to 1899-07,1898-08-01,1899-07-31,1899,9.418082,365,published-inputs,30,8.390658,9.418356,7.003005,10.315068,10.626849,illustrative scenario,18.000000,01-Jul-2026 11:33
1899-08 to 1900-07,1899-08-01,1900-07-31,1900,8.564932,365,published-inputs,88,8.406399,9.418356,7.003005,10.315068,10.626849,illustrative scenario,18.000000,01-Jul-2026 11:33
1900-08 to 1901-07,1900-08-01,1901-07-31,1901,8.636438,365,published-inputs,79,8.419960,9.418356,7.003005,10.315068,10.626849,illustrative scenario,18.000000,01-Jul-2026 11:33
1901-08 to 1902-07,1901-08-01,1902-07-31,1902,8.003014,365,published-inputs,129,8.431726,9.418356,7.003005,10.315068,10.626849,illustrative scenario,18.000000,01-Jul-2026 11:33
1902-08 to 1903-07,1902-08-01,1903-07-31,1903,8.380822,365,published-inputs,110,8.442145,9.418356,7.003005,10.315068,10.626849,illustrative scenario,18.000000,01-Jul-2026 11:33
1903-08 to 1904-07,1903-08-01,1904-07-31,1904,8.214754,366,published-inputs,118,8.451674,9.418356,7.003005,10.315068,10.626849,illustrative scenario,18.000000,01-Jul-2026 11:33
1904-08 to 1905-07,1904-08-01,1905-07-31,1905,8.558082,365,published-inputs,90,8.460723,9.418356,7.003005,10.315068,10.626849,illustrative scenario,18.000000,01-Jul-2026 11:33
1905-08 to 1906-07,1905-08-01,1906-07-31,1906,7.890411,365,published-inputs,134,8.469607,9.418356,7.003005,10.315068,10.626849,illustrative scenario,18.000000,01-Jul-2026 11:33
1906-08 to 1907-07,1906-08-01,1907-07-31,1907,8.331233,365,published-inputs,113,8.478521,9.418356,7.003005,10.315068,10.626849,illustrative scenario,18.000000,01-Jul-2026 11:33
1907-08 to 1908-07,1907-08-01,1908-07-31,1908,8.390984,366,published-inputs,106,8.487524,9.418356,7.003005,10.315068,10.626849,illustrative scenario,18.000000,01-Jul-2026 11:33
1908-08 to 1909-07,1908-08-01,1909-07-31,1909,8.382466,365,published-inputs,109,8.496556,9.418356,7.003005,10.315068,10.626849,illustrative scenario,18.000000,01-Jul-2026 11:33
1909-08 to 1910-07,1909-08-01,1910-07-31,1910,8.400000,365,published-inputs,105,8.505463,9.418356,7.003005,10.315068,10.626849,illustrative scenario,18.000000,01-Jul-2026 11:33
1910-08 to 1911-07,1910-08-01,1911-07-31,1911,8.761644,365,published-inputs,65,8.514038,9.418356,7.003005,10.315068,10.626849,illustrative scenario,18.000000,01-Jul-2026 11:33
1911-08 to 1912-07,1911-08-01,1912-07-31,1912,9.252732,366,published-inputs,39,8.522062,9.418356,7.003005,10.315068,10.626849,illustrative scenario,18.000000,01-Jul-2026 11:33
1912-08 to 1913-07,1912-08-01,1913-07-31,1913,8.375342,365,published-inputs,111,8.529345,9.418356,7.003005,10.315068,10.626849,illustrative scenario,18.000000,01-Jul-2026 11:33
1913-08 to 1914-07,1913-08-01,1914-07-31,1914,9.344384,365,published-inputs,34,8.535760,9.418356,7.003005,10.315068,10.626849,illustrative scenario,18.000000,01-Jul-2026 11:33
1914-08 to 1915-07,1914-08-01,1915-07-31,1915,8.661918,365,published-inputs,77,8.541260,9.418356,7.003005,10.315068,10.626849,illustrative scenario,18.000000,01-Jul-2026 11:33
1915-08 to 1916-07,1915-08-01,1916-07-31,1916,8.200273,366,published-inputs,120,8.545886,9.418356,7.003005,10.315068,10.626849,illustrative scenario,18.000000,01-Jul-2026 11:33
1916-08 to 1917-07,1916-08-01,1917-07-31,1917,7.886849,365,published-inputs,135,8.549760,9.418356,7.003005,10.315068,10.626849,illustrative scenario,18.000000,01-Jul-2026 11:33
1917-08 to 1918-07,1917-08-01,1918-07-31,1918,8.607945,365,published-inputs,83,8.553073,9.418356,7.003005,10.315068,10.626849,illustrative scenario,18.000000,01-Jul-2026 11:33
1918-08 to 1919-07,1918-08-01,1919-07-31,1919,8.189863,365,published-inputs,121,8.556059,9.418356,7.003005,10.315068,10.626849,illustrative scenario,18.000000,01-Jul-2026 11:33
1919-08 to 1920-07,1919-08-01,1920-07-31,1920,8.521311,366,published-inputs,92,8.558982,9.418356,7.003005,10.315068,10.626849,illustrative scenario,18.000000,01-Jul-2026 11:33
1920-08 to 1921-07,1920-08-01,1921-07-31,1921,9.282192,365,published-inputs,37,8.562107,9.418356,7.003005,10.315068,10.626849,illustrative scenario,18.000000,01-Jul-2026 11:33
1921-08 to 1922-07,1921-08-01,1922-07-31,1922,8.649863,365,published-inputs,78,8.565690,9.418356,7.003005,10.315068,10.626849,illustrative scenario,18.000000,01-Jul-2026 11:33
1922-08 to 1923-07,1922-08-01,1923-07-31,1923,8.486849,365,published-inputs,96,8.569959,9.418356,7.003005,10.315068,10.626849,illustrative scenario,18.000000,01-Jul-2026 11:33
1923-08 to 1924-07,1923-08-01,1924-07-31,1924,7.990984,366,published-inputs,131,8.575107,9.418356,7.003005,10.315068,10.626849,illustrative scenario,18.000000,01-Jul-2026 11:33
1924-08 to 1925-07,1924-08-01,1925-07-31,1925,9.003288,365,published-inputs,49,8.581281,9.418356,7.003005,10.315068,10.626849,illustrative scenario,18.000000,01-Jul-2026 11:33
1925-08 to 1926-07,1925-08-01,1926-07-31,1926,8.595068,365,published-inputs,86,8.588579,9.418356,7.003005,10.315068,10.626849,illustrative scenario,18.000000,01-Jul-2026 11:33
1926-08 to 1927-07,1926-08-01,1927-07-31,1927,8.623562,365,published-inputs,80,8.597046,9.418356,7.003005,10.315068,10.626849,illustrative scenario,18.000000,01-Jul-2026 11:33
1927-08 to 1928-07,1927-08-01,1928-07-31,1928,8.568579,366,published-inputs,87,8.606670,9.418356,7.003005,10.315068,10.626849,illustrative scenario,18.000000,01-Jul-2026 11:33
1928-08 to 1929-07,1928-08-01,1929-07-31,1929,8.073699,365,published-inputs,126,8.617384,9.418356,7.003005,10.315068,10.626849,illustrative scenario,18.000000,01-Jul-2026 11:33
1929-08 to 1930-07,1929-08-01,1930-07-31,1930,8.697534,365,published-inputs,75,8.629069,9.418356,7.003005,10.315068,10.626849,illustrative scenario,18.000000,01-Jul-2026 11:33
1930-08 to 1931-07,1930-08-01,1931-07-31,1931,8.426575,365,published-inputs,102,8.641567,9.418356,7.003005,10.315068,10.626849,illustrative scenario,18.000000,01-Jul-2026 11:33
1931-08 to 1932-07,1931-08-01,1932-07-31,1932,8.387705,366,published-inputs,107,8.654682,9.418356,7.003005,10.315068,10.626849,illustrative scenario,18.000000,01-Jul-2026 11:33
1932-08 to 1933-07,1932-08-01,1933-07-31,1933,9.068767,365,published-inputs,45,8.668204,9.418356,7.003005,10.315068,10.626849,illustrative scenario,18.000000,01-Jul-2026 11:33
1933-08 to 1934-07,1933-08-01,1934-07-31,1934,8.740548,365,published-inputs,68,8.681915,9.418356,7.003005,10.315068,10.626849,illustrative scenario,18.000000,01-Jul-2026 11:33
1934-08 to 1935-07,1934-08-01,1935-07-31,1935,9.225753,365,published-inputs,40,8.695607,9.418356,7.003005,10.315068,10.626849,illustrative scenario,18.000000,01-Jul-2026 11:33
1935-08 to 1936-07,1935-08-01,1936-07-31,1936,8.354645,366,published-inputs,112,8.709085,9.418356,7.003005,10.315068,10.626849,illustrative scenario,18.000000,01-Jul-2026 11:33
1936-08 to 1937-07,1936-08-01,1937-07-31,1937,8.927945,365,published-inputs,52,8.722174,9.418356,7.003005,10.315068,10.626849,illustrative scenario,18.000000,01-Jul-2026 11:33
1937-08 to 1938-07,1937-08-01,1938-07-31,1938,8.772603,365,published-inputs,64,8.734714,9.418356,7.003005,10.315068,10.626849,illustrative scenario,18.000000,01-Jul-2026 11:33
1938-08 to 1939-07,1938-08-01,1939-07-31,1939,9.076438,365,published-inputs,44,8.746559,9.418356,7.003005,10.315068,10.626849,illustrative scenario,18.000000,01-Jul-2026 11:33
1939-08 to 1940-07,1939-08-01,1940-07-31,1940,8.521038,366,published-inputs,93,8.757566,9.418356,7.003005,10.315068,10.626849,illustrative scenario,18.000000,01-Jul-2026 11:33
1940-08 to 1941-07,1940-08-01,1941-07-31,1941,8.059452,365,published-inputs,127,8.767587,9.418356,7.003005,10.315068,10.626849,illustrative scenario,18.000000,01-Jul-2026 11:33
1941-08 to 1942-07,1941-08-01,1942-07-31,1942,8.596164,365,published-inputs,85,8.776466,9.418356,7.003005,10.315068,10.626849,illustrative scenario,18.000000,01-Jul-2026 11:33
1942-08 to 1943-07,1942-08-01,1943-07-31,1943,9.417808,365,published-inputs,31,8.784035,9.418356,7.003005,10.315068,10.626849,illustrative scenario,18.000000,01-Jul-2026 11:33
1943-08 to 1944-07,1943-08-01,1944-07-31,1944,8.827049,366,published-inputs,60,8.790122,9.418356,7.003005,10.315068,10.626849,illustrative scenario,18.000000,01-Jul-2026 11:33
1944-08 to 1945-07,1944-08-01,1945-07-31,1945,8.886575,365,published-inputs,55,8.794557,9.418356,7.003005,10.315068,10.626849,illustrative scenario,18.000000,01-Jul-2026 11:33
1945-08 to 1946-07,1945-08-01,1946-07-31,1946,8.966849,365,published-inputs,50,8.797180,9.418356,7.003005,10.315068,10.626849,illustrative scenario,18.000000,01-Jul-2026 11:33
1946-08 to 1947-07,1946-08-01,1947-07-31,1947,8.008219,365,published-inputs,128,8.797859,9.418356,7.003005,10.315068,10.626849,illustrative scenario,18.000000,01-Jul-2026 11:33
1947-08 to 1948-07,1947-08-01,1948-07-31,1948,9.464481,366,published-inputs,26,8.796493,9.418356,7.003005,10.315068,10.626849,illustrative scenario,18.000000,01-Jul-2026 11:33
1948-08 to 1949-07,1948-08-01,1949-07-31,1949,9.404384,365,published-inputs,32,8.793021,9.418356,7.003005,10.315068,10.626849,illustrative scenario,18.000000,01-Jul-2026 11:33
1949-08 to 1950-07,1949-08-01,1950-07-31,1950,9.618904,365,published-inputs,18,8.787425,9.418356,7.003005,10.315068,10.626849,illustrative scenario,18.000000,01-Jul-2026 11:33
1950-08 to 1951-07,1950-08-01,1951-07-31,1951,7.834795,365,published-inputs,136,8.779729,9.418356,7.003005,10.315068,10.626849,illustrative scenario,18.000000,01-Jul-2026 11:33
1951-08 to 1952-07,1951-08-01,1952-07-31,1952,9.059290,366,published-inputs,46,8.769997,9.418356,7.003005,10.315068,10.626849,illustrative scenario,18.000000,01-Jul-2026 11:33
1952-08 to 1953-07,1952-08-01,1953-07-31,1953,8.175616,365,published-inputs,122,8.758337,9.418356,7.003005,10.315068,10.626849,illustrative scenario,18.000000,01-Jul-2026 11:33
1953-08 to 1954-07,1953-08-01,1954-07-31,1954,8.745205,365,published-inputs,66,8.744898,9.418356,7.003005,10.315068,10.626849,illustrative scenario,18.000000,01-Jul-2026 11:33
1954-08 to 1955-07,1954-08-01,1955-07-31,1955,8.463014,365,published-inputs,98,8.729883,9.418356,7.003005,10.315068,10.626849,illustrative scenario,18.000000,01-Jul-2026 11:33
1955-08 to 1956-07,1955-08-01,1956-07-31,1956,8.615027,366,published-inputs,81,8.713550,9.418356,7.003005,10.315068,10.626849,illustrative scenario,18.000000,01-Jul-2026 11:33
1956-08 to 1957-07,1956-08-01,1957-07-31,1957,9.293425,365,published-inputs,36,8.696228,9.418356,7.003005,10.315068,10.626849,illustrative scenario,18.000000,01-Jul-2026 11:33
1957-08 to 1958-07,1957-08-01,1958-07-31,1958,8.457260,365,published-inputs,99,8.678317,9.418356,7.003005,10.315068,10.626849,illustrative scenario,18.000000,01-Jul-2026 11:33
1958-08 to 1959-07,1958-08-01,1959-07-31,1959,9.267397,365,published-inputs,38,8.660285,9.418356,7.003005,10.315068,10.626849,illustrative scenario,18.000000,01-Jul-2026 11:33
1959-08 to 1960-07,1959-08-01,1960-07-31,1960,9.545355,366,published-inputs,24,8.642657,9.418356,7.003005,10.315068,10.626849,illustrative scenario,18.000000,01-Jul-2026 11:33
1960-08 to 1961-07,1960-08-01,1961-07-31,1961,8.867945,365,published-inputs,57,8.625989,9.418356,7.003005,10.315068,10.626849,illustrative scenario,18.000000,01-Jul-2026 11:33
1961-08 to 1962-07,1961-08-01,1962-07-31,1962,8.142466,365,published-inputs,125,8.610829,9.418356,7.003005,10.315068,10.626849,illustrative scenario,18.000000,01-Jul-2026 11:33
1962-08 to 1963-07,1962-08-01,1963-07-31,1963,7.303288,365,published-inputs,140,8.597679,9.418356,7.003005,10.315068,10.626849,illustrative scenario,18.000000,01-Jul-2026 11:33
1963-08 to 1964-07,1963-08-01,1964-07-31,1964,8.502732,366,published-inputs,95,8.586947,9.418356,7.003005,10.315068,10.626849,illustrative scenario,18.000000,01-Jul-2026 11:33
1964-08 to 1965-07,1964-08-01,1965-07-31,1965,8.236712,365,published-inputs,116,8.578910,9.418356,7.003005,10.315068,10.626849,illustrative scenario,18.000000,01-Jul-2026 11:33
1965-08 to 1966-07,1965-08-01,1966-07-31,1966,8.423014,365,published-inputs,103,8.573685,9.418356,7.003005,10.315068,10.626849,illustrative scenario,18.000000,01-Jul-2026 11:33
1966-08 to 1967-07,1966-08-01,1967-07-31,1967,8.742192,365,published-inputs,67,8.571221,9.418356,7.003005,10.315068,10.626849,illustrative scenario,18.000000,01-Jul-2026 11:33
1967-08 to 1968-07,1967-08-01,1968-07-31,1968,8.292077,366,published-inputs,114,8.571308,9.418356,7.003005,10.315068,10.626849,illustrative scenario,18.000000,01-Jul-2026 11:33
1968-08 to 1969-07,1968-08-01,1969-07-31,1969,8.443288,365,published-inputs,101,8.573606,9.418356,7.003005,10.315068,10.626849,illustrative scenario,18.000000,01-Jul-2026 11:33
1969-08 to 1970-07,1969-08-01,1970-07-31,1970,8.562740,365,published-inputs,89,8.577694,9.418356,7.003005,10.315068,10.626849,illustrative scenario,18.000000,01-Jul-2026 11:33
1970-08 to 1971-07,1970-08-01,1971-07-31,1971,8.871233,365,published-inputs,56,8.583120,9.418356,7.003005,10.315068,10.626849,illustrative scenario,18.000000,01-Jul-2026 11:33
1971-08 to 1972-07,1971-08-01,1972-07-31,1972,8.704645,366,published-inputs,74,8.589466,9.418356,7.003005,10.315068,10.626849,illustrative scenario,18.000000,01-Jul-2026 11:33
1972-08 to 1973-07,1972-08-01,1973-07-31,1973,8.599178,365,published-inputs,84,8.596397,9.418356,7.003005,10.315068,10.626849,illustrative scenario,18.000000,01-Jul-2026 11:33
1973-08 to 1974-07,1973-08-01,1974-07-31,1974,8.864110,365,published-inputs,58,8.603706,9.418356,7.003005,10.315068,10.626849,illustrative scenario,18.000000,01-Jul-2026 11:33
1974-08 to 1975-07,1974-08-01,1975-07-31,1975,8.738356,365,published-inputs,69,8.611341,9.418356,7.003005,10.315068,10.626849,illustrative scenario,18.000000,01-Jul-2026 11:33
1975-08 to 1976-07,1975-08-01,1976-07-31,1976,9.187978,366,published-inputs,41,8.619407,9.418356,7.003005,10.315068,10.626849,illustrative scenario,18.000000,01-Jul-2026 11:33
1976-08 to 1977-07,1976-08-01,1977-07-31,1977,8.384110,365,published-inputs,108,8.628160,9.418356,7.003005,10.315068,10.626849,illustrative scenario,18.000000,01-Jul-2026 11:33
1977-08 to 1978-07,1977-08-01,1978-07-31,1978,8.455616,365,published-inputs,100,8.637970,9.418356,7.003005,10.315068,10.626849,illustrative scenario,18.000000,01-Jul-2026 11:33
1978-08 to 1979-07,1978-08-01,1979-07-31,1979,7.996712,365,published-inputs,130,8.649289,9.418356,7.003005,10.315068,10.626849,illustrative scenario,18.000000,01-Jul-2026 11:33
1979-08 to 1980-07,1979-08-01,1980-07-31,1980,8.555191,366,published-inputs,91,8.662593,9.418356,7.003005,10.315068,10.626849,illustrative scenario,18.000000,01-Jul-2026 11:33
1980-08 to 1981-07,1980-08-01,1981-07-31,1981,8.731507,365,published-inputs,71,8.678341,9.418356,7.003005,10.315068,10.626849,illustrative scenario,18.000000,01-Jul-2026 11:33
1981-08 to 1982-07,1981-08-01,1982-07-31,1982,8.612877,365,published-inputs,82,8.696923,9.418356,7.003005,10.315068,10.626849,illustrative scenario,18.000000,01-Jul-2026 11:33
1982-08 to 1983-07,1982-08-01,1983-07-31,1983,8.918904,365,published-inputs,53,8.718629,9.418356,7.003005,10.315068,10.626849,illustrative scenario,18.000000,01-Jul-2026 11:33
1983-08 to 1984-07,1983-08-01,1984-07-31,1984,8.909836,366,published-inputs,54,8.743621,9.418356,7.003005,10.315068,10.626849,illustrative scenario,18.000000,01-Jul-2026 11:33
1984-08 to 1985-07,1984-08-01,1985-07-31,1985,8.472055,365,published-inputs,97,8.771924,9.418356,7.003005,10.315068,10.626849,illustrative scenario,18.000000,01-Jul-2026 11:33
1985-08 to 1986-07,1985-08-01,1986-07-31,1986,7.982466,365,published-inputs,132,8.803426,9.418356,7.003005,10.315068,10.626849,illustrative scenario,18.000000,01-Jul-2026 11:33
1986-08 to 1987-07,1986-08-01,1987-07-31,1987,8.143014,365,published-inputs,124,8.837887,9.418356,7.003005,10.315068,10.626849,illustrative scenario,18.000000,01-Jul-2026 11:33
1987-08 to 1988-07,1987-08-01,1988-07-31,1988,8.930328,366,published-inputs,51,8.874963,9.418356,7.003005,10.315068,10.626849,illustrative scenario,18.000000,01-Jul-2026 11:33
1988-08 to 1989-07,1988-08-01,1989-07-31,1989,9.429041,365,published-inputs,29,8.914229,9.418356,7.003005,10.315068,10.626849,illustrative scenario,18.000000,01-Jul-2026 11:33
1989-08 to 1990-07,1989-08-01,1990-07-31,1990,9.741370,365,published-inputs,14,8.955198,9.418356,7.003005,10.315068,10.626849,illustrative scenario,18.000000,01-Jul-2026 11:33
1990-08 to 1991-07,1990-08-01,1991-07-31,1991,8.715068,365,published-inputs,73,8.997350,9.418356,7.003005,10.315068,10.626849,illustrative scenario,18.000000,01-Jul-2026 11:33
1991-08 to 1992-07,1991-08-01,1992-07-31,1992,9.445628,366,published-inputs,28,9.040146,9.418356,7.003005,10.315068,10.626849,illustrative scenario,18.000000,01-Jul-2026 11:33
1992-08 to 1993-07,1992-08-01,1993-07-31,1993,8.826027,365,published-inputs,61,9.083036,9.418356,7.003005,10.315068,10.626849,illustrative scenario,18.000000,01-Jul-2026 11:33
1993-08 to 1994-07,1993-08-01,1994-07-31,1994,8.407123,365,published-inputs,104,9.125476,9.418356,7.003005,10.315068,10.626849,illustrative scenario,18.000000,01-Jul-2026 11:33
1994-08 to 1995-07,1994-08-01,1995-07-31,1995,9.627671,365,published-inputs,17,9.166928,9.418356,7.003005,10.315068,10.626849,illustrative scenario,18.000000,01-Jul-2026 11:33
1995-08 to 1996-07,1995-08-01,1996-07-31,1996,8.823770,366,published-inputs,62,9.206866,9.418356,7.003005,10.315068,10.626849,illustrative scenario,18.000000,01-Jul-2026 11:33
1996-08 to 1997-07,1996-08-01,1997-07-31,1997,9.101370,365,published-inputs,43,9.244792,9.418356,7.003005,10.315068,10.626849,illustrative scenario,18.000000,01-Jul-2026 11:33
1997-08 to 1998-07,1997-08-01,1998-07-31,1998,9.904384,365,published-inputs,9,9.280244,9.418356,7.003005,10.315068,10.626849,illustrative scenario,18.000000,01-Jul-2026 11:33
1998-08 to 1999-07,1998-08-01,1999-07-31,1999,9.606849,365,published-inputs,19,9.312827,9.418356,7.003005,10.315068,10.626849,illustrative scenario,18.000000,01-Jul-2026 11:33
1999-08 to 2000-07,1999-08-01,2000-07-31,2000,9.469126,366,published-inputs,25,9.342232,9.418356,7.003005,10.315068,10.626849,illustrative scenario,18.000000,01-Jul-2026 11:33
2000-08 to 2001-07,2000-08-01,2001-07-31,2001,9.006027,365,published-inputs,48,9.368276,9.418356,7.003005,10.315068,10.626849,illustrative scenario,18.000000,01-Jul-2026 11:33
2001-08 to 2002-07,2001-08-01,2002-07-31,2002,9.604658,365,published-inputs,20,9.390924,9.418356,7.003005,10.315068,10.626849,illustrative scenario,18.000000,01-Jul-2026 11:33
2002-08 to 2003-07,2002-08-01,2003-07-31,2003,9.690685,365,published-inputs,16,9.410319,9.418356,7.003005,10.315068,10.626849,illustrative scenario,18.000000,01-Jul-2026 11:33
2003-08 to 2004-07,2003-08-01,2004-07-31,2004,9.453552,366,published-inputs,27,9.426790,9.418356,7.003005,10.315068,10.626849,illustrative scenario,18.000000,01-Jul-2026 11:33
2004-08 to 2005-07,2004-08-01,2005-07-31,2005,9.794795,365,published-inputs,11,9.440850,9.418356,7.003005,10.315068,10.626849,illustrative scenario,18.000000,01-Jul-2026 11:33
2005-08 to 2006-07,2005-08-01,2006-07-31,2006,9.597534,365,published-inputs,21,9.453175,9.418356,7.003005,10.315068,10.626849,illustrative scenario,18.000000,01-Jul-2026 11:33
2006-08 to 2007-07,2006-08-01,2007-07-31,2007,10.315068,365,published-inputs,2,9.464562,9.418356,7.003005,10.315068,10.626849,illustrative scenario,18.000000,01-Jul-2026 11:33
2007-08 to 2008-07,2007-08-01,2008-07-31,2008,9.593716,366,published-inputs,22,9.475872,9.418356,7.003005,10.315068,10.626849,illustrative scenario,18.000000,01-Jul-2026 11:33
2008-08 to 2009-07,2008-08-01,2009-07-31,2009,9.017260,365,published-inputs,47,9.487966,9.418356,7.003005,10.315068,10.626849,illustrative scenario,18.000000,01-Jul-2026 11:33
2009-08 to 2010-07,2009-08-01,2010-07-31,2010,8.864110,365,published-inputs,58,9.501634,9.418356,7.003005,10.315068,10.626849,illustrative scenario,18.000000,01-Jul-2026 11:33
2010-08 to 2011-07,2010-08-01,2011-07-31,2011,8.730411,365,published-inputs,72,9.517532,9.418356,7.003005,10.315068,10.626849,illustrative scenario,18.000000,01-Jul-2026 11:33
2011-08 to 2012-07,2011-08-01,2012-07-31,2012,9.704645,366,published-inputs,15,9.536137,9.418356,7.003005,10.315068,10.626849,illustrative scenario,18.000000,01-Jul-2026 11:33
2012-08 to 2013-07,2012-08-01,2013-07-31,2013,8.519726,365,published-inputs,94,9.557711,9.418356,7.003005,10.315068,10.626849,illustrative scenario,18.000000,01-Jul-2026 11:33
2013-08 to 2014-07,2013-08-01,2014-07-31,2014,10.107397,365,published-inputs,7,9.582300,9.418356,7.003005,10.315068,10.626849,illustrative scenario,18.000000,01-Jul-2026 11:33
2014-08 to 2015-07,2014-08-01,2015-07-31,2015,9.314247,365,published-inputs,35,9.609745,9.418356,7.003005,10.315068,10.626849,illustrative scenario,18.000000,01-Jul-2026 11:33
2015-08 to 2016-07,2015-08-01,2016-07-31,2016,9.830055,366,published-inputs,10,9.639718,9.418356,7.003005,10.315068,10.626849,illustrative scenario,18.000000,01-Jul-2026 11:33
2016-08 to 2017-07,2016-08-01,2017-07-31,2017,10.020000,365,published-inputs,8,9.671769,9.418356,7.003005,10.315068,10.626849,illustrative scenario,18.000000,01-Jul-2026 11:33
2017-08 to 2018-07,2017-08-01,2018-07-31,2018,9.592603,365,published-inputs,23,9.705371,9.418356,7.003005,10.315068,10.626849,illustrative scenario,18.000000,01-Jul-2026 11:33
2018-08 to 2019-07,2018-08-01,2019-07-31,2019,9.794795,365,published-inputs,11,9.739972,9.418356,7.003005,10.315068,10.626849,illustrative scenario,18.000000,01-Jul-2026 11:33
2019-08 to 2020-07,2019-08-01,2020-07-31,2020,9.785792,366,published-inputs,13,9.775037,9.418356,7.003005,10.315068,10.626849,illustrative scenario,18.000000,01-Jul-2026 11:33
2020-08 to 2021-07,2020-08-01,2021-07-31,2021,9.361644,365,published-inputs,33,9.810076,9.418356,7.003005,10.315068,10.626849,illustrative scenario,18.000000,01-Jul-2026 11:33
2021-08 to 2022-07,2021-08-01,2022-07-31,2022,10.273699,365,published-inputs,4,9.844669,9.418356,7.003005,10.315068,10.626849,illustrative scenario,18.000000,01-Jul-2026 11:33
2022-08 to 2023-07,2022-08-01,2023-07-31,2023,10.221096,365,published-inputs,5,9.878473,9.418356,7.003005,10.315068,10.626849,illustrative scenario,18.000000,01-Jul-2026 11:33
2023-08 to 2024-07,2023-08-01,2024-07-31,2024,10.293443,366,published-inputs,3,9.911221,9.418356,7.003005,10.315068,10.626849,illustrative scenario,18.000000,01-Jul-2026 11:33
2024-08 to 2025-07,2024-08-01,2025-07-31,2025,10.206301,365,published-inputs,6,9.942725,9.418356,7.003005,10.315068,10.626849,illustrative scenario,18.000000,01-Jul-2026 11:33
2025-08 to 2026-07,2025-08-01,2026-07-31,2026,10.626849,365,provisional-scenario,1,9.972860,9.418356,7.003005,10.315068,10.626849,illustrative scenario,18.000000,01-Jul-2026 11:33
