timestamp,reporting_date,station_code,station_name,site_type,pm25,pm25_screened,pm10,no2,pm25_status,pm10_status
2026-08-11 00:00:00+00:00,2026-08-10 00:00:00+00:00,CARD,Cardiff Centre,Urban Background,10.0,10.0,14.493,,P,P
2026-08-11 01:00:00+00:00,2026-08-11 00:00:00+00:00,CARD,Cardiff Centre,Urban Background,10.0,10.0,23.189,,P,P
2026-08-11 02:00:00+00:00,2026-08-11 00:00:00+00:00,CARD,Cardiff Centre,Urban Background,8.0,8.0,16.425,,P,P
2026-08-11 03:00:00+00:00,2026-08-11 00:00:00+00:00,CARD,Cardiff Centre,Urban Background,9.0,9.0,20.29,,P,P
2026-08-11 04:00:00+00:00,2026-08-11 00:00:00+00:00,CARD,Cardiff Centre,Urban Background,7.0,7.0,12.561,,P,P
2026-08-11 05:00:00+00:00,2026-08-11 00:00:00+00:00,CARD,Cardiff Centre,Urban Background,8.0,8.0,17.392,,P,P
2026-08-11 06:00:00+00:00,2026-08-11 00:00:00+00:00,CARD,Cardiff Centre,Urban Background,9.0,9.0,26.087,,P,P
2026-08-11 07:00:00+00:00,2026-08-11 00:00:00+00:00,CARD,Cardiff Centre,Urban Background,8.0,8.0,26.087,,P,P
2026-08-11 08:00:00+00:00,2026-08-11 00:00:00+00:00,CARD,Cardiff Centre,Urban Background,9.0,9.0,24.155,,P,P
2026-08-11 09:00:00+00:00,2026-08-11 00:00:00+00:00,CARD,Cardiff Centre,Urban Background,9.0,9.0,17.392,,P,P
2026-08-11 10:00:00+00:00,2026-08-11 00:00:00+00:00,CARD,Cardiff Centre,Urban Background,6.0,6.0,23.189,,P,P
2026-08-11 11:00:00+00:00,2026-08-11 00:00:00+00:00,CARD,Cardiff Centre,Urban Background,,,25.121,,,P
2026-08-11 12:00:00+00:00,2026-08-11 00:00:00+00:00,CARD,Cardiff Centre,Urban Background,,,16.425,,,P
2026-08-11 13:00:00+00:00,2026-08-11 00:00:00+00:00,CARD,Cardiff Centre,Urban Background,,,,,,
2026-08-11 14:00:00+00:00,2026-08-11 00:00:00+00:00,CARD,Cardiff Centre,Urban Background,4.0,4.0,,,P,
2026-08-11 15:00:00+00:00,2026-08-11 00:00:00+00:00,CARD,Cardiff Centre,Urban Background,7.0,7.0,24.155,,P,P
2026-08-11 16:00:00+00:00,2026-08-11 00:00:00+00:00,CARD,Cardiff Centre,Urban Background,6.0,6.0,11.594,7.93688,P,P
2026-08-11 17:00:00+00:00,2026-08-11 00:00:00+00:00,CARD,Cardiff Centre,Urban Background,7.0,7.0,20.29,7.07625,P,P
2026-08-11 18:00:00+00:00,2026-08-11 00:00:00+00:00,CARD,Cardiff Centre,Urban Background,6.0,6.0,11.594,8.415,P,P
2026-08-11 19:00:00+00:00,2026-08-11 00:00:00+00:00,CARD,Cardiff Centre,Urban Background,8.0,8.0,17.392,12.81375,P,P
2026-08-11 20:00:00+00:00,2026-08-11 00:00:00+00:00,CARD,Cardiff Centre,Urban Background,7.0,7.0,16.425,31.365,P,P
2026-08-11 21:00:00+00:00,2026-08-11 00:00:00+00:00,CARD,Cardiff Centre,Urban Background,7.0,7.0,13.527,32.13,P,P
2026-08-11 22:00:00+00:00,2026-08-11 00:00:00+00:00,CARD,Cardiff Centre,Urban Background,4.0,4.0,14.493,31.93875,P,P
2026-08-11 23:00:00+00:00,2026-08-11 00:00:00+00:00,CARD,Cardiff Centre,Urban Background,2.0,2.0,7.73,12.81375,P,P
2026-08-11 00:00:00+00:00,2026-08-10 00:00:00+00:00,CHP,Chepstow A48,Urban Traffic,7.0,7.0,10.628,4.39875,P,P
2026-08-11 01:00:00+00:00,2026-08-11 00:00:00+00:00,CHP,Chepstow A48,Urban Traffic,6.0,6.0,12.561,5.7375,P,P
2026-08-11 02:00:00+00:00,2026-08-11 00:00:00+00:00,CHP,Chepstow A48,Urban Traffic,6.0,6.0,13.527,5.54625,P,P
2026-08-11 03:00:00+00:00,2026-08-11 00:00:00+00:00,CHP,Chepstow A48,Urban Traffic,4.0,4.0,12.561,7.65,P,P
2026-08-11 04:00:00+00:00,2026-08-11 00:00:00+00:00,CHP,Chepstow A48,Urban Traffic,3.0,3.0,12.561,12.04875,P,P
2026-08-11 05:00:00+00:00,2026-08-11 00:00:00+00:00,CHP,Chepstow A48,Urban Traffic,4.0,4.0,20.29,15.49125,P,P
2026-08-11 06:00:00+00:00,2026-08-11 00:00:00+00:00,CHP,Chepstow A48,Urban Traffic,6.0,6.0,13.527,26.20125,P,P
2026-08-11 07:00:00+00:00,2026-08-11 00:00:00+00:00,CHP,Chepstow A48,Urban Traffic,7.0,7.0,18.358,22.5675,P,P
2026-08-11 08:00:00+00:00,2026-08-11 00:00:00+00:00,CHP,Chepstow A48,Urban Traffic,6.0,6.0,19.324,18.93375,P,P
2026-08-11 09:00:00+00:00,2026-08-11 00:00:00+00:00,CHP,Chepstow A48,Urban Traffic,4.0,4.0,16.425,13.19625,P,P
2026-08-11 10:00:00+00:00,2026-08-11 00:00:00+00:00,CHP,Chepstow A48,Urban Traffic,,,,20.2725,,
2026-08-11 11:00:00+00:00,2026-08-11 00:00:00+00:00,CHP,Chepstow A48,Urban Traffic,,,,,,
2026-08-11 12:00:00+00:00,2026-08-11 00:00:00+00:00,CHP,Chepstow A48,Urban Traffic,9.0,9.0,23.189,23.90625,P,P
2026-08-11 13:00:00+00:00,2026-08-11 00:00:00+00:00,CHP,Chepstow A48,Urban Traffic,6.0,6.0,16.425,19.5075,P,P
2026-08-11 14:00:00+00:00,2026-08-11 00:00:00+00:00,CHP,Chepstow A48,Urban Traffic,5.0,5.0,23.189,24.8625,P,P
2026-08-11 15:00:00+00:00,2026-08-11 00:00:00+00:00,CHP,Chepstow A48,Urban Traffic,5.0,5.0,16.425,23.715,P,P
2026-08-11 16:00:00+00:00,2026-08-11 00:00:00+00:00,CHP,Chepstow A48,Urban Traffic,4.0,4.0,18.358,29.26125,P,P
2026-08-11 17:00:00+00:00,2026-08-11 00:00:00+00:00,CHP,Chepstow A48,Urban Traffic,4.0,4.0,17.392,32.895,P,P
2026-08-11 18:00:00+00:00,2026-08-11 00:00:00+00:00,CHP,Chepstow A48,Urban Traffic,8.0,8.0,17.392,43.41375,P,P
2026-08-11 19:00:00+00:00,2026-08-11 00:00:00+00:00,CHP,Chepstow A48,Urban Traffic,6.0,6.0,15.459,43.9875,P,P
2026-08-11 20:00:00+00:00,2026-08-11 00:00:00+00:00,CHP,Chepstow A48,Urban Traffic,5.0,5.0,26.087,72.10125,P,P
2026-08-11 21:00:00+00:00,2026-08-11 00:00:00+00:00,CHP,Chepstow A48,Urban Traffic,6.0,6.0,22.223,71.71875,P,P
2026-08-11 22:00:00+00:00,2026-08-11 00:00:00+00:00,CHP,Chepstow A48,Urban Traffic,,,,,,
2026-08-11 23:00:00+00:00,2026-08-11 00:00:00+00:00,CHP,Chepstow A48,Urban Traffic,,,,,,
2026-08-11 00:00:00+00:00,2026-08-10 00:00:00+00:00,NPT3,Newport,Urban Background,4.623,4.623,15.4,6.5025,P,P
2026-08-11 01:00:00+00:00,2026-08-11 00:00:00+00:00,NPT3,Newport,Urban Background,4.34,4.34,13.3,6.12,P,P
2026-08-11 02:00:00+00:00,2026-08-11 00:00:00+00:00,NPT3,Newport,Urban Background,4.245,4.245,13.8,5.92875,P,P
2026-08-11 03:00:00+00:00,2026-08-11 00:00:00+00:00,NPT3,Newport,Urban Background,3.774,3.774,10.5,6.5025,P,P
2026-08-11 04:00:00+00:00,2026-08-11 00:00:00+00:00,NPT3,Newport,Urban Background,3.962,3.962,11.8,8.98875,P,P
2026-08-11 05:00:00+00:00,2026-08-11 00:00:00+00:00,NPT3,Newport,Urban Background,3.962,3.962,12.2,15.3,P,P
2026-08-11 06:00:00+00:00,2026-08-11 00:00:00+00:00,NPT3,Newport,Urban Background,3.962,3.962,11.7,15.6825,P,P
2026-08-11 07:00:00+00:00,2026-08-11 00:00:00+00:00,NPT3,Newport,Urban Background,4.717,4.717,17.4,16.065,P,P
2026-08-11 08:00:00+00:00,2026-08-11 00:00:00+00:00,NPT3,Newport,Urban Background,6.415,6.415,19.4,13.57875,P,P
2026-08-11 09:00:00+00:00,2026-08-11 00:00:00+00:00,NPT3,Newport,Urban Background,7.076,7.076,19.1,8.60625,P,P
2026-08-11 10:00:00+00:00,2026-08-11 00:00:00+00:00,NPT3,Newport,Urban Background,6.132,6.132,19.0,6.12,P,P
2026-08-11 11:00:00+00:00,2026-08-11 00:00:00+00:00,NPT3,Newport,Urban Background,5.943,5.943,18.3,4.59,P,P
2026-08-11 12:00:00+00:00,2026-08-11 00:00:00+00:00,NPT3,Newport,Urban Background,6.132,6.132,20.9,4.2075,P,P
2026-08-11 13:00:00+00:00,2026-08-11 00:00:00+00:00,NPT3,Newport,Urban Background,6.132,6.132,18.8,4.01625,P,P
2026-08-11 14:00:00+00:00,2026-08-11 00:00:00+00:00,NPT3,Newport,Urban Background,5.943,5.943,19.2,3.825,P,P
2026-08-11 15:00:00+00:00,2026-08-11 00:00:00+00:00,NPT3,Newport,Urban Background,5.849,5.849,20.0,2.86875,P,P
2026-08-11 16:00:00+00:00,2026-08-11 00:00:00+00:00,NPT3,Newport,Urban Background,5.849,5.849,19.8,2.86875,P,P
2026-08-11 17:00:00+00:00,2026-08-11 00:00:00+00:00,NPT3,Newport,Urban Background,5.66,5.66,19.2,3.25125,P,P
2026-08-11 18:00:00+00:00,2026-08-11 00:00:00+00:00,NPT3,Newport,Urban Background,5.849,5.849,21.5,3.25125,P,P
2026-08-11 19:00:00+00:00,2026-08-11 00:00:00+00:00,NPT3,Newport,Urban Background,5.472,5.472,16.8,4.39875,P,P
2026-08-11 20:00:00+00:00,2026-08-11 00:00:00+00:00,NPT3,Newport,Urban Background,9.717,9.717,28.4,10.3275,P,P
2026-08-11 21:00:00+00:00,2026-08-11 00:00:00+00:00,NPT3,Newport,Urban Background,8.962,8.962,32.9,12.04875,P,P
2026-08-11 22:00:00+00:00,2026-08-11 00:00:00+00:00,NPT3,Newport,Urban Background,6.792,6.792,18.3,9.945,P,P
2026-08-11 23:00:00+00:00,2026-08-11 00:00:00+00:00,NPT3,Newport,Urban Background,6.038,6.038,16.0,7.07625,P,P
2026-08-11 00:00:00+00:00,2026-08-10 00:00:00+00:00,PEMB,Narberth,Rural Background,4.151,4.151,8.2,1.72125,P,P
2026-08-11 01:00:00+00:00,2026-08-11 00:00:00+00:00,PEMB,Narberth,Rural Background,3.868,3.868,8.0,1.33875,P,P
2026-08-11 02:00:00+00:00,2026-08-11 00:00:00+00:00,PEMB,Narberth,Rural Background,3.868,3.868,7.5,1.72125,P,P
2026-08-11 03:00:00+00:00,2026-08-11 00:00:00+00:00,PEMB,Narberth,Rural Background,7.17,7.17,12.5,2.6775,P,P
2026-08-11 04:00:00+00:00,2026-08-11 00:00:00+00:00,PEMB,Narberth,Rural Background,9.151,9.151,15.1,3.25125,P,P
2026-08-11 05:00:00+00:00,2026-08-11 00:00:00+00:00,PEMB,Narberth,Rural Background,13.491,13.491,20.6,3.25125,P,P
2026-08-11 06:00:00+00:00,2026-08-11 00:00:00+00:00,PEMB,Narberth,Rural Background,20.377,20.377,30.5,3.825,P,P
2026-08-11 07:00:00+00:00,2026-08-11 00:00:00+00:00,PEMB,Narberth,Rural Background,26.793,26.793,42.6,5.54625,P,P
2026-08-11 08:00:00+00:00,2026-08-11 00:00:00+00:00,PEMB,Narberth,Rural Background,21.038,21.038,43.3,9.5625,P,P
2026-08-11 09:00:00+00:00,2026-08-11 00:00:00+00:00,PEMB,Narberth,Rural Background,17.264,17.264,37.0,6.12,P,P
2026-08-11 10:00:00+00:00,2026-08-11 00:00:00+00:00,PEMB,Narberth,Rural Background,13.302,13.302,34.4,5.92875,P,P
2026-08-11 11:00:00+00:00,2026-08-11 00:00:00+00:00,PEMB,Narberth,Rural Background,11.604,11.604,24.7,2.6775,P,P
2026-08-11 12:00:00+00:00,2026-08-11 00:00:00+00:00,PEMB,Narberth,Rural Background,10.849,10.849,24.4,2.48625,P,P
2026-08-11 13:00:00+00:00,2026-08-11 00:00:00+00:00,PEMB,Narberth,Rural Background,9.906,9.906,24.7,5.7375,P,P
2026-08-11 14:00:00+00:00,2026-08-11 00:00:00+00:00,PEMB,Narberth,Rural Background,8.774,8.774,27.5,3.63375,P,P
2026-08-11 15:00:00+00:00,2026-08-11 00:00:00+00:00,PEMB,Narberth,Rural Background,7.359,7.359,20.9,3.06,P,P
2026-08-11 16:00:00+00:00,2026-08-11 00:00:00+00:00,PEMB,Narberth,Rural Background,7.453,7.453,27.8,2.6775,P,P
2026-08-11 17:00:00+00:00,2026-08-11 00:00:00+00:00,PEMB,Narberth,Rural Background,6.038,6.038,16.8,3.4425,P,P
2026-08-11 18:00:00+00:00,2026-08-11 00:00:00+00:00,PEMB,Narberth,Rural Background,6.321,6.321,21.6,4.78125,P,P
2026-08-11 19:00:00+00:00,2026-08-11 00:00:00+00:00,PEMB,Narberth,Rural Background,8.585,8.585,43.7,5.16375,P,P
2026-08-11 20:00:00+00:00,2026-08-11 00:00:00+00:00,PEMB,Narberth,Rural Background,6.038,6.038,17.7,2.48625,P,P
2026-08-11 21:00:00+00:00,2026-08-11 00:00:00+00:00,PEMB,Narberth,Rural Background,5.943,5.943,13.0,4.2075,P,P
2026-08-11 22:00:00+00:00,2026-08-11 00:00:00+00:00,PEMB,Narberth,Rural Background,5.755,5.755,12.2,4.9725,P,P
2026-08-11 23:00:00+00:00,2026-08-11 00:00:00+00:00,PEMB,Narberth,Rural Background,5.283,5.283,11.7,4.9725,P,P
2026-08-11 00:00:00+00:00,2026-08-10 00:00:00+00:00,PT4,Port Talbot Margam,Urban Industrial,17.0,17.0,16.425,15.10875,P,P
2026-08-11 01:00:00+00:00,2026-08-11 00:00:00+00:00,PT4,Port Talbot Margam,Urban Industrial,16.0,16.0,13.527,8.60625,P,P
2026-08-11 02:00:00+00:00,2026-08-11 00:00:00+00:00,PT4,Port Talbot Margam,Urban Industrial,18.0,18.0,15.459,6.31125,P,P
2026-08-11 03:00:00+00:00,2026-08-11 00:00:00+00:00,PT4,Port Talbot Margam,Urban Industrial,15.0,15.0,15.459,6.5025,P,P
2026-08-11 04:00:00+00:00,2026-08-11 00:00:00+00:00,PT4,Port Talbot Margam,Urban Industrial,14.0,14.0,18.358,20.46375,P,P
2026-08-11 05:00:00+00:00,2026-08-11 00:00:00+00:00,PT4,Port Talbot Margam,Urban Industrial,14.0,14.0,16.425,22.75875,P,P
2026-08-11 06:00:00+00:00,2026-08-11 00:00:00+00:00,PT4,Port Talbot Margam,Urban Industrial,12.0,12.0,33.817,17.9775,P,P
2026-08-11 07:00:00+00:00,2026-08-11 00:00:00+00:00,PT4,Port Talbot Margam,Urban Industrial,17.0,17.0,35.749,8.60625,P,P
2026-08-11 08:00:00+00:00,2026-08-11 00:00:00+00:00,PT4,Port Talbot Margam,Urban Industrial,22.0,22.0,31.885,7.2675,P,P
2026-08-11 09:00:00+00:00,2026-08-11 00:00:00+00:00,PT4,Port Talbot Margam,Urban Industrial,14.0,14.0,23.189,6.69375,P,P
2026-08-11 10:00:00+00:00,2026-08-11 00:00:00+00:00,PT4,Port Talbot Margam,Urban Industrial,13.0,13.0,26.087,5.92875,P,P
2026-08-11 11:00:00+00:00,2026-08-11 00:00:00+00:00,PT4,Port Talbot Margam,Urban Industrial,17.0,17.0,22.223,5.7375,P,P
2026-08-11 12:00:00+00:00,2026-08-11 00:00:00+00:00,PT4,Port Talbot Margam,Urban Industrial,12.0,12.0,20.29,4.9725,P,P
2026-08-11 13:00:00+00:00,2026-08-11 00:00:00+00:00,PT4,Port Talbot Margam,Urban Industrial,13.0,13.0,25.121,6.885,P,P
2026-08-11 14:00:00+00:00,2026-08-11 00:00:00+00:00,PT4,Port Talbot Margam,Urban Industrial,10.0,10.0,23.189,5.16375,P,P
2026-08-11 15:00:00+00:00,2026-08-11 00:00:00+00:00,PT4,Port Talbot Margam,Urban Industrial,9.0,9.0,22.223,5.54625,P,P
2026-08-11 16:00:00+00:00,2026-08-11 00:00:00+00:00,PT4,Port Talbot Margam,Urban Industrial,8.0,8.0,22.223,8.60625,P,P
2026-08-11 17:00:00+00:00,2026-08-11 00:00:00+00:00,PT4,Port Talbot Margam,Urban Industrial,9.0,9.0,26.087,9.5625,P,P
2026-08-11 18:00:00+00:00,2026-08-11 00:00:00+00:00,PT4,Port Talbot Margam,Urban Industrial,14.0,14.0,21.256,4.78125,P,P
2026-08-11 19:00:00+00:00,2026-08-11 00:00:00+00:00,PT4,Port Talbot Margam,Urban Industrial,15.0,15.0,22.223,12.24,P,P
2026-08-11 20:00:00+00:00,2026-08-11 00:00:00+00:00,PT4,Port Talbot Margam,Urban Industrial,12.0,12.0,29.952,28.6875,P,P
2026-08-11 21:00:00+00:00,2026-08-11 00:00:00+00:00,PT4,Port Talbot Margam,Urban Industrial,13.0,13.0,31.885,47.8125,P,P
2026-08-11 22:00:00+00:00,2026-08-11 00:00:00+00:00,PT4,Port Talbot Margam,Urban Industrial,17.0,17.0,21.256,17.9775,P,P
2026-08-11 23:00:00+00:00,2026-08-11 00:00:00+00:00,PT4,Port Talbot Margam,Urban Industrial,14.0,14.0,20.29,20.84625,P,P
2026-08-11 00:00:00+00:00,2026-08-10 00:00:00+00:00,SWA1,Swansea Roadside,Urban Traffic,51.0,51.0,48.31,10.51875,P,P
2026-08-11 01:00:00+00:00,2026-08-11 00:00:00+00:00,SWA1,Swansea Roadside,Urban Traffic,10.0,10.0,16.425,7.65,P,P
2026-08-11 02:00:00+00:00,2026-08-11 00:00:00+00:00,SWA1,Swansea Roadside,Urban Traffic,27.0,27.0,35.749,8.0325,P,P
2026-08-11 03:00:00+00:00,2026-08-11 00:00:00+00:00,SWA1,Swansea Roadside,Urban Traffic,27.0,27.0,29.952,7.07625,P,P
2026-08-11 04:00:00+00:00,2026-08-11 00:00:00+00:00,SWA1,Swansea Roadside,Urban Traffic,47.0,47.0,44.445,10.71,P,P
2026-08-11 05:00:00+00:00,2026-08-11 00:00:00+00:00,SWA1,Swansea Roadside,Urban Traffic,48.0,48.0,52.175,10.13625,P,P
2026-08-11 06:00:00+00:00,2026-08-11 00:00:00+00:00,SWA1,Swansea Roadside,Urban Traffic,,,,,,
2026-08-11 07:00:00+00:00,2026-08-11 00:00:00+00:00,SWA1,Swansea Roadside,Urban Traffic,,,,,,
2026-08-11 08:00:00+00:00,2026-08-11 00:00:00+00:00,SWA1,Swansea Roadside,Urban Traffic,,,,,,
2026-08-11 09:00:00+00:00,2026-08-11 00:00:00+00:00,SWA1,Swansea Roadside,Urban Traffic,,,,,,
2026-08-11 10:00:00+00:00,2026-08-11 00:00:00+00:00,SWA1,Swansea Roadside,Urban Traffic,,,,,,
2026-08-11 11:00:00+00:00,2026-08-11 00:00:00+00:00,SWA1,Swansea Roadside,Urban Traffic,,,,,,
2026-08-11 12:00:00+00:00,2026-08-11 00:00:00+00:00,SWA1,Swansea Roadside,Urban Traffic,,,,,,
2026-08-11 13:00:00+00:00,2026-08-11 00:00:00+00:00,SWA1,Swansea Roadside,Urban Traffic,,,,,,
2026-08-11 14:00:00+00:00,2026-08-11 00:00:00+00:00,SWA1,Swansea Roadside,Urban Traffic,,,,,,
2026-08-11 15:00:00+00:00,2026-08-11 00:00:00+00:00,SWA1,Swansea Roadside,Urban Traffic,,,,,,
2026-08-11 16:00:00+00:00,2026-08-11 00:00:00+00:00,SWA1,Swansea Roadside,Urban Traffic,,,,,,
2026-08-11 17:00:00+00:00,2026-08-11 00:00:00+00:00,SWA1,Swansea Roadside,Urban Traffic,,,,,,
2026-08-11 18:00:00+00:00,2026-08-11 00:00:00+00:00,SWA1,Swansea Roadside,Urban Traffic,,,,,,
2026-08-11 19:00:00+00:00,2026-08-11 00:00:00+00:00,SWA1,Swansea Roadside,Urban Traffic,,,,,,
2026-08-11 20:00:00+00:00,2026-08-11 00:00:00+00:00,SWA1,Swansea Roadside,Urban Traffic,,,,,,
2026-08-11 21:00:00+00:00,2026-08-11 00:00:00+00:00,SWA1,Swansea Roadside,Urban Traffic,,,,,,
2026-08-11 22:00:00+00:00,2026-08-11 00:00:00+00:00,SWA1,Swansea Roadside,Urban Traffic,,,,,,
2026-08-11 23:00:00+00:00,2026-08-11 00:00:00+00:00,SWA1,Swansea Roadside,Urban Traffic,,,,,,
2026-08-11 00:00:00+00:00,2026-08-10 00:00:00+00:00,WREX,Wrexham,Urban Traffic,2.453,2.453,4.7,7.45875,P,P
2026-08-11 01:00:00+00:00,2026-08-11 00:00:00+00:00,WREX,Wrexham,Urban Traffic,2.359,2.359,3.9,6.12,P,P
2026-08-11 02:00:00+00:00,2026-08-11 00:00:00+00:00,WREX,Wrexham,Urban Traffic,2.736,2.736,4.3,14.34375,P,P
2026-08-11 03:00:00+00:00,2026-08-11 00:00:00+00:00,WREX,Wrexham,Urban Traffic,2.736,2.736,3.9,13.19625,P,P
2026-08-11 04:00:00+00:00,2026-08-11 00:00:00+00:00,WREX,Wrexham,Urban Traffic,2.359,2.359,3.8,13.77,P,P
2026-08-11 05:00:00+00:00,2026-08-11 00:00:00+00:00,WREX,Wrexham,Urban Traffic,2.453,2.453,4.2,13.57875,P,P
2026-08-11 06:00:00+00:00,2026-08-11 00:00:00+00:00,WREX,Wrexham,Urban Traffic,3.019,3.019,6.5,20.655,P,P
2026-08-11 07:00:00+00:00,2026-08-11 00:00:00+00:00,WREX,Wrexham,Urban Traffic,4.623,4.623,11.0,23.14125,P,P
2026-08-11 08:00:00+00:00,2026-08-11 00:00:00+00:00,WREX,Wrexham,Urban Traffic,5.377,5.377,12.5,25.6275,P,P
2026-08-11 09:00:00+00:00,2026-08-11 00:00:00+00:00,WREX,Wrexham,Urban Traffic,6.509,6.509,14.0,14.9175,P,P
2026-08-11 10:00:00+00:00,2026-08-11 00:00:00+00:00,WREX,Wrexham,Urban Traffic,9.906,9.906,21.0,12.81375,P,P
2026-08-11 11:00:00+00:00,2026-08-11 00:00:00+00:00,WREX,Wrexham,Urban Traffic,10.283,10.283,21.6,16.63875,P,P
2026-08-11 12:00:00+00:00,2026-08-11 00:00:00+00:00,WREX,Wrexham,Urban Traffic,7.547,7.547,18.7,12.24,P,P
2026-08-11 13:00:00+00:00,2026-08-11 00:00:00+00:00,WREX,Wrexham,Urban Traffic,5.755,5.755,17.0,13.3875,P,P
2026-08-11 14:00:00+00:00,2026-08-11 00:00:00+00:00,WREX,Wrexham,Urban Traffic,5.283,5.283,16.0,13.005,P,P
2026-08-11 15:00:00+00:00,2026-08-11 00:00:00+00:00,WREX,Wrexham,Urban Traffic,5.566,5.566,19.2,14.1525,P,P
2026-08-11 16:00:00+00:00,2026-08-11 00:00:00+00:00,WREX,Wrexham,Urban Traffic,5.094,5.094,14.7,15.87375,P,P
2026-08-11 17:00:00+00:00,2026-08-11 00:00:00+00:00,WREX,Wrexham,Urban Traffic,5.0,5.0,14.3,17.40375,P,P
2026-08-11 18:00:00+00:00,2026-08-11 00:00:00+00:00,WREX,Wrexham,Urban Traffic,5.094,5.094,14.1,14.9175,P,P
2026-08-11 19:00:00+00:00,2026-08-11 00:00:00+00:00,WREX,Wrexham,Urban Traffic,5.66,5.66,16.3,19.5075,P,P
2026-08-11 20:00:00+00:00,2026-08-11 00:00:00+00:00,WREX,Wrexham,Urban Traffic,5.755,5.755,14.9,21.8025,P,P
2026-08-11 21:00:00+00:00,2026-08-11 00:00:00+00:00,WREX,Wrexham,Urban Traffic,6.415,6.415,16.4,35.19,P,P
2026-08-11 22:00:00+00:00,2026-08-11 00:00:00+00:00,WREX,Wrexham,Urban Traffic,7.642,7.642,16.3,49.725,P,P
2026-08-11 23:00:00+00:00,2026-08-11 00:00:00+00:00,WREX,Wrexham,Urban Traffic,15.472,15.472,24.5,33.08625,P,P
