station_code,station_name,site_type,latitude,longitude,date,pm25,pm25_hours,pm25_screened,pm25_screened_hours,pm10,pm10_hours,no2,no2_hours,o3,o3_hours
CARD,Cardiff Centre,Urban Background,51.48178,-3.17625,2026-06-03 00:00:00+00:00,4.0,24,4.0,24,10.829541666666666,24,6.550517916666667,24,58.95630541666665,24
CHP,Chepstow A48,Urban Traffic,51.638094,-2.678731,2026-06-03 00:00:00+00:00,5.826086956521739,23,5.826086956521739,23,10.418130434782608,23,10.53045625,24,,0
NPT3,Newport,Urban Background,51.601203,-2.977281,2026-06-03 00:00:00+00:00,4.547041666666667,24,4.547041666666667,24,10.726041666666667,24,2.6776666666666666,24,,0
PEMB,Narberth,Rural Background,51.782616,-4.69237,2026-06-03 00:00:00+00:00,5.191708333333334,24,5.191708333333334,24,9.786458333333334,24,0.5684179166666666,24,60.51198124999999,24
PT4,Port Talbot Margam,Urban Industrial,51.58395,-3.770822,2026-06-03 00:00:00+00:00,7.583333333333333,24,7.583333333333333,24,22.222583333333333,24,4.402475,24,59.434442083333344,24
SWA1,Swansea Roadside,Urban Traffic,51.632696,-3.947374,2026-06-03 00:00:00+00:00,6.083333333333333,24,6.083333333333333,24,15.056541666666668,24,3.70430125,24,,0
WREX,Wrexham,Urban Traffic,53.042282,-3.002829,2026-06-03 00:00:00+00:00,2.7211250000000002,24,2.7211250000000002,24,5.777083333333334,24,5.471416666666666,24,,0
CARD,Cardiff Centre,Urban Background,51.48178,-3.17625,2026-06-04 00:00:00+00:00,5.583333333333333,24,5.583333333333333,24,13.365833333333335,24,5.38576625,24,58.55370041666666,24
CHP,Chepstow A48,Urban Traffic,51.638094,-2.678731,2026-06-04 00:00:00+00:00,6.083333333333333,24,6.083333333333333,24,11.634708333333334,24,13.401647500000001,24,,0
NPT3,Newport,Urban Background,51.601203,-2.977281,2026-06-04 00:00:00+00:00,4.6295,24,4.6295,24,10.920833333333334,24,2.1176954166666664,24,,0
PEMB,Narberth,Rural Background,51.782616,-4.69237,2026-06-04 00:00:00+00:00,4.0683750000000005,24,4.0683750000000005,24,8.088541666666666,24,1.350748181818182,22,55.517187500000006,24
PT4,Port Talbot Margam,Urban Industrial,51.58395,-3.770822,2026-06-04 00:00:00+00:00,7.458333333333333,24,7.458333333333333,24,22.584999999999997,24,2.8156354166666664,24,60.15164749999999,24
SWA1,Swansea Roadside,Urban Traffic,51.632696,-3.947374,2026-06-04 00:00:00+00:00,7.5,24,7.5,24,14.935916666666666,24,4.4505083333333335,24,,0
WREX,Wrexham,Urban Traffic,53.042282,-3.002829,2026-06-04 00:00:00+00:00,1.6981666666666666,24,1.6981666666666666,24,3.678125,24,2.3734325,24,,0
CARD,Cardiff Centre,Urban Background,51.48178,-3.17625,2026-06-05 00:00:00+00:00,5.458333333333333,24,5.458333333333333,24,13.245,24,8.639360416666667,24,72.22286,24
CHP,Chepstow A48,Urban Traffic,51.638094,-2.678731,2026-06-05 00:00:00+00:00,7.208333333333333,24,7.208333333333333,24,11.634625,24,17.67447043478261,23,,0
NPT3,Newport,Urban Background,51.601203,-2.977281,2026-06-05 00:00:00+00:00,4.107708333333333,24,4.107708333333333,24,10.44375,24,3.2383016666666666,24,,0
PEMB,Narberth,Rural Background,51.782616,-4.69237,2026-06-05 00:00:00+00:00,4.56275,24,4.56275,24,10.208333333333334,24,1.8249421739130434,23,75.48804708333334,24
PT4,Port Talbot Margam,Urban Industrial,51.58395,-3.770822,2026-06-05 00:00:00+00:00,6.333333333333333,24,6.333333333333333,24,18.921375,24,7.5025579166666665,24,72.01497458333334,24
SWA1,Swansea Roadside,Urban Traffic,51.632696,-3.947374,2026-06-05 00:00:00+00:00,6.625,24,6.625,24,14.170916666666665,24,8.456942916666668,24,,0
WREX,Wrexham,Urban Traffic,53.042282,-3.002829,2026-06-05 00:00:00+00:00,3.2782916666666666,24,3.2782916666666666,24,6.917708333333334,24,6.52893,24,,0
CARD,Cardiff Centre,Urban Background,51.48178,-3.17625,2026-06-06 00:00:00+00:00,5.083333333333333,24,5.083333333333333,24,12.600916666666668,24,6.0236504166666665,24,71.48694624999999,24
CHP,Chepstow A48,Urban Traffic,51.638094,-2.678731,2026-06-06 00:00:00+00:00,6.083333333333333,24,6.083333333333333,24,10.748916666666666,24,11.209874166666665,24,,0
NPT3,Newport,Urban Background,51.601203,-2.977281,2026-06-06 00:00:00+00:00,4.256208333333333,24,4.256208333333333,24,9.894791666666666,24,1.67138625,24,,0
PEMB,Narberth,Rural Background,51.782616,-4.69237,2026-06-06 00:00:00+00:00,4.2128749999999995,24,4.2128749999999995,24,8.317708333333334,24,1.0261775,24,71.99210666666666,24
PT4,Port Talbot Margam,Urban Industrial,51.58395,-3.770822,2026-06-06 00:00:00+00:00,5.708333333333333,24,5.708333333333333,24,15.660458333333333,24,3.4558850000000003,24,71.6705775,24
SWA1,Swansea Roadside,Urban Traffic,51.632696,-3.947374,2026-06-06 00:00:00+00:00,6.916666666666667,24,6.916666666666667,24,14.654041666666666,24,6.2341925,24,,0
WREX,Wrexham,Urban Traffic,53.042282,-3.002829,2026-06-06 00:00:00+00:00,1.9643750000000002,24,1.9643750000000002,24,3.6645833333333333,24,4.7425225,24,,0
CARD,Cardiff Centre,Urban Background,51.48178,-3.17625,2026-06-07 00:00:00+00:00,9.791666666666666,24,9.791666666666666,24,19.605833333333333,24,6.712335416666666,24,63.51661916666668,24
CHP,Chepstow A48,Urban Traffic,51.638094,-2.678731,2026-06-07 00:00:00+00:00,8.833333333333334,24,8.833333333333334,24,17.270708333333335,24,9.6237625,24,,0
NPT3,Newport,Urban Background,51.601203,-2.977281,2026-06-07 00:00:00+00:00,8.958375,24,8.958375,24,18.332291666666666,24,2.2432445833333334,24,,0
PEMB,Narberth,Rural Background,51.782616,-4.69237,2026-06-07 00:00:00+00:00,9.806583333333334,24,9.806583333333334,24,16.495833333333334,24,0.8656462500000001,24,66.21427833333331,24
PT4,Port Talbot Margam,Urban Industrial,51.58395,-3.770822,2026-06-07 00:00:00+00:00,11.166666666666666,24,11.166666666666666,24,28.261333333333337,24,3.78831375,24,66.15260541666667,24
SWA1,Swansea Roadside,Urban Traffic,51.632696,-3.947374,2026-06-07 00:00:00+00:00,10.666666666666666,24,10.666666666666666,24,24.879541666666668,24,3.365575833333333,24,,0
WREX,Wrexham,Urban Traffic,53.042282,-3.002829,2026-06-07 00:00:00+00:00,5.608291666666666,24,5.608291666666666,24,9.920833333333333,24,3.3737629166666667,24,,0
CARD,Cardiff Centre,Urban Background,51.48178,-3.17625,2026-06-08 00:00:00+00:00,5.708333333333333,24,5.708333333333333,24,11.286863636363636,22,7.17277,24,62.81881583333333,24
CHP,Chepstow A48,Urban Traffic,51.638094,-2.678731,2026-06-08 00:00:00+00:00,6.375,24,6.375,24,10.829458333333333,24,15.828704166666666,24,,0
NPT3,Newport,Urban Background,51.601203,-2.977281,2026-06-08 00:00:00+00:00,3.742125,24,3.742125,24,8.547916666666667,24,3.6312795833333333,24,,0
PEMB,Narberth,Rural Background,51.782616,-4.69237,2026-06-08 00:00:00+00:00,3.3952500000000003,24,3.3952500000000003,24,7.619791666666667,24,0.8256833333333334,24,63.0939175,24
PT4,Port Talbot Margam,Urban Industrial,51.58395,-3.770822,2026-06-08 00:00:00+00:00,6.0,24,6.0,24,17.955208333333335,24,9.33621,24,61.755829166666665,24
SWA1,Swansea Roadside,Urban Traffic,51.632696,-3.947374,2026-06-08 00:00:00+00:00,5.739130434782608,23,5.739130434782608,23,12.812652173913042,23,5.720412608695653,23,,0
WREX,Wrexham,Urban Traffic,53.042282,-3.002829,2026-06-08 00:00:00+00:00,2.283916666666667,24,2.283916666666667,24,4.686458333333333,24,3.2760470833333333,24,,0
CARD,Cardiff Centre,Urban Background,51.48178,-3.17625,2026-06-09 00:00:00+00:00,6.5,24,6.5,24,13.728083333333332,24,5.35464375,24,60.67066624999999,24
CHP,Chepstow A48,Urban Traffic,51.638094,-2.678731,2026-06-09 00:00:00+00:00,6.956521739130435,23,6.956521739130435,23,11.426304347826088,23,13.557736666666665,24,,0
NPT3,Newport,Urban Background,51.601203,-2.977281,2026-06-09 00:00:00+00:00,4.3515,24,4.3515,24,10.157291666666667,24,2.5539645833333333,24,,0
PEMB,Narberth,Rural Background,51.782616,-4.69237,2026-06-09 00:00:00+00:00,5.443124999999999,24,5.443124999999999,24,11.246875000000001,24,0.35289624999999997,24,59.47532625,24
PT4,Port Talbot Margam,Urban Industrial,51.58395,-3.770822,2026-06-09 00:00:00+00:00,7.25,24,7.25,24,26.12754166666667,24,6.116291666666666,24,60.57296041666667,24
SWA1,Swansea Roadside,Urban Traffic,51.632696,-3.947374,2026-06-09 00:00:00+00:00,7.333333333333333,24,7.333333333333333,24,17.51245833333333,24,4.3680562499999995,24,,0
WREX,Wrexham,Urban Traffic,53.042282,-3.002829,2026-06-09 00:00:00+00:00,2.5058333333333334,24,2.5058333333333334,24,5.1656249999999995,24,2.712798695652174,23,,0
CARD,Cardiff Centre,Urban Background,51.48178,-3.17625,2026-06-10 00:00:00+00:00,6.416666666666667,24,6.416666666666667,24,10.628124999999999,24,8.029199583333334,24,54.353722499999996,24
CHP,Chepstow A48,Urban Traffic,51.638094,-2.678731,2026-06-10 00:00:00+00:00,7.25,24,7.25,24,8.575083333333334,24,15.659843333333333,24,,0
NPT3,Newport,Urban Background,51.601203,-2.977281,2026-06-10 00:00:00+00:00,3.6113750000000002,24,3.6113750000000002,24,7.78125,24,3.4591154166666667,24,,0
PEMB,Narberth,Rural Background,51.782616,-4.69237,2026-06-10 00:00:00+00:00,3.4561666666666664,24,3.4561666666666664,24,7.8531249999999995,24,0.797235,24,55.14576541666668,24
PT4,Port Talbot Margam,Urban Industrial,51.58395,-3.770822,2026-06-10 00:00:00+00:00,7.043478260869565,23,7.043478260869565,23,23.234714285714283,21,5.245838260869565,23,56.91866608695652,23
SWA1,Swansea Roadside,Urban Traffic,51.632696,-3.947374,2026-06-10 00:00:00+00:00,6.125,24,6.125,24,13.285291666666666,24,5.751657916666667,24,,0
WREX,Wrexham,Urban Traffic,53.042282,-3.002829,2026-06-10 00:00:00+00:00,1.6548749999999999,24,1.6548749999999999,24,3.669791666666667,24,2.7966320833333334,24,,0
CARD,Cardiff Centre,Urban Background,51.48178,-3.17625,2026-06-11 00:00:00+00:00,4.0,24,4.0,24,8.172458333333333,24,9.031705,24,39.43378583333334,24
CHP,Chepstow A48,Urban Traffic,51.638094,-2.678731,2026-06-11 00:00:00+00:00,4.041666666666667,24,4.041666666666667,24,7.769875,24,13.103909166666668,24,,0
NPT3,Newport,Urban Background,51.601203,-2.977281,2026-06-11 00:00:00+00:00,3.16925,24,3.16925,24,6.292708333333334,24,4.38693625,24,,0
PEMB,Narberth,Rural Background,51.782616,-4.69237,2026-06-11 00:00:00+00:00,3.873791666666667,24,3.873791666666667,24,6.661458333333333,24,0.5682920833333334,24,40.90977166666667,24
PT4,Port Talbot Margam,Urban Industrial,51.58395,-3.770822,2026-06-11 00:00:00+00:00,6.583333333333333,24,6.583333333333333,24,16.385083333333334,24,6.751725833333334,24,41.13290250000001,24
SWA1,Swansea Roadside,Urban Traffic,51.632696,-3.947374,2026-06-11 00:00:00+00:00,8.541666666666666,24,8.541666666666666,24,11.755416666666667,24,5.546741666666667,24,,0
WREX,Wrexham,Urban Traffic,53.042282,-3.002829,2026-06-11 00:00:00+00:00,1.9220833333333334,24,1.9220833333333334,24,3.74375,24,4.830257083333334,24,,0
CARD,Cardiff Centre,Urban Background,51.48178,-3.17625,2026-06-12 00:00:00+00:00,3.4166666666666665,24,3.4166666666666665,24,6.401,24,4.28596,24,29.950053333333333,24
CHP,Chepstow A48,Urban Traffic,51.638094,-2.678731,2026-06-12 00:00:00+00:00,4.041666666666667,24,4.041666666666667,24,4.911583333333334,24,9.37727347826087,23,,0
NPT3,Newport,Urban Background,51.601203,-2.977281,2026-06-12 00:00:00+00:00,2.3240416666666666,24,2.3240416666666666,24,5.477083333333333,24,1.2723108333333333,24,,0
PEMB,Narberth,Rural Background,51.782616,-4.69237,2026-06-12 00:00:00+00:00,3.7568750000000004,24,3.7568750000000004,24,7.194791666666667,24,0.4280825,24,31.33526333333334,24
PT4,Port Talbot Margam,Urban Industrial,51.58395,-3.770822,2026-06-12 00:00:00+00:00,5.375,24,5.375,24,11.433375,24,1.9121499999999998,24,31.74063916666667,24
SWA1,Swansea Roadside,Urban Traffic,51.632696,-3.947374,2026-06-12 00:00:00+00:00,6.416666666666667,24,6.416666666666667,24,11.151541666666667,24,3.5039116666666668,24,,0
WREX,Wrexham,Urban Traffic,53.042282,-3.002829,2026-06-12 00:00:00+00:00,2.8558749999999997,24,2.8558749999999997,24,6.108333333333333,24,2.1221783333333333,24,,0
CARD,Cardiff Centre,Urban Background,51.48178,-3.17625,2026-06-13 00:00:00+00:00,7.583333333333333,24,7.583333333333333,24,15.942375,24,6.8579179166666675,24,58.60290041666667,24
CHP,Chepstow A48,Urban Traffic,51.638094,-2.678731,2026-06-13 00:00:00+00:00,6.833333333333333,24,6.833333333333333,24,11.513875,24,12.92116956521739,23,,0
NPT3,Newport,Urban Background,51.601203,-2.977281,2026-06-13 00:00:00+00:00,5.122916666666667,24,5.122916666666667,24,10.856250000000001,24,4.23566375,24,,0
PEMB,Narberth,Rural Background,51.782616,-4.69237,2026-06-13 00:00:00+00:00,5.111083333333333,24,5.111083333333333,24,10.592708333333333,24,1.2131233333333333,24,55.35503666666667,24
PT4,Port Talbot Margam,Urban Industrial,51.58395,-3.770822,2026-06-13 00:00:00+00:00,7.75,24,7.75,24,17.834416666666666,24,5.267345416666667,24,55.94127375,24
SWA1,Swansea Roadside,Urban Traffic,51.632696,-3.947374,2026-06-13 00:00:00+00:00,9.0,24,9.0,24,14.774791666666667,24,6.342055833333333,24,,0
WREX,Wrexham,Urban Traffic,53.042282,-3.002829,2026-06-13 00:00:00+00:00,2.9088333333333334,24,2.9088333333333334,24,5.570833333333333,24,1.7841379166666667,24,,0
CARD,Cardiff Centre,Urban Background,51.48178,-3.17625,2026-06-14 00:00:00+00:00,6.958333333333333,24,6.958333333333333,24,12.520208333333334,24,9.898909999999999,24,51.966505000000005,24
CHP,Chepstow A48,Urban Traffic,51.638094,-2.678731,2026-06-14 00:00:00+00:00,6.75,24,6.75,24,9.29975,24,13.0944375,24,,0
NPT3,Newport,Urban Background,51.601203,-2.977281,2026-06-14 00:00:00+00:00,4.761166666666667,24,4.761166666666667,24,8.859375,24,6.429353333333334,24,,0
PEMB,Narberth,Rural Background,51.782616,-4.69237,2026-06-14 00:00:00+00:00,5.037333333333334,24,5.037333333333334,24,11.020833333333334,24,1.7685458333333333,24,55.05498833333334,24
PT4,Port Talbot Margam,Urban Industrial,51.58395,-3.770822,2026-06-14 00:00:00+00:00,8.125,24,8.125,24,15.217625,24,6.07917,24,50.821055833333325,24
SWA1,Swansea Roadside,Urban Traffic,51.632696,-3.947374,2026-06-14 00:00:00+00:00,11.625,24,11.625,24,17.471999999999998,24,14.294152083333332,24,,0
WREX,Wrexham,Urban Traffic,53.042282,-3.002829,2026-06-14 00:00:00+00:00,3.580916666666667,24,3.580916666666667,24,6.190625,24,6.501191666666667,24,,0
CARD,Cardiff Centre,Urban Background,51.48178,-3.17625,2026-06-15 00:00:00+00:00,6.125,24,6.125,24,11.835958333333332,24,7.7143813043478255,23,63.63234083333335,24
CHP,Chepstow A48,Urban Traffic,51.638094,-2.678731,2026-06-15 00:00:00+00:00,7.636363636363637,22,7.636363636363637,22,12.770652173913044,23,17.724026818181816,22,,0
NPT3,Newport,Urban Background,51.601203,-2.977281,2026-06-15 00:00:00+00:00,5.470666666666666,24,5.470666666666666,24,12.026041666666666,24,7.3686766666666665,24,,0
PEMB,Narberth,Rural Background,51.782616,-4.69237,2026-06-15 00:00:00+00:00,5.360625,24,5.360625,24,14.049999999999999,24,2.8759430434782614,23,59.80586416666667,24
PT4,Port Talbot Margam,Urban Industrial,51.58395,-3.770822,2026-06-15 00:00:00+00:00,7.666666666666667,24,7.666666666666667,24,13.929375,24,5.28717,24,66.71528208333334,24
SWA1,Swansea Roadside,Urban Traffic,51.632696,-3.947374,2026-06-15 00:00:00+00:00,8.958333333333334,24,8.958333333333334,24,14.976166666666666,24,11.653507083333333,24,,0
WREX,Wrexham,Urban Traffic,53.042282,-3.002829,2026-06-15 00:00:00+00:00,7.903874999999999,24,7.903874999999999,24,11.914583333333333,24,11.4080025,24,,0
CARD,Cardiff Centre,Urban Background,51.48178,-3.17625,2026-06-16 00:00:00+00:00,4.833333333333333,24,4.833333333333333,24,6.481583333333333,24,8.481646666666666,24,43.551995833333336,24
CHP,Chepstow A48,Urban Traffic,51.638094,-2.678731,2026-06-16 00:00:00+00:00,4.833333333333333,24,4.833333333333333,24,7.447791666666667,24,15.320377916666667,24,,0
NPT3,Newport,Urban Background,51.601203,-2.977281,2026-06-16 00:00:00+00:00,3.4955,24,3.4955,24,7.542708333333334,24,3.930593333333333,24,,0
PEMB,Narberth,Rural Background,51.782616,-4.69237,2026-06-16 00:00:00+00:00,2.5247083333333333,24,2.5247083333333333,24,3.9125,24,1.7163891666666666,24,39.04504041666666,24
PT4,Port Talbot Margam,Urban Industrial,51.58395,-3.770822,2026-06-16 00:00:00+00:00,6.875,24,6.875,24,13.446333333333333,24,5.95514875,24,44.3530475,24
SWA1,Swansea Roadside,Urban Traffic,51.632696,-3.947374,2026-06-16 00:00:00+00:00,5.666666666666667,24,5.666666666666667,24,7.930833333333333,24,6.209522499999999,24,,0
WREX,Wrexham,Urban Traffic,53.042282,-3.002829,2026-06-16 00:00:00+00:00,2.5766666666666667,24,2.5766666666666667,24,5.0718749999999995,24,6.5732025,24,,0
CARD,Cardiff Centre,Urban Background,51.48178,-3.17625,2026-06-17 00:00:00+00:00,3.625,24,3.625,24,5.555666666666667,24,10.729622083333334,24,30.834259166666666,24
CHP,Chepstow A48,Urban Traffic,51.638094,-2.678731,2026-06-17 00:00:00+00:00,3.7083333333333335,24,3.7083333333333335,24,6.11925,24,12.91096125,24,,0
NPT3,Newport,Urban Background,51.601203,-2.977281,2026-06-17 00:00:00+00:00,2.9786249999999996,24,2.9786249999999996,24,5.204166666666667,24,5.331439166666667,24,,0
PEMB,Narberth,Rural Background,51.782616,-4.69237,2026-06-17 00:00:00+00:00,2.8519583333333336,24,2.8519583333333336,24,7.679166666666666,24,1.28898625,24,43.920646250000004,24
PT4,Port Talbot Margam,Urban Industrial,51.58395,-3.770822,2026-06-17 00:00:00+00:00,6.416666666666667,24,6.416666666666667,24,10.145125,24,8.024035833333334,24,38.1324225,24
SWA1,Swansea Roadside,Urban Traffic,51.632696,-3.947374,2026-06-17 00:00:00+00:00,6.5,24,6.5,24,6.481583333333333,24,5.736391666666666,24,,0
WREX,Wrexham,Urban Traffic,53.042282,-3.002829,2026-06-17 00:00:00+00:00,2.31325,24,2.31325,24,4.309375,24,4.031410416666667,24,,0
CARD,Cardiff Centre,Urban Background,51.48178,-3.17625,2026-06-18 00:00:00+00:00,2.9583333333333335,24,2.9583333333333335,24,5.716666666666666,24,9.683717916666668,24,35.78609041666667,24
CHP,Chepstow A48,Urban Traffic,51.638094,-2.678731,2026-06-18 00:00:00+00:00,3.25,24,3.25,24,6.320458333333334,24,14.238014166666666,24,,0
NPT3,Newport,Urban Background,51.601203,-2.977281,2026-06-18 00:00:00+00:00,3.276375,24,3.276375,24,7.4281250000000005,24,4.823365833333333,24,,0
PEMB,Narberth,Rural Background,51.782616,-4.69237,2026-06-18 00:00:00+00:00,2.551083333333333,24,2.551083333333333,24,6.716666666666666,24,1.1311654166666667,24,41.96375208333333,24
PT4,Port Talbot Margam,Urban Industrial,51.58395,-3.770822,2026-06-18 00:00:00+00:00,5.5,24,5.5,24,9.259375,24,6.874738333333333,24,37.69932750000001,24
SWA1,Swansea Roadside,Urban Traffic,51.632696,-3.947374,2026-06-18 00:00:00+00:00,5.666666666666667,24,5.666666666666667,24,8.736083333333333,24,9.453680416666666,24,,0
WREX,Wrexham,Urban Traffic,53.042282,-3.002829,2026-06-18 00:00:00+00:00,2.5157083333333334,24,2.5157083333333334,24,5.385416666666667,24,6.6147012499999995,24,,0
CARD,Cardiff Centre,Urban Background,51.48178,-3.17625,2026-06-19 00:00:00+00:00,3.4166666666666665,24,3.4166666666666665,24,5.958125,24,10.004176666666668,24,35.30518250000001,24
CHP,Chepstow A48,Urban Traffic,51.638094,-2.678731,2026-06-19 00:00:00+00:00,2.4166666666666665,24,2.4166666666666665,24,5.273875,24,14.277704166666666,24,,0
NPT3,Newport,Urban Background,51.601203,-2.977281,2026-06-19 00:00:00+00:00,3.2921666666666667,24,3.2921666666666667,24,7.860416666666667,24,4.176547083333333,24,,0
PEMB,Narberth,Rural Background,51.782616,-4.69237,2026-06-19 00:00:00+00:00,1.8062500000000001,24,1.8062500000000001,24,7.4125000000000005,24,1.6171114285714285,21,39.02494458333333,24
PT4,Port Talbot Margam,Urban Industrial,51.58395,-3.770822,2026-06-19 00:00:00+00:00,5.666666666666667,24,5.666666666666667,24,10.587875,24,6.84571875,24,38.4303925,24
SWA1,Swansea Roadside,Urban Traffic,51.632696,-3.947374,2026-06-19 00:00:00+00:00,6.333333333333333,24,6.333333333333333,24,7.890666666666667,24,8.542440416666667,24,,0
WREX,Wrexham,Urban Traffic,53.042282,-3.002829,2026-06-19 00:00:00+00:00,1.328625,24,1.328625,24,4.171875,24,6.360516666666666,24,,0
CARD,Cardiff Centre,Urban Background,51.48178,-3.17625,2026-06-20 00:00:00+00:00,4.208333333333333,24,4.208333333333333,24,5.917916666666667,24,10.89669,24,39.93340416666667,24
CHP,Chepstow A48,Urban Traffic,51.638094,-2.678731,2026-06-20 00:00:00+00:00,3.4583333333333335,24,3.4583333333333335,24,4.6297500000000005,24,15.283045833333333,24,,0
NPT3,Newport,Urban Background,51.601203,-2.977281,2026-06-20 00:00:00+00:00,2.563875,24,2.563875,24,5.026041666666667,24,5.4547349999999994,24,,0
PEMB,Narberth,Rural Background,51.782616,-4.69237,2026-06-20 00:00:00+00:00,1.7275833333333335,24,1.7275833333333335,24,5.351041666666667,24,,0,47.85106583333334,24
PT4,Port Talbot Margam,Urban Industrial,51.58395,-3.770822,2026-06-20 00:00:00+00:00,,12,,12,,12,,12,,12
SWA1,Swansea Roadside,Urban Traffic,51.632696,-3.947374,2026-06-20 00:00:00+00:00,8.083333333333334,24,8.083333333333334,24,8.252958333333334,24,8.69498125,24,,0
WREX,Wrexham,Urban Traffic,53.042282,-3.002829,2026-06-20 00:00:00+00:00,2.0450833333333334,24,2.0450833333333334,24,3.834375,24,5.8496275,24,,0
CARD,Cardiff Centre,Urban Background,51.48178,-3.17625,2026-06-21 00:00:00+00:00,5.791666666666667,24,5.791666666666667,24,9.259375,24,11.425704166666668,24,53.682252500000004,24
CHP,Chepstow A48,Urban Traffic,51.638094,-2.678731,2026-06-21 00:00:00+00:00,4.375,24,4.375,24,6.119291666666666,24,14.331223333333334,24,,0
NPT3,Newport,Urban Background,51.601203,-2.977281,2026-06-21 00:00:00+00:00,2.8026666666666666,24,2.8026666666666666,24,6.004166666666666,24,6.866844583333333,24,,0
PEMB,Narberth,Rural Background,51.782616,-4.69237,2026-06-21 00:00:00+00:00,2.029375,24,2.029375,24,4.5375000000000005,24,,0,53.26232333333332,24
PT4,Port Talbot Margam,Urban Industrial,51.58395,-3.770822,2026-06-21 00:00:00+00:00,,0,,0,,0,,0,,0
SWA1,Swansea Roadside,Urban Traffic,51.632696,-3.947374,2026-06-21 00:00:00+00:00,8.291666666666666,24,8.291666666666666,24,10.306083333333333,24,11.956299583333333,24,,0
WREX,Wrexham,Urban Traffic,53.042282,-3.002829,2026-06-21 00:00:00+00:00,2.6670833333333337,24,2.6670833333333337,24,4.832291666666667,24,8.464320416666666,24,,0
CARD,Cardiff Centre,Urban Background,51.48178,-3.17625,2026-06-22 00:00:00+00:00,6.166666666666667,24,6.166666666666667,24,12.761916666666666,24,9.608617826086956,23,73.44107000000001,24
CHP,Chepstow A48,Urban Traffic,51.638094,-2.678731,2026-06-22 00:00:00+00:00,6.375,24,6.375,24,11.674958333333334,24,19.137931666666667,24,,0
NPT3,Newport,Urban Background,51.601203,-2.977281,2026-06-22 00:00:00+00:00,6.0612916666666665,24,6.0612916666666665,24,12.317708333333334,24,11.808247083333333,24,,0
PEMB,Narberth,Rural Background,51.782616,-4.69237,2026-06-22 00:00:00+00:00,5.445166666666666,24,5.445166666666666,24,14.555208333333333,24,,9,74.91774791666667,24
PT4,Port Talbot Margam,Urban Industrial,51.58395,-3.770822,2026-06-22 00:00:00+00:00,,10,,10,,10,,13,,12
SWA1,Swansea Roadside,Urban Traffic,51.632696,-3.947374,2026-06-22 00:00:00+00:00,13.304347826086957,23,13.304347826086957,23,16.719434782608694,23,20.23441,23,,0
WREX,Wrexham,Urban Traffic,53.042282,-3.002829,2026-06-22 00:00:00+00:00,3.7883750000000003,24,3.7883750000000003,24,9.125,24,9.18330125,24,,0
CARD,Cardiff Centre,Urban Background,51.48178,-3.17625,2026-06-23 00:00:00+00:00,13.708333333333334,24,13.708333333333334,24,23.22908333333333,24,10.804387391304347,23,90.38580791666669,24
CHP,Chepstow A48,Urban Traffic,51.638094,-2.678731,2026-06-23 00:00:00+00:00,10.583333333333334,24,10.583333333333334,24,20.330416666666668,24,24.27160375,24,,0
NPT3,Newport,Urban Background,51.601203,-2.977281,2026-06-23 00:00:00+00:00,12.571833333333332,24,12.571833333333332,24,25.680208333333336,24,10.157732916666667,24,,0
PEMB,Narberth,Rural Background,51.782616,-4.69237,2026-06-23 00:00:00+00:00,10.639791666666666,24,10.639791666666666,24,19.177083333333332,24,4.3878337499999995,24,92.30736333333333,24
PT4,Port Talbot Margam,Urban Industrial,51.58395,-3.770822,2026-06-23 00:00:00+00:00,15.0,23,15.0,23,28.775913043478262,23,13.164758181818183,22,78.6609504347826,23
SWA1,Swansea Roadside,Urban Traffic,51.632696,-3.947374,2026-06-23 00:00:00+00:00,18.875,24,18.875,24,26.288625,24,16.631770416666665,24,,0
WREX,Wrexham,Urban Traffic,53.042282,-3.002829,2026-06-23 00:00:00+00:00,9.285583333333333,24,9.285583333333333,24,16.770833333333332,24,13.439491304347825,23,,0
CARD,Cardiff Centre,Urban Background,51.48178,-3.17625,2026-06-24 00:00:00+00:00,13.782608695652174,23,13.782608695652174,23,25.362666666666666,24,13.319213913043479,23,80.09062875000001,24
CHP,Chepstow A48,Urban Traffic,51.638094,-2.678731,2026-06-24 00:00:00+00:00,11.541666666666666,24,11.541666666666666,24,17.109875,24,20.186295,24,,0
NPT3,Newport,Urban Background,51.601203,-2.977281,2026-06-24 00:00:00+00:00,12.11575,24,12.11575,24,23.046875,24,9.046881666666666,24,,0
PEMB,Narberth,Rural Background,51.782616,-4.69237,2026-06-24 00:00:00+00:00,11.444625,24,11.444625,24,23.05,24,3.4016208333333338,24,84.98425333333333,24
PT4,Port Talbot Margam,Urban Industrial,51.58395,-3.770822,2026-06-24 00:00:00+00:00,20.291666666666668,24,20.291666666666668,24,47.58533333333333,24,14.070032916666667,24,76.67853666666667,24
SWA1,Swansea Roadside,Urban Traffic,51.632696,-3.947374,2026-06-24 00:00:00+00:00,23.666666666666668,24,23.666666666666668,24,30.717125,24,18.995361666666668,24,,0
WREX,Wrexham,Urban Traffic,53.042282,-3.002829,2026-06-24 00:00:00+00:00,7.724166666666666,24,7.724166666666666,24,13.133333333333333,24,12.404077083333334,24,,0
CARD,Cardiff Centre,Urban Background,51.48178,-3.17625,2026-06-25 00:00:00+00:00,13.666666666666666,24,13.666666666666666,24,27.738,24,10.607867391304348,23,114.87471125,24
CHP,Chepstow A48,Urban Traffic,51.638094,-2.678731,2026-06-25 00:00:00+00:00,14.19047619047619,21,14.19047619047619,21,27.361,22,22.007115454545456,22,,0
NPT3,Newport,Urban Background,51.601203,-2.977281,2026-06-25 00:00:00+00:00,14.813249999999998,24,14.813249999999998,24,31.70625,24,10.744007083333335,24,,0
PEMB,Narberth,Rural Background,51.782616,-4.69237,2026-06-25 00:00:00+00:00,13.521727272727274,22,13.521727272727274,22,31.108695652173914,23,4.906432727272727,22,122.94797181818181,22
PT4,Port Talbot Margam,Urban Industrial,51.58395,-3.770822,2026-06-25 00:00:00+00:00,17.0,24,17.0,24,32.81045833333334,24,6.9487145833333335,24,122.27681666666666,24
SWA1,Swansea Roadside,Urban Traffic,51.632696,-3.947374,2026-06-25 00:00:00+00:00,22.125,24,22.125,24,35.70908333333333,24,22.389179166666665,24,,0
WREX,Wrexham,Urban Traffic,53.042282,-3.002829,2026-06-25 00:00:00+00:00,8.447333333333333,24,8.447333333333333,24,18.238541666666666,24,12.257292083333333,24,,0
CARD,Cardiff Centre,Urban Background,51.48178,-3.17625,2026-06-26 00:00:00+00:00,12.291666666666666,24,12.291666666666666,24,22.18225,24,9.962940434782608,23,90.61586916666668,24
CHP,Chepstow A48,Urban Traffic,51.638094,-2.678731,2026-06-26 00:00:00+00:00,12.583333333333334,24,12.583333333333334,24,19.525208333333335,24,22.9021875,24,,0
NPT3,Newport,Urban Background,51.601203,-2.977281,2026-06-26 00:00:00+00:00,13.2125,24,13.2125,24,25.729166666666668,24,8.877100833333333,24,,0
PEMB,Narberth,Rural Background,51.782616,-4.69237,2026-06-26 00:00:00+00:00,9.628541666666667,24,9.628541666666667,24,17.930208333333333,24,3.4795149999999997,24,72.80909583333333,24
PT4,Port Talbot Margam,Urban Industrial,51.58395,-3.770822,2026-06-26 00:00:00+00:00,13.916666666666666,24,13.916666666666666,24,26.5705,24,7.880657500000001,24,85.82203,24
SWA1,Swansea Roadside,Urban Traffic,51.632696,-3.947374,2026-06-26 00:00:00+00:00,15.041666666666666,24,15.041666666666666,24,22.142041666666668,24,10.536925833333333,24,,0
WREX,Wrexham,Urban Traffic,53.042282,-3.002829,2026-06-26 00:00:00+00:00,11.202833333333333,24,11.202833333333333,24,20.123958333333334,24,12.873391304347827,23,,0
CARD,Cardiff Centre,Urban Background,51.48178,-3.17625,2026-06-27 00:00:00+00:00,5.25,24,5.25,24,9.742666666666667,24,7.334472608695652,23,61.862542916666676,24
CHP,Chepstow A48,Urban Traffic,51.638094,-2.678731,2026-06-27 00:00:00+00:00,4.416666666666667,24,4.416666666666667,24,8.172541666666666,24,15.419364166666668,24,,0
NPT3,Newport,Urban Background,51.601203,-2.977281,2026-06-27 00:00:00+00:00,4.330875,24,4.330875,24,9.671875,24,6.27839875,24,,0
PEMB,Narberth,Rural Background,51.782616,-4.69237,2026-06-27 00:00:00+00:00,4.929250000000001,24,4.929250000000001,24,8.776041666666666,24,2.5474912499999998,24,56.019577916666684,24
PT4,Port Talbot Margam,Urban Industrial,51.58395,-3.770822,2026-06-27 00:00:00+00:00,6.25,24,6.25,24,14.050208333333332,24,6.8351670833333324,24,57.05692500000001,24
SWA1,Swansea Roadside,Urban Traffic,51.632696,-3.947374,2026-06-27 00:00:00+00:00,8.333333333333334,24,8.333333333333334,24,13.365708333333332,24,9.186700833333333,24,,0
WREX,Wrexham,Urban Traffic,53.042282,-3.002829,2026-06-27 00:00:00+00:00,3.657625,24,3.657625,24,8.405208333333333,24,5.737659166666667,24,,0
CARD,Cardiff Centre,Urban Background,51.48178,-3.17625,2026-06-28 00:00:00+00:00,5.208333333333333,24,5.208333333333333,24,11.876249999999999,24,5.897504782608695,23,56.53444041666666,24
CHP,Chepstow A48,Urban Traffic,51.638094,-2.678731,2026-06-28 00:00:00+00:00,5.416666666666667,24,5.416666666666667,24,7.608875,24,11.27976875,24,,0
NPT3,Newport,Urban Background,51.601203,-2.977281,2026-06-28 00:00:00+00:00,3.436541666666667,24,3.436541666666667,24,7.954166666666667,24,1.5369325,24,,0
PEMB,Narberth,Rural Background,51.782616,-4.69237,2026-06-28 00:00:00+00:00,3.8207916666666666,24,3.8207916666666666,24,8.942708333333334,24,2.07131875,24,52.34000583333333,24
PT4,Port Talbot Margam,Urban Industrial,51.58395,-3.770822,2026-06-28 00:00:00+00:00,5.708333333333333,24,5.708333333333333,24,16.385166666666667,24,2.659050833333333,24,58.07071333333334,24
SWA1,Swansea Roadside,Urban Traffic,51.632696,-3.947374,2026-06-28 00:00:00+00:00,7.458333333333333,24,7.458333333333333,24,13.36575,24,3.4652708333333333,24,,0
WREX,Wrexham,Urban Traffic,53.042282,-3.002829,2026-06-28 00:00:00+00:00,2.2847916666666666,24,2.2847916666666666,24,5.005208333333333,24,2.3388483333333334,24,,0
CARD,Cardiff Centre,Urban Background,51.48178,-3.17625,2026-06-29 00:00:00+00:00,5.409090909090909,22,5.409090909090909,22,12.34109090909091,22,8.017182608695652,23,52.37950333333333,24
CHP,Chepstow A48,Urban Traffic,51.638094,-2.678731,2026-06-29 00:00:00+00:00,7.041666666666667,24,7.041666666666667,24,10.547666666666666,24,17.288703478260867,23,,0
NPT3,Newport,Urban Background,51.601203,-2.977281,2026-06-29 00:00:00+00:00,4.25325,24,4.25325,24,10.44375,24,3.7179854166666666,24,,0
PEMB,Narberth,Rural Background,51.782616,-4.69237,2026-06-29 00:00:00+00:00,5.1031249999999995,24,5.1031249999999995,24,10.8125,24,2.0211945833333336,24,46.596824999999995,24
PT4,Port Talbot Margam,Urban Industrial,51.58395,-3.770822,2026-06-29 00:00:00+00:00,7.166666666666667,24,7.166666666666667,24,17.431833333333334,24,5.117241666666667,24,53.925477916666665,24
SWA1,Swansea Roadside,Urban Traffic,51.632696,-3.947374,2026-06-29 00:00:00+00:00,8.25,24,8.25,24,16.183916666666665,24,6.871613333333333,24,,0
WREX,Wrexham,Urban Traffic,53.042282,-3.002829,2026-06-29 00:00:00+00:00,3.753,24,3.753,24,7.802083333333333,24,4.249436666666667,24,,0
CARD,Cardiff Centre,Urban Background,51.48178,-3.17625,2026-06-30 00:00:00+00:00,5.583333333333333,24,5.583333333333333,24,8.816583333333332,24,6.459569999999999,24,48.43868916666668,24
CHP,Chepstow A48,Urban Traffic,51.638094,-2.678731,2026-06-30 00:00:00+00:00,5.375,24,5.375,24,8.432318181818182,22,16.734994166666667,24,,0
NPT3,Newport,Urban Background,51.601203,-2.977281,2026-06-30 00:00:00+00:00,4.336875,24,4.336875,24,10.026041666666666,24,4.1401975,24,,0
PEMB,Narberth,Rural Background,51.782616,-4.69237,2026-06-30 00:00:00+00:00,3.5672083333333333,24,3.5672083333333333,24,7.528125,24,2.18646625,24,43.94351291666667,24
PT4,Port Talbot Margam,Urban Industrial,51.58395,-3.770822,2026-06-30 00:00:00+00:00,7.25,24,7.25,24,17.5125,24,5.877213333333334,24,47.32996749999999,24
SWA1,Swansea Roadside,Urban Traffic,51.632696,-3.947374,2026-06-30 00:00:00+00:00,7.625,24,7.625,24,12.359250000000001,24,5.511725416666667,24,,0
WREX,Wrexham,Urban Traffic,53.042282,-3.002829,2026-06-30 00:00:00+00:00,3.608541666666667,24,3.608541666666667,24,7.9125000000000005,24,7.464706666666667,24,,0
CARD,Cardiff Centre,Urban Background,51.48178,-3.17625,2026-07-01 00:00:00+00:00,3.4583333333333335,24,3.4583333333333335,24,9.742458333333333,24,6.28945625,24,39.6430575,24
CHP,Chepstow A48,Urban Traffic,51.638094,-2.678731,2026-07-01 00:00:00+00:00,4.583333333333333,24,4.583333333333333,24,8.414,24,15.15857375,24,,0
NPT3,Newport,Urban Background,51.601203,-2.977281,2026-07-01 00:00:00+00:00,3.408041666666667,24,3.408041666666667,24,7.6499999999999995,24,5.099535416666667,24,,0
PEMB,Narberth,Rural Background,51.782616,-4.69237,2026-07-01 00:00:00+00:00,2.1530833333333335,24,2.1530833333333335,24,5.83125,24,2.385605,24,37.66398666666667,24
PT4,Port Talbot Margam,Urban Industrial,51.58395,-3.770822,2026-07-01 00:00:00+00:00,9.166666666666666,24,9.166666666666666,24,15.86175,24,4.066095,24,44.475699999999996,24
SWA1,Swansea Roadside,Urban Traffic,51.632696,-3.947374,2026-07-01 00:00:00+00:00,7.913043478260869,23,7.913043478260869,23,9.11595652173913,23,5.2418313043478255,23,,0
WREX,Wrexham,Urban Traffic,53.042282,-3.002829,2026-07-01 00:00:00+00:00,1.9949583333333332,24,1.9949583333333332,24,4.145833333333333,24,4.441084583333333,24,,0
CARD,Cardiff Centre,Urban Background,51.48178,-3.17625,2026-07-02 00:00:00+00:00,4.166666666666667,24,4.166666666666667,24,5.273833333333333,24,5.23760125,24,43.59218666666666,24
CHP,Chepstow A48,Urban Traffic,51.638094,-2.678731,2026-07-02 00:00:00+00:00,5.291666666666667,24,5.291666666666667,24,6.360875,24,10.13927875,24,,0
NPT3,Newport,Urban Background,51.601203,-2.977281,2026-07-02 00:00:00+00:00,2.8842083333333335,24,2.8842083333333335,24,5.7625,24,3.3074704166666664,24,,0
PEMB,Narberth,Rural Background,51.782616,-4.69237,2026-07-02 00:00:00+00:00,3.047416666666667,24,3.047416666666667,24,6.580208333333334,24,1.6202066666666666,24,50.088606666666664,24
PT4,Port Talbot Margam,Urban Industrial,51.58395,-3.770822,2026-07-02 00:00:00+00:00,8.541666666666666,24,8.541666666666666,24,9.822958333333334,24,3.703038333333333,24,46.009895,24
SWA1,Swansea Roadside,Urban Traffic,51.632696,-3.947374,2026-07-02 00:00:00+00:00,7.416666666666667,24,7.416666666666667,24,9.621666666666668,24,3.7762320833333334,24,,0
WREX,Wrexham,Urban Traffic,53.042282,-3.002829,2026-07-02 00:00:00+00:00,2.7161666666666666,24,2.7161666666666666,24,6.166666666666667,24,4.65042375,24,,0
CARD,Cardiff Centre,Urban Background,51.48178,-3.17625,2026-07-03 00:00:00+00:00,5.833333333333333,24,5.833333333333333,24,8.736,24,7.7291687499999995,24,48.51768666666667,24
CHP,Chepstow A48,Urban Traffic,51.638094,-2.678731,2026-07-03 00:00:00+00:00,5.75,24,5.75,24,8.735999999999999,24,17.385682083333332,24,,0
NPT3,Newport,Urban Background,51.601203,-2.977281,2026-07-03 00:00:00+00:00,5.0540416666666665,24,5.0540416666666665,24,9.981250000000001,24,6.606964583333333,24,,0
PEMB,Narberth,Rural Background,51.782616,-4.69237,2026-07-03 00:00:00+00:00,,15,,15,,15,2.512330909090909,22,49.532166666666676,24
PT4,Port Talbot Margam,Urban Industrial,51.58395,-3.770822,2026-07-03 00:00:00+00:00,8.916666666666666,24,8.916666666666666,24,14.493041666666668,24,5.456005416666667,24,50.10662416666667,24
SWA1,Swansea Roadside,Urban Traffic,51.632696,-3.947374,2026-07-03 00:00:00+00:00,8.625,24,8.625,24,11.513833333333332,24,9.327913333333333,24,,0
WREX,Wrexham,Urban Traffic,53.042282,-3.002829,2026-07-03 00:00:00+00:00,3.236,24,3.236,24,6.2625,24,4.217002083333333,24,,0
CARD,Cardiff Centre,Urban Background,51.48178,-3.17625,2026-07-04 00:00:00+00:00,3.6666666666666665,24,3.6666666666666665,24,7.004874999999999,24,3.959387916666667,24,25.820062083333337,24
CHP,Chepstow A48,Urban Traffic,51.638094,-2.678731,2026-07-04 00:00:00+00:00,3.875,24,3.875,24,6.360791666666667,24,11.879626666666667,24,,0
NPT3,Newport,Urban Background,51.601203,-2.977281,2026-07-04 00:00:00+00:00,2.54225,24,2.54225,24,5.045833333333333,24,1.7315699999999998,24,,0
PEMB,Narberth,Rural Background,51.782616,-4.69237,2026-07-04 00:00:00+00:00,,5,,5,,5,,0,25.657911249999998,24
PT4,Port Talbot Margam,Urban Industrial,51.58395,-3.770822,2026-07-04 00:00:00+00:00,6.833333333333333,24,6.833333333333333,24,9.702250000000001,24,2.2447179166666666,24,29.54329166666666,24
SWA1,Swansea Roadside,Urban Traffic,51.632696,-3.947374,2026-07-04 00:00:00+00:00,8.333333333333334,24,8.333333333333334,24,9.662041666666667,24,4.661838333333333,24,,0
WREX,Wrexham,Urban Traffic,53.042282,-3.002829,2026-07-04 00:00:00+00:00,2.0009166666666665,24,2.0009166666666665,24,4.2,24,0.3036875,24,,0
CARD,Cardiff Centre,Urban Background,51.48178,-3.17625,2026-07-05 00:00:00+00:00,4.208333333333333,24,4.208333333333333,24,7.649125000000001,24,3.8821549999999996,24,27.22328958333333,24
CHP,Chepstow A48,Urban Traffic,51.638094,-2.678731,2026-07-05 00:00:00+00:00,6.208333333333333,24,6.208333333333333,24,6.964625000000001,24,12.230404583333334,24,,0
NPT3,Newport,Urban Background,51.601203,-2.977281,2026-07-05 00:00:00+00:00,4.0261249999999995,24,4.0261249999999995,24,6.891666666666667,24,2.773781666666667,24,,0
PEMB,Narberth,Rural Background,51.782616,-4.69237,2026-07-05 00:00:00+00:00,2.5786666666666664,24,2.5786666666666664,24,4.54375,24,,0,20.564027083333333,24
PT4,Port Talbot Margam,Urban Industrial,51.58395,-3.770822,2026-07-05 00:00:00+00:00,8.5,24,8.5,24,9.098458333333333,24,2.0178083333333334,24,31.65679208333334,24
SWA1,Swansea Roadside,Urban Traffic,51.632696,-3.947374,2026-07-05 00:00:00+00:00,5.916666666666667,24,5.916666666666667,24,8.816625,24,3.2915991666666664,24,,0
WREX,Wrexham,Urban Traffic,53.042282,-3.002829,2026-07-05 00:00:00+00:00,1.2264782608695652,23,1.2264782608695652,23,2.733695652173913,23,1.87152125,24,,0
CARD,Cardiff Centre,Urban Background,51.48178,-3.17625,2026-07-06 00:00:00+00:00,1.2083333333333333,24,1.2083333333333333,24,4.025833333333334,24,4.35206625,24,28.317460416666663,24
CHP,Chepstow A48,Urban Traffic,51.638094,-2.678731,2026-07-06 00:00:00+00:00,5.333333333333333,24,5.333333333333333,24,7.971125,24,16.514702916666668,24,,0
NPT3,Newport,Urban Background,51.601203,-2.977281,2026-07-06 00:00:00+00:00,2.2994583333333334,24,2.2994583333333334,24,6.710416666666667,24,4.48681875,24,,0
PEMB,Narberth,Rural Background,51.782616,-4.69237,2026-07-06 00:00:00+00:00,2.561916666666667,24,2.561916666666667,24,4.903458333333334,24,,0,25.777793749999997,24
PT4,Port Talbot Margam,Urban Industrial,51.58395,-3.770822,2026-07-06 00:00:00+00:00,7.708333333333333,24,7.708333333333333,24,9.098291666666666,24,3.0480474999999996,24,32.523673333333335,24
SWA1,Swansea Roadside,Urban Traffic,51.632696,-3.947374,2026-07-06 00:00:00+00:00,6.434782608695652,23,6.434782608695652,23,7.057434782608696,23,6.8148229166666665,24,,0
WREX,Wrexham,Urban Traffic,53.042282,-3.002829,2026-07-06 00:00:00+00:00,1.8307916666666666,24,1.8307916666666666,24,4.167708333333334,24,3.2536008333333335,24,,0
CARD,Cardiff Centre,Urban Background,51.48178,-3.17625,2026-07-07 00:00:00+00:00,5.0,24,5.0,24,9.380125,24,6.3308875,24,44.582415,24
CHP,Chepstow A48,Urban Traffic,51.638094,-2.678731,2026-07-07 00:00:00+00:00,5.708333333333333,24,5.708333333333333,24,10.104875,24,18.222672083333332,24,,0
NPT3,Newport,Urban Background,51.601203,-2.977281,2026-07-07 00:00:00+00:00,5.8609583333333335,24,5.8609583333333335,24,12.766666666666666,24,5.175092916666666,24,,0
PEMB,Narberth,Rural Background,51.782616,-4.69237,2026-07-07 00:00:00+00:00,3.359916666666667,24,3.359916666666667,24,6.372916666666666,24,,15,39.08800333333333,24
PT4,Port Talbot Margam,Urban Industrial,51.58395,-3.770822,2026-07-07 00:00:00+00:00,9.916666666666666,24,9.916666666666666,24,11.433333333333332,24,3.9272395833333333,24,44.79030041666669,24
SWA1,Swansea Roadside,Urban Traffic,51.632696,-3.947374,2026-07-07 00:00:00+00:00,9.791666666666666,24,9.791666666666666,24,11.393125,24,7.56435,24,,0
WREX,Wrexham,Urban Traffic,53.042282,-3.002829,2026-07-07 00:00:00+00:00,6.340416666666666,24,6.340416666666666,24,10.891666666666666,24,9.285007826086956,23,,0
CARD,Cardiff Centre,Urban Background,51.48178,-3.17625,2026-07-08 00:00:00+00:00,9.916666666666666,24,9.916666666666666,24,14.734499999999999,24,11.27343,24,53.00593249999999,24
CHP,Chepstow A48,Urban Traffic,51.638094,-2.678731,2026-07-08 00:00:00+00:00,12.208333333333334,24,12.208333333333334,24,14.935749999999999,24,25.525001666666668,24,,0
NPT3,Newport,Urban Background,51.601203,-2.977281,2026-07-08 00:00:00+00:00,15.762625,24,15.762625,24,25.684375,24,11.46590375,24,,0
PEMB,Narberth,Rural Background,51.782616,-4.69237,2026-07-08 00:00:00+00:00,5.232318181818182,22,5.232318181818182,22,8.443181818181818,22,,17,47.710361578947364,19
PT4,Port Talbot Margam,Urban Industrial,51.58395,-3.770822,2026-07-08 00:00:00+00:00,15.08695652173913,23,15.08695652173913,23,23.02073913043478,23,7.69710652173913,23,41.670065909090916,22
SWA1,Swansea Roadside,Urban Traffic,51.632696,-3.947374,2026-07-08 00:00:00+00:00,13.791666666666666,24,13.791666666666666,24,15.499416666666667,24,13.074580416666668,24,,0
WREX,Wrexham,Urban Traffic,53.042282,-3.002829,2026-07-08 00:00:00+00:00,11.365083333333333,24,11.365083333333333,24,17.059375,24,12.14357125,24,,0
CARD,Cardiff Centre,Urban Background,51.48178,-3.17625,2026-07-09 00:00:00+00:00,8.291666666666666,24,8.291666666666666,24,15.177458333333334,24,15.858390833333333,24,48.37285958333333,24
CHP,Chepstow A48,Urban Traffic,51.638094,-2.678731,2026-07-09 00:00:00+00:00,7.541666666666667,24,7.541666666666667,24,12.077458333333333,24,26.017199583333333,24,,0
NPT3,Newport,Urban Background,51.601203,-2.977281,2026-07-09 00:00:00+00:00,12.112916666666665,24,12.112916666666665,24,23.791666666666668,24,13.911285833333332,24,,0
PEMB,Narberth,Rural Background,51.782616,-4.69237,2026-07-09 00:00:00+00:00,3.18,24,3.18,24,5.954166666666667,24,2.984083043478261,23,51.18139083333333,24
PT4,Port Talbot Margam,Urban Industrial,51.58395,-3.770822,2026-07-09 00:00:00+00:00,16.333333333333332,24,16.333333333333332,24,30.757375,24,10.441507083333333,24,48.54817666666667,24
SWA1,Swansea Roadside,Urban Traffic,51.632696,-3.947374,2026-07-09 00:00:00+00:00,13.625,24,13.625,24,14.976041666666667,24,17.385767916666666,24,,0
WREX,Wrexham,Urban Traffic,53.042282,-3.002829,2026-07-09 00:00:00+00:00,10.126833333333334,24,10.126833333333334,24,16.280208333333334,24,15.852002083333334,24,,0
CARD,Cardiff Centre,Urban Background,51.48178,-3.17625,2026-07-10 00:00:00+00:00,11.291666666666666,24,11.291666666666666,24,23.18875,24,15.781711666666666,24,97.98817833333334,24
CHP,Chepstow A48,Urban Traffic,51.638094,-2.678731,2026-07-10 00:00:00+00:00,9.958333333333334,24,9.958333333333334,24,17.753916666666665,24,30.734749130434782,23,,0
NPT3,Newport,Urban Background,51.601203,-2.977281,2026-07-10 00:00:00+00:00,10.177041666666666,24,10.177041666666666,24,20.973958333333332,24,11.9498325,24,,0
PEMB,Narberth,Rural Background,51.782616,-4.69237,2026-07-10 00:00:00+00:00,6.0151666666666666,24,6.0151666666666666,24,11.311458333333334,24,3.5848578260869566,23,94.06399499999998,24
PT4,Port Talbot Margam,Urban Industrial,51.58395,-3.770822,2026-07-10 00:00:00+00:00,14.708333333333334,24,14.708333333333334,24,27.9795,24,10.658143333333333,24,82.37044,24
SWA1,Swansea Roadside,Urban Traffic,51.632696,-3.947374,2026-07-10 00:00:00+00:00,14.75,24,14.75,24,20.974625,24,19.258703333333333,24,,0
WREX,Wrexham,Urban Traffic,53.042282,-3.002829,2026-07-10 00:00:00+00:00,10.731250000000001,24,10.731250000000001,24,18.007291666666667,24,14.835223333333333,24,,0
CARD,Cardiff Centre,Urban Background,51.48178,-3.17625,2026-07-11 00:00:00+00:00,9.041666666666666,24,9.041666666666666,24,15.861875,24,9.381031666666667,24,77.30773708333332,24
CHP,Chepstow A48,Urban Traffic,51.638094,-2.678731,2026-07-11 00:00:00+00:00,7.913043478260869,23,7.913043478260869,23,12.721625000000001,24,16.30498625,24,,0
NPT3,Newport,Urban Background,51.601203,-2.977281,2026-07-11 00:00:00+00:00,9.16275,24,9.16275,24,16.01875,24,8.334357500000001,24,,0
PEMB,Narberth,Rural Background,51.782616,-4.69237,2026-07-11 00:00:00+00:00,7.991416666666667,24,7.991416666666667,24,13.859375,24,3.9446156521739133,23,94.38136666666666,24
PT4,Port Talbot Margam,Urban Industrial,51.58395,-3.770822,2026-07-11 00:00:00+00:00,12.625,24,12.625,24,16.425416666666667,24,4.809611250000001,24,84.72162541666667,24
SWA1,Swansea Roadside,Urban Traffic,51.632696,-3.947374,2026-07-11 00:00:00+00:00,15.291666666666666,24,15.291666666666666,24,17.834333333333333,24,16.822643333333335,24,,0
WREX,Wrexham,Urban Traffic,53.042282,-3.002829,2026-07-11 00:00:00+00:00,7.729958333333333,24,7.729958333333333,24,13.305208333333333,24,9.777589583333333,24,,0
CARD,Cardiff Centre,Urban Background,51.48178,-3.17625,2026-07-12 00:00:00+00:00,7.416666666666667,24,7.416666666666667,24,17.069541666666666,24,4.960474166666667,24,66.33692999999998,24
CHP,Chepstow A48,Urban Traffic,51.638094,-2.678731,2026-07-12 00:00:00+00:00,7.086956521739131,23,7.086956521739131,23,16.988958333333333,24,9.0476725,24,,0
NPT3,Newport,Urban Background,51.601203,-2.977281,2026-07-12 00:00:00+00:00,6.289375,24,6.289375,24,16.4375,24,4.159860833333333,24,,0
PEMB,Narberth,Rural Background,51.782616,-4.69237,2026-07-12 00:00:00+00:00,3.9268750000000003,24,3.9268750000000003,24,9.585416666666667,24,2.0096804166666664,24,68.09286958333331,24
PT4,Port Talbot Margam,Urban Industrial,51.58395,-3.770822,2026-07-12 00:00:00+00:00,10.166666666666666,24,10.166666666666666,24,16.908458333333332,24,2.53727125,24,66.19764666666667,24
SWA1,Swansea Roadside,Urban Traffic,51.632696,-3.947374,2026-07-12 00:00:00+00:00,10.083333333333334,24,10.083333333333334,24,17.995541666666668,24,6.9389899999999995,24,,0
WREX,Wrexham,Urban Traffic,53.042282,-3.002829,2026-07-12 00:00:00+00:00,5.167041666666667,24,5.167041666666667,24,11.963541666666666,24,4.88504375,24,,0
CARD,Cardiff Centre,Urban Background,51.48178,-3.17625,2026-07-13 00:00:00+00:00,7.25,24,7.25,24,20.330458333333333,24,4.087593913043478,23,67.18302333333334,24
CHP,Chepstow A48,Urban Traffic,51.638094,-2.678731,2026-07-13 00:00:00+00:00,,8,,8,,8,10.835739047619048,21,,0
NPT3,Newport,Urban Background,51.601203,-2.977281,2026-07-13 00:00:00+00:00,7.104260869565217,23,7.104260869565217,23,17.950739130434783,23,3.9529714285714284,21,,0
PEMB,Narberth,Rural Background,51.782616,-4.69237,2026-07-13 00:00:00+00:00,4.4359166666666665,24,4.4359166666666665,24,9.889583333333333,24,2.1993354166666665,24,77.30843000000002,24
PT4,Port Talbot Margam,Urban Industrial,51.58395,-3.770822,2026-07-13 00:00:00+00:00,9.791666666666666,24,9.791666666666666,24,17.311125,24,3.2777266666666667,24,74.84013666666668,24
SWA1,Swansea Roadside,Urban Traffic,51.632696,-3.947374,2026-07-13 00:00:00+00:00,10.625,24,10.625,24,18.760375,24,10.222857916666667,24,,0
WREX,Wrexham,Urban Traffic,53.042282,-3.002829,2026-07-13 00:00:00+00:00,5.738916666666667,24,5.738916666666667,24,13.878124999999999,24,9.027950416666666,24,,0
CARD,Cardiff Centre,Urban Background,51.48178,-3.17625,2026-07-14 00:00:00+00:00,9.958333333333334,24,9.958333333333334,24,20.41091666666667,24,5.807970833333333,24,68.67079083333334,24
CHP,Chepstow A48,Urban Traffic,51.638094,-2.678731,2026-07-14 00:00:00+00:00,,0,,0,,0,14.020039583333334,24,,0
NPT3,Newport,Urban Background,51.601203,-2.977281,2026-07-14 00:00:00+00:00,9.523375,24,9.523375,24,19.98125,24,5.169567916666667,24,,0
PEMB,Narberth,Rural Background,51.782616,-4.69237,2026-07-14 00:00:00+00:00,6.3690454545454545,22,6.3690454545454545,22,12.581818181818182,22,3.6786541666666666,24,69.15239166666665,24
PT4,Port Talbot Margam,Urban Industrial,51.58395,-3.770822,2026-07-14 00:00:00+00:00,12.916666666666666,24,12.916666666666666,24,17.391583333333333,24,3.5480195833333332,24,71.41972875,24
SWA1,Swansea Roadside,Urban Traffic,51.632696,-3.947374,2026-07-14 00:00:00+00:00,30.565217391304348,23,12.409090909090908,22,19.57608695652174,23,14.481270434782607,23,,0
WREX,Wrexham,Urban Traffic,53.042282,-3.002829,2026-07-14 00:00:00+00:00,18.00916666666667,24,18.00916666666667,24,26.684375,24,11.061508333333334,24,,0
CARD,Cardiff Centre,Urban Background,51.48178,-3.17625,2026-07-15 00:00:00+00:00,10.666666666666666,24,10.666666666666666,24,20.088916666666666,24,6.684546666666667,24,74.31973041666667,24
CHP,Chepstow A48,Urban Traffic,51.638094,-2.678731,2026-07-15 00:00:00+00:00,,0,,0,,0,15.125027083333334,24,,0
NPT3,Newport,Urban Background,51.601203,-2.977281,2026-07-15 00:00:00+00:00,10.263458333333334,24,10.263458333333334,24,19.66875,24,6.132617916666667,24,,0
PEMB,Narberth,Rural Background,51.782616,-4.69237,2026-07-15 00:00:00+00:00,8.309791666666667,24,8.309791666666667,24,17.201041666666665,24,5.694429583333334,24,76.4976775,24
PT4,Port Talbot Margam,Urban Industrial,51.58395,-3.770822,2026-07-15 00:00:00+00:00,14.25,24,14.25,24,18.720166666666668,24,4.344815,24,80.86049791666667,24
SWA1,Swansea Roadside,Urban Traffic,51.632696,-3.947374,2026-07-15 00:00:00+00:00,13.625,24,13.625,24,19.162916666666664,24,13.786229583333332,24,,0
WREX,Wrexham,Urban Traffic,53.042282,-3.002829,2026-07-15 00:00:00+00:00,12.736958333333334,24,12.736958333333334,24,19.716666666666665,24,10.929439583333334,24,,0
CARD,Cardiff Centre,Urban Background,51.48178,-3.17625,2026-07-16 00:00:00+00:00,11.083333333333334,24,11.083333333333334,24,19.565541666666665,24,7.065192916666667,24,82.82848125000001,24
CHP,Chepstow A48,Urban Traffic,51.638094,-2.678731,2026-07-16 00:00:00+00:00,,14,,14,,14,22.7432125,24,,0
NPT3,Newport,Urban Background,51.601203,-2.977281,2026-07-16 00:00:00+00:00,12.069666666666665,24,12.069666666666665,24,21.659375,24,9.131510416666666,24,,0
PEMB,Narberth,Rural Background,51.782616,-4.69237,2026-07-16 00:00:00+00:00,,13,,13,,13,,7,85.39794416666665,24
PT4,Port Talbot Margam,Urban Industrial,51.58395,-3.770822,2026-07-16 00:00:00+00:00,16.416666666666668,24,16.416666666666668,24,30.153541666666666,24,7.778144583333334,24,86.03476666666667,24
SWA1,Swansea Roadside,Urban Traffic,51.632696,-3.947374,2026-07-16 00:00:00+00:00,17.375,24,17.375,24,23.833083333333335,24,16.17478375,24,,0
WREX,Wrexham,Urban Traffic,53.042282,-3.002829,2026-07-16 00:00:00+00:00,13.411916666666668,24,13.411916666666668,24,20.779166666666665,24,11.934962083333334,24,,0
CARD,Cardiff Centre,Urban Background,51.48178,-3.17625,2026-07-17 00:00:00+00:00,13.5,24,13.5,24,22.9875,24,13.737758260869565,23,78.48506124999999,24
CHP,Chepstow A48,Urban Traffic,51.638094,-2.678731,2026-07-17 00:00:00+00:00,13.666666666666666,24,13.666666666666666,24,24.034166666666668,24,24.578999999999997,24,,0
NPT3,Newport,Urban Background,51.601203,-2.977281,2026-07-17 00:00:00+00:00,15.270375,24,15.270375,24,27.68958333333333,24,11.809900833333332,24,,0
PEMB,Narberth,Rural Background,51.782616,-4.69237,2026-07-17 00:00:00+00:00,,14,,14,,14,,0,92.8839291304348,23
PT4,Port Talbot Margam,Urban Industrial,51.58395,-3.770822,2026-07-17 00:00:00+00:00,18.083333333333332,24,18.083333333333332,24,29.308041666666668,24,8.38379,24,77.02224083333333,24
SWA1,Swansea Roadside,Urban Traffic,51.632696,-3.947374,2026-07-17 00:00:00+00:00,17.583333333333332,24,17.583333333333332,24,24.436791666666664,24,11.428530833333333,24,,0
WREX,Wrexham,Urban Traffic,53.042282,-3.002829,2026-07-17 00:00:00+00:00,14.410416666666668,24,14.410416666666668,24,21.662499999999998,24,13.753910833333334,24,,0
CARD,Cardiff Centre,Urban Background,51.48178,-3.17625,2026-07-18 00:00:00+00:00,16.208333333333332,24,16.208333333333332,24,27.093875,24,8.536490416666666,24,83.17703541666667,24
CHP,Chepstow A48,Urban Traffic,51.638094,-2.678731,2026-07-18 00:00:00+00:00,16.375,24,16.375,24,23.953791666666664,24,16.680467500000002,24,,0
NPT3,Newport,Urban Background,51.601203,-2.977281,2026-07-18 00:00:00+00:00,17.519666666666666,24,17.519666666666666,24,25.008333333333336,24,8.044797916666667,24,,0
PEMB,Narberth,Rural Background,51.782616,-4.69237,2026-07-18 00:00:00+00:00,14.013375000000002,24,14.013375000000002,24,20.592708333333334,24,,0,61.077429583333334,24
PT4,Port Talbot Margam,Urban Industrial,51.58395,-3.770822,2026-07-18 00:00:00+00:00,20.583333333333332,24,20.583333333333332,24,27.77825,24,6.481004583333333,24,74.66274083333333,24
SWA1,Swansea Roadside,Urban Traffic,51.632696,-3.947374,2026-07-18 00:00:00+00:00,18.208333333333332,24,18.208333333333332,24,25.000416666666666,24,9.245903333333333,24,,0
WREX,Wrexham,Urban Traffic,53.042282,-3.002829,2026-07-18 00:00:00+00:00,14.970625,24,14.970625,24,20.8125,24,9.387387916666666,24,,0
CARD,Cardiff Centre,Urban Background,51.48178,-3.17625,2026-07-19 00:00:00+00:00,8.083333333333334,24,8.083333333333334,24,14.734458333333334,24,6.8114091666666665,24,71.81055416666668,24
CHP,Chepstow A48,Urban Traffic,51.638094,-2.678731,2026-07-19 00:00:00+00:00,8.291666666666666,24,8.291666666666666,24,14.694250000000002,24,12.639341666666667,24,,0
NPT3,Newport,Urban Background,51.601203,-2.977281,2026-07-19 00:00:00+00:00,6.989041666666666,24,6.989041666666666,24,12.853125,24,6.3023925,24,,0
PEMB,Narberth,Rural Background,51.782616,-4.69237,2026-07-19 00:00:00+00:00,10.7725,24,10.7725,24,20.436458333333334,24,,0,65.37996416666668,24
PT4,Port Talbot Margam,Urban Industrial,51.58395,-3.770822,2026-07-19 00:00:00+00:00,12.0,24,12.0,24,18.47854166666667,24,3.35754,24,74.92537083333333,24
SWA1,Swansea Roadside,Urban Traffic,51.632696,-3.947374,2026-07-19 00:00:00+00:00,14.791666666666666,24,14.791666666666666,24,19.927875,24,7.620968333333334,24,,0
WREX,Wrexham,Urban Traffic,53.042282,-3.002829,2026-07-19 00:00:00+00:00,5.442208333333333,24,5.442208333333333,24,9.945833333333335,24,6.2132337500000006,24,,0
CARD,Cardiff Centre,Urban Background,51.48178,-3.17625,2026-07-20 00:00:00+00:00,7.0,24,7.0,24,15.781208333333334,24,8.377301666666666,24,64.66899666666667,24
CHP,Chepstow A48,Urban Traffic,51.638094,-2.678731,2026-07-20 00:00:00+00:00,9.625,24,9.625,24,17.19033333333333,24,18.512735833333334,24,,0
NPT3,Newport,Urban Background,51.601203,-2.977281,2026-07-20 00:00:00+00:00,7.495125000000001,24,7.495125000000001,24,15.270833333333334,24,8.085095,24,,0
PEMB,Narberth,Rural Background,51.782616,-4.69237,2026-07-20 00:00:00+00:00,5.183736842105263,19,5.183736842105263,19,9.41578947368421,19,,0,56.96892050000001,20
PT4,Port Talbot Margam,Urban Industrial,51.58395,-3.770822,2026-07-20 00:00:00+00:00,12.875,24,12.875,24,26.651041666666668,24,7.527302083333333,24,66.89683541666666,24
SWA1,Swansea Roadside,Urban Traffic,51.632696,-3.947374,2026-07-20 00:00:00+00:00,,13,,13,,13,10.329907,20,,0
WREX,Wrexham,Urban Traffic,53.042282,-3.002829,2026-07-20 00:00:00+00:00,5.795041666666666,24,5.795041666666666,24,11.566666666666668,24,7.335068333333333,24,,0
CARD,Cardiff Centre,Urban Background,51.48178,-3.17625,2026-07-21 00:00:00+00:00,10.5,24,10.5,24,18.760458333333332,24,8.53429875,24,64.69047791666667,24
CHP,Chepstow A48,Urban Traffic,51.638094,-2.678731,2026-07-21 00:00:00+00:00,9.958333333333334,24,9.958333333333334,24,16.828041666666667,24,19.055446666666665,24,,0
NPT3,Newport,Urban Background,51.601203,-2.977281,2026-07-21 00:00:00+00:00,16.331625,24,16.331625,24,24.944791666666664,24,6.839976666666666,24,,0
PEMB,Narberth,Rural Background,51.782616,-4.69237,2026-07-21 00:00:00+00:00,6.733583333333333,24,6.733583333333333,24,11.304166666666667,24,,0,54.64129666666668,24
PT4,Port Talbot Margam,Urban Industrial,51.58395,-3.770822,2026-07-21 00:00:00+00:00,14.523809523809524,21,14.523809523809524,21,22.728761904761903,21,7.117885238095239,21,57.916481904761895,21
SWA1,Swansea Roadside,Urban Traffic,51.632696,-3.947374,2026-07-21 00:00:00+00:00,,0,,0,,0,10.0876,24,,0
WREX,Wrexham,Urban Traffic,53.042282,-3.002829,2026-07-21 00:00:00+00:00,5.706583333333334,24,5.706583333333334,24,12.503124999999999,24,7.432453478260869,23,,0
CARD,Cardiff Centre,Urban Background,51.48178,-3.17625,2026-07-22 00:00:00+00:00,,15,,15,,15,7.946395263157894,19,60.51347736842105,19
CHP,Chepstow A48,Urban Traffic,51.638094,-2.678731,2026-07-22 00:00:00+00:00,12.208333333333334,24,12.208333333333334,24,16.82795833333333,24,15.895611666666667,24,,0
NPT3,Newport,Urban Background,51.601203,-2.977281,2026-07-22 00:00:00+00:00,22.695666666666668,24,22.695666666666668,24,32.896875,24,7.999018333333333,24,,0
PEMB,Narberth,Rural Background,51.782616,-4.69237,2026-07-22 00:00:00+00:00,7.3762083333333335,24,7.3762083333333335,24,12.15,24,,0,67.63344249999999,24
PT4,Port Talbot Margam,Urban Industrial,51.58395,-3.770822,2026-07-22 00:00:00+00:00,12.708333333333334,24,12.708333333333334,24,21.940833333333334,24,7.091345416666667,24,54.03773708333333,24
SWA1,Swansea Roadside,Urban Traffic,51.632696,-3.947374,2026-07-22 00:00:00+00:00,,0,,0,,0,6.479803333333333,24,,0
WREX,Wrexham,Urban Traffic,53.042282,-3.002829,2026-07-22 00:00:00+00:00,7.6739999999999995,24,7.6739999999999995,24,13.632291666666667,24,7.52216875,24,,0
CARD,Cardiff Centre,Urban Background,51.48178,-3.17625,2026-07-23 00:00:00+00:00,,0,,0,,0,9.468582083333333,24,71.51258416666666,24
CHP,Chepstow A48,Urban Traffic,51.638094,-2.678731,2026-07-23 00:00:00+00:00,10.083333333333334,24,10.083333333333334,24,19.485083333333332,24,20.980630833333333,24,,0
NPT3,Newport,Urban Background,51.601203,-2.977281,2026-07-23 00:00:00+00:00,12.565,24,12.565,24,21.37291666666667,24,7.3248875,24,,0
PEMB,Narberth,Rural Background,51.782616,-4.69237,2026-07-23 00:00:00+00:00,7.790875,24,7.790875,24,12.182291666666666,24,,0,56.84765458333333,24
PT4,Port Talbot Margam,Urban Industrial,51.58395,-3.770822,2026-07-23 00:00:00+00:00,14.565217391304348,23,14.565217391304348,23,30.582391304347826,23,8.227858181818181,22,56.424080000000004,23
SWA1,Swansea Roadside,Urban Traffic,51.632696,-3.947374,2026-07-23 00:00:00+00:00,,0,,0,,0,11.263404166666668,24,,0
WREX,Wrexham,Urban Traffic,53.042282,-3.002829,2026-07-23 00:00:00+00:00,5.3832916666666675,24,5.3832916666666675,24,9.685416666666667,24,3.9940037499999996,24,,0
CARD,Cardiff Centre,Urban Background,51.48178,-3.17625,2026-07-24 00:00:00+00:00,,0,,0,,0,7.676212083333334,24,62.526390833333316,24
CHP,Chepstow A48,Urban Traffic,51.638094,-2.678731,2026-07-24 00:00:00+00:00,8.125,24,8.125,24,13.567041666666666,24,18.266368333333332,24,,0
NPT3,Newport,Urban Background,51.601203,-2.977281,2026-07-24 00:00:00+00:00,6.791458333333334,24,6.791458333333334,24,12.433333333333332,24,6.832353333333334,24,,0
PEMB,Narberth,Rural Background,51.782616,-4.69237,2026-07-24 00:00:00+00:00,7.3713750000000005,24,7.3713750000000005,24,11.204166666666666,24,,0,59.056783333333335,24
PT4,Port Talbot Margam,Urban Industrial,51.58395,-3.770822,2026-07-24 00:00:00+00:00,,11,,11,,11,9.020297368421053,19,49.670173684210525,19
SWA1,Swansea Roadside,Urban Traffic,51.632696,-3.947374,2026-07-24 00:00:00+00:00,,8,,8,,8,9.400814166666667,24,,0
WREX,Wrexham,Urban Traffic,53.042282,-3.002829,2026-07-24 00:00:00+00:00,4.743625000000001,24,4.743625000000001,24,9.234375,24,4.5522487499999995,24,,0
CARD,Cardiff Centre,Urban Background,51.48178,-3.17625,2026-07-25 00:00:00+00:00,,0,,0,,0,8.981205833333334,24,43.462605,24
CHP,Chepstow A48,Urban Traffic,51.638094,-2.678731,2026-07-25 00:00:00+00:00,10.208333333333334,24,10.208333333333334,24,14.8955,24,14.16541,24,,0
NPT3,Newport,Urban Background,51.601203,-2.977281,2026-07-25 00:00:00+00:00,6.9900416666666665,24,6.9900416666666665,24,12.035416666666668,24,5.5247475,24,,0
PEMB,Narberth,Rural Background,51.782616,-4.69237,2026-07-25 00:00:00+00:00,5.97,24,5.97,24,11.126041666666666,24,,0,40.40461083333333,24
PT4,Port Talbot Margam,Urban Industrial,51.58395,-3.770822,2026-07-25 00:00:00+00:00,,0,,0,,0,7.40595875,24,47.436681250000014,24
SWA1,Swansea Roadside,Urban Traffic,51.632696,-3.947374,2026-07-25 00:00:00+00:00,9.208333333333334,24,9.208333333333334,24,15.781166666666666,24,7.624155000000001,24,,0
WREX,Wrexham,Urban Traffic,53.042282,-3.002829,2026-07-25 00:00:00+00:00,5.885416666666667,24,5.885416666666667,24,10.059375000000001,24,1.70604375,24,,0
CARD,Cardiff Centre,Urban Background,51.48178,-3.17625,2026-07-26 00:00:00+00:00,,0,,0,,0,4.073945,24,38.92931708333333,24
CHP,Chepstow A48,Urban Traffic,51.638094,-2.678731,2026-07-26 00:00:00+00:00,7.291666666666667,24,7.291666666666667,24,9.178875,24,9.225396250000001,24,,0
NPT3,Newport,Urban Background,51.601203,-2.977281,2026-07-26 00:00:00+00:00,2.3930000000000002,24,2.3930000000000002,24,5.225,24,2.1147875,24,,0
PEMB,Narberth,Rural Background,51.782616,-4.69237,2026-07-26 00:00:00+00:00,6.469041666666667,24,6.469041666666667,24,11.313541666666666,24,,0,42.77381166666668,24
PT4,Port Talbot Margam,Urban Industrial,51.58395,-3.770822,2026-07-26 00:00:00+00:00,,0,,0,,0,6.812531666666666,24,44.373142916666666,24
SWA1,Swansea Roadside,Urban Traffic,51.632696,-3.947374,2026-07-26 00:00:00+00:00,8.125,24,8.125,24,12.238458333333334,24,3.41479625,24,,0
WREX,Wrexham,Urban Traffic,53.042282,-3.002829,2026-07-26 00:00:00+00:00,1.7629583333333334,24,1.7629583333333334,24,3.765625,24,0.9721554166666667,24,,0
CARD,Cardiff Centre,Urban Background,51.48178,-3.17625,2026-07-27 00:00:00+00:00,,11,,11,,11,5.522343333333333,24,35.51583833333334,24
CHP,Chepstow A48,Urban Traffic,51.638094,-2.678731,2026-07-27 00:00:00+00:00,6.545454545454546,22,6.545454545454546,22,10.013227272727272,22,13.710686666666668,24,,0
NPT3,Newport,Urban Background,51.601203,-2.977281,2026-07-27 00:00:00+00:00,3.449333333333333,24,3.449333333333333,24,6.3531249999999995,24,3.236402083333333,24,,0
PEMB,Narberth,Rural Background,51.782616,-4.69237,2026-07-27 00:00:00+00:00,4.648125,24,4.648125,24,8.622916666666667,24,,8,33.65664958333333,24
PT4,Port Talbot Margam,Urban Industrial,51.58395,-3.770822,2026-07-27 00:00:00+00:00,,13,,13,,13,7.708677826086956,23,40.716439583333326,24
SWA1,Swansea Roadside,Urban Traffic,51.632696,-3.947374,2026-07-27 00:00:00+00:00,6.25,24,6.25,24,12.19825,24,5.862716666666667,24,,0
WREX,Wrexham,Urban Traffic,53.042282,-3.002829,2026-07-27 00:00:00+00:00,1.713,24,1.713,24,3.4802083333333336,24,1.1302333333333334,24,,0
CARD,Cardiff Centre,Urban Background,51.48178,-3.17625,2026-07-28 00:00:00+00:00,6.291666666666667,24,6.291666666666667,24,10.789166666666667,24,6.97013375,24,32.28044875000001,24
CHP,Chepstow A48,Urban Traffic,51.638094,-2.678731,2026-07-28 00:00:00+00:00,5.904761904761905,21,5.904761904761905,21,10.013363636363637,22,13.634112631578947,19,,0
NPT3,Newport,Urban Background,51.601203,-2.977281,2026-07-28 00:00:00+00:00,4.8417916666666665,24,4.8417916666666665,24,8.377083333333333,24,4.838147500000001,24,,0
PEMB,Narberth,Rural Background,51.782616,-4.69237,2026-07-28 00:00:00+00:00,4.3464583333333335,24,4.3464583333333335,24,6.971875,24,3.3780866666666665,24,30.107353333333332,24
PT4,Port Talbot Margam,Urban Industrial,51.58395,-3.770822,2026-07-28 00:00:00+00:00,7.625,24,7.625,24,12.721666666666666,24,8.0574225,24,35.74589791666667,24
SWA1,Swansea Roadside,Urban Traffic,51.632696,-3.947374,2026-07-28 00:00:00+00:00,7.875,24,7.875,24,12.761833333333334,24,8.731146666666666,24,,0
WREX,Wrexham,Urban Traffic,53.042282,-3.002829,2026-07-28 00:00:00+00:00,3.642916666666667,24,3.642916666666667,24,6.8875,24,3.81225,24,,0
CARD,Cardiff Centre,Urban Background,51.48178,-3.17625,2026-07-29 00:00:00+00:00,4.5,24,4.5,24,10.346416666666666,24,7.246980416666666,24,43.163250833333336,24
CHP,Chepstow A48,Urban Traffic,51.638094,-2.678731,2026-07-29 00:00:00+00:00,6.916666666666667,24,6.916666666666667,24,14.130708333333333,24,18.51729652173913,23,,0
NPT3,Newport,Urban Background,51.601203,-2.977281,2026-07-29 00:00:00+00:00,5.198625,24,5.198625,24,9.434375000000001,24,6.522143750000001,24,,0
PEMB,Narberth,Rural Background,51.782616,-4.69237,2026-07-29 00:00:00+00:00,4.2885,24,4.2885,24,7.590625,24,2.88136875,24,43.68088583333333,24
PT4,Port Talbot Margam,Urban Industrial,51.58395,-3.770822,2026-07-29 00:00:00+00:00,9.958333333333334,24,9.958333333333334,24,15.70075,24,8.51751125,24,46.519907499999995,24
SWA1,Swansea Roadside,Urban Traffic,51.632696,-3.947374,2026-07-29 00:00:00+00:00,12.304347826086957,23,12.304347826086957,23,16.719478260869565,23,10.85064875,24,,0
WREX,Wrexham,Urban Traffic,53.042282,-3.002829,2026-07-29 00:00:00+00:00,3.644833333333333,24,3.644833333333333,24,6.398958333333333,24,4.64007125,24,,0
CARD,Cardiff Centre,Urban Background,51.48178,-3.17625,2026-07-30 00:00:00+00:00,3.875,24,3.875,24,9.138583333333333,24,6.63996125,24,42.777969583333324,24
CHP,Chepstow A48,Urban Traffic,51.638094,-2.678731,2026-07-30 00:00:00+00:00,4.666666666666667,24,4.666666666666667,24,8.897125,24,14.128594166666666,24,,0
NPT3,Newport,Urban Background,51.601203,-2.977281,2026-07-30 00:00:00+00:00,2.93925,24,2.93925,24,5.4750000000000005,24,2.5856475,24,,0
PEMB,Narberth,Rural Background,51.782616,-4.69237,2026-07-30 00:00:00+00:00,2.8528749999999996,24,2.8528749999999996,24,5.758333333333333,24,1.5578908333333334,24,44.79168583333334,24
PT4,Port Talbot Margam,Urban Industrial,51.58395,-3.770822,2026-07-30 00:00:00+00:00,7.583333333333333,24,7.583333333333333,24,13.889041666666666,24,7.725524166666666,24,48.55094791666667,24
SWA1,Swansea Roadside,Urban Traffic,51.632696,-3.947374,2026-07-30 00:00:00+00:00,7.458333333333333,24,7.458333333333333,24,9.460625,24,5.708692916666667,24,,0
WREX,Wrexham,Urban Traffic,53.042282,-3.002829,2026-07-30 00:00:00+00:00,2.0765,24,2.0765,24,4.663541666666666,24,5.7557945833333335,24,,0
CARD,Cardiff Centre,Urban Background,51.48178,-3.17625,2026-07-31 00:00:00+00:00,5.333333333333333,24,5.333333333333333,24,14.53325,24,9.412090000000001,24,53.77164291666667,24
CHP,Chepstow A48,Urban Traffic,51.638094,-2.678731,2026-07-31 00:00:00+00:00,5.625,24,5.625,24,11.030833333333334,24,15.79539125,24,,0
NPT3,Newport,Urban Background,51.601203,-2.977281,2026-07-31 00:00:00+00:00,3.6310000000000002,24,3.6310000000000002,24,7.460416666666667,24,6.453891250000001,24,,0
PEMB,Narberth,Rural Background,51.782616,-4.69237,2026-07-31 00:00:00+00:00,4.153,24,4.153,24,9.581249999999999,24,0.5007045833333333,24,56.46930208333333,24
PT4,Port Talbot Margam,Urban Industrial,51.58395,-3.770822,2026-07-31 00:00:00+00:00,7.0,24,7.0,24,24.275833333333335,24,8.350825416666668,24,58.90849208333335,24
SWA1,Swansea Roadside,Urban Traffic,51.632696,-3.947374,2026-07-31 00:00:00+00:00,8.666666666666666,24,8.666666666666666,24,14.613708333333333,24,9.128182916666667,24,,0
WREX,Wrexham,Urban Traffic,53.042282,-3.002829,2026-07-31 00:00:00+00:00,3.5465416666666667,24,3.5465416666666667,24,6.8656250000000005,24,5.334248333333334,24,,0
CARD,Cardiff Centre,Urban Background,51.48178,-3.17625,2026-08-01 00:00:00+00:00,7.125,24,7.125,24,14.130666666666668,24,12.61453125,24,47.730491666666666,24
CHP,Chepstow A48,Urban Traffic,51.638094,-2.678731,2026-08-01 00:00:00+00:00,3.7916666666666665,24,3.7916666666666665,24,10.225666666666667,24,13.45125,24,,0
NPT3,Newport,Urban Background,51.601203,-2.977281,2026-08-01 00:00:00+00:00,11.006333333333332,24,11.006333333333332,24,15.512500000000001,24,7.32328125,24,,0
PEMB,Narberth,Rural Background,51.782616,-4.69237,2026-08-01 00:00:00+00:00,4.25725,24,4.25725,24,11.0,24,1.6575,24,55.35572874999999,24
PT4,Port Talbot Margam,Urban Industrial,51.58395,-3.770822,2026-08-01 00:00:00+00:00,,2,,2,10.426833333333333,24,4.67765625,24,55.96275416666668,24
SWA1,Swansea Roadside,Urban Traffic,51.632696,-3.947374,2026-08-01 00:00:00+00:00,8.541666666666666,24,8.541666666666666,24,13.083916666666667,24,7.745625,24,,0
WREX,Wrexham,Urban Traffic,53.042282,-3.002829,2026-08-01 00:00:00+00:00,3.246958333333333,24,3.246958333333333,24,5.691666666666666,24,5.609999999999999,24,,0
CARD,Cardiff Centre,Urban Background,51.48178,-3.17625,2026-08-02 00:00:00+00:00,7.166666666666667,24,7.166666666666667,24,13.204708333333334,24,14.21625,24,70.63114916666666,24
CHP,Chepstow A48,Urban Traffic,51.638094,-2.678731,2026-08-02 00:00:00+00:00,5.541666666666667,24,5.541666666666667,24,12.842374999999999,24,20.10515625,24,,0
NPT3,Newport,Urban Background,51.601203,-2.977281,2026-08-02 00:00:00+00:00,4.331875,24,4.331875,24,8.387500000000001,24,8.717812499999999,24,,0
PEMB,Narberth,Rural Background,51.782616,-4.69237,2026-08-02 00:00:00+00:00,4.445708333333333,24,4.445708333333333,24,8.533333333333333,24,1.9204687500000002,24,67.13035875,24
PT4,Port Talbot Margam,Urban Industrial,51.58395,-3.770822,2026-08-02 00:00:00+00:00,,0,,0,14.694375,24,9.976875,24,71.83688458333333,24
SWA1,Swansea Roadside,Urban Traffic,51.632696,-3.947374,2026-08-02 00:00:00+00:00,8.791666666666666,24,8.791666666666666,24,15.8215,24,15.531093750000002,24,,0
WREX,Wrexham,Urban Traffic,53.042282,-3.002829,2026-08-02 00:00:00+00:00,4.622708333333333,24,4.622708333333333,24,8.879166666666666,24,13.283906250000001,24,,0
CARD,Cardiff Centre,Urban Background,51.48178,-3.17625,2026-08-03 00:00:00+00:00,10.833333333333334,24,10.833333333333334,24,23.06804166666667,24,14.439375,24,96.8413425,24
CHP,Chepstow A48,Urban Traffic,51.638094,-2.678731,2026-08-03 00:00:00+00:00,6.625,24,6.625,24,17.834458333333334,24,26.233125,24,,0
NPT3,Newport,Urban Background,51.601203,-2.977281,2026-08-03 00:00:00+00:00,7.319208333333333,24,7.319208333333333,24,15.479166666666666,24,11.86546875,24,,0
PEMB,Narberth,Rural Background,51.782616,-4.69237,2026-08-03 00:00:00+00:00,6.745333333333334,24,6.745333333333334,24,16.470833333333335,24,5.2434375,24,102.20478625,24
PT4,Port Talbot Margam,Urban Industrial,51.58395,-3.770822,2026-08-03 00:00:00+00:00,,15,,15,27.093875,24,,8,,8
SWA1,Swansea Roadside,Urban Traffic,51.632696,-3.947374,2026-08-03 00:00:00+00:00,12.916666666666666,24,12.916666666666666,24,22.262874999999998,24,21.005625,24,,0
WREX,Wrexham,Urban Traffic,53.042282,-3.002829,2026-08-03 00:00:00+00:00,6.827791666666666,24,6.827791666666666,24,14.15,24,15.116718749999999,24,,0
CARD,Cardiff Centre,Urban Background,51.48178,-3.17625,2026-08-04 00:00:00+00:00,5.25,24,5.25,24,10.185375,24,9.17203125,24,48.57866416666666,24
CHP,Chepstow A48,Urban Traffic,51.638094,-2.678731,2026-08-04 00:00:00+00:00,2.2083333333333335,24,2.2083333333333335,24,9.219041666666667,24,12.399375,24,,0
NPT3,Newport,Urban Background,51.601203,-2.977281,2026-08-04 00:00:00+00:00,3.671375,24,3.671375,24,7.733333333333333,24,5.6976562500000005,24,,0
PEMB,Narberth,Rural Background,51.782616,-4.69237,2026-08-04 00:00:00+00:00,3.0895833333333336,24,3.0895833333333336,24,5.820833333333333,24,2.60578125,24,45.27744375,24
PT4,Port Talbot Margam,Urban Industrial,51.58395,-3.770822,2026-08-04 00:00:00+00:00,5.458333333333333,24,5.458333333333333,24,18.237,24,,14,,14
SWA1,Swansea Roadside,Urban Traffic,51.632696,-3.947374,2026-08-04 00:00:00+00:00,8.291666666666666,24,8.291666666666666,24,13.244958333333335,24,2.98828125,24,,0
WREX,Wrexham,Urban Traffic,53.042282,-3.002829,2026-08-04 00:00:00+00:00,3.8128333333333333,24,3.8128333333333333,24,8.479166666666666,24,8.814886363636363,22,,0
CARD,Cardiff Centre,Urban Background,51.48178,-3.17625,2026-08-05 00:00:00+00:00,7.25,24,7.25,24,12.882624999999999,24,6.2315625,24,59.71300708333333,24
CHP,Chepstow A48,Urban Traffic,51.638094,-2.678731,2026-08-05 00:00:00+00:00,4.041666666666667,24,4.041666666666667,24,13.245,24,13.42734375,24,,0
NPT3,Newport,Urban Background,51.601203,-2.977281,2026-08-05 00:00:00+00:00,4.488958333333334,24,4.488958333333334,24,8.916666666666666,24,3.78515625,24,,0
PEMB,Narberth,Rural Background,51.782616,-4.69237,2026-08-05 00:00:00+00:00,4.4891250000000005,24,4.4891250000000005,24,9.679166666666667,24,2.7253125,24,61.29293625,24
PT4,Port Talbot Margam,Urban Industrial,51.58395,-3.770822,2026-08-05 00:00:00+00:00,9.695652173913043,23,9.695652173913043,23,28.27182608695652,23,4.459602272727273,22,66.09395545454545,22
SWA1,Swansea Roadside,Urban Traffic,51.632696,-3.947374,2026-08-05 00:00:00+00:00,7.916666666666667,24,7.916666666666667,24,15.257916666666667,24,5.21953125,24,,0
WREX,Wrexham,Urban Traffic,53.042282,-3.002829,2026-08-05 00:00:00+00:00,1.8002500000000001,24,1.8002500000000001,24,4.033333333333333,24,3.668522727272727,22,,0
CARD,Cardiff Centre,Urban Background,51.48178,-3.17625,2026-08-06 00:00:00+00:00,4.791666666666667,24,4.791666666666667,24,10.064625,24,7.299375,24,53.684329999999996,24
CHP,Chepstow A48,Urban Traffic,51.638094,-2.678731,2026-08-06 00:00:00+00:00,3.6666666666666665,24,3.6666666666666665,24,10.748875,24,14.08875,24,,0
NPT3,Newport,Urban Background,51.601203,-2.977281,2026-08-06 00:00:00+00:00,3.392416666666666,24,3.392416666666666,24,6.670833333333333,24,6.55828125,24,,0
PEMB,Narberth,Rural Background,51.782616,-4.69237,2026-08-06 00:00:00+00:00,2.3349166666666665,24,2.3349166666666665,24,6.3875,24,1.8168749999999998,24,55.90454625,24
PT4,Port Talbot Margam,Urban Industrial,51.58395,-3.770822,2026-08-06 00:00:00+00:00,6.416666666666667,24,6.416666666666667,24,14.855291666666666,24,5.21953125,24,59.38039041666665,24
SWA1,Swansea Roadside,Urban Traffic,51.632696,-3.947374,2026-08-06 00:00:00+00:00,5.375,24,5.375,24,10.306083333333333,24,8.16,24,,0
WREX,Wrexham,Urban Traffic,53.042282,-3.002829,2026-08-06 00:00:00+00:00,2.8852499999999996,24,2.8852499999999996,24,6.533333333333334,24,6.84515625,24,,0
CARD,Cardiff Centre,Urban Background,51.48178,-3.17625,2026-08-07 00:00:00+00:00,4.833333333333333,24,4.833333333333333,24,9.823041666666667,24,10.52671875,24,52.919311666666665,24
CHP,Chepstow A48,Urban Traffic,51.638094,-2.678731,2026-08-07 00:00:00+00:00,3.5416666666666665,24,3.5416666666666665,24,8.735999999999999,24,17.9934375,24,,0
NPT3,Newport,Urban Background,51.601203,-2.977281,2026-08-07 00:00:00+00:00,2.8181304347826086,23,2.8181304347826086,23,6.869565217391305,23,9.407678571428571,21,,0
PEMB,Narberth,Rural Background,51.782616,-4.69237,2026-08-07 00:00:00+00:00,2.091083333333333,24,2.091083333333333,24,5.029166666666667,24,2.57390625,24,63.28032083333332,24
PT4,Port Talbot Margam,Urban Industrial,51.58395,-3.770822,2026-08-07 00:00:00+00:00,5.75,24,5.75,24,8.333458333333335,24,6.01640625,24,57.45952916666667,24
SWA1,Swansea Roadside,Urban Traffic,51.632696,-3.947374,2026-08-07 00:00:00+00:00,6.5,24,6.5,24,10.265875,24,12.69421875,24,,0
WREX,Wrexham,Urban Traffic,53.042282,-3.002829,2026-08-07 00:00:00+00:00,2.40975,24,2.40975,24,5.6375,24,13.738124999999998,24,,0
CARD,Cardiff Centre,Urban Background,51.48178,-3.17625,2026-08-08 00:00:00+00:00,9.125,24,9.125,24,14.452791666666668,24,19.1090625,24,56.885765416666686,24
CHP,Chepstow A48,Urban Traffic,51.638094,-2.678731,2026-08-08 00:00:00+00:00,3.5,24,3.5,24,12.319,24,16.4475,24,,0
NPT3,Newport,Urban Background,51.601203,-2.977281,2026-08-08 00:00:00+00:00,4.351458333333333,24,4.351458333333333,24,10.25,24,10.765781249999998,24,,0
PEMB,Narberth,Rural Background,51.782616,-4.69237,2026-08-08 00:00:00+00:00,2.857875,24,2.857875,24,6.379166666666666,24,2.9324999999999997,24,76.16921666666666,24
PT4,Port Talbot Margam,Urban Industrial,51.58395,-3.770822,2026-08-08 00:00:00+00:00,7.208333333333333,24,7.208333333333333,24,9.823083333333333,24,7.71375,24,64.65236458333335,24
SWA1,Swansea Roadside,Urban Traffic,51.632696,-3.947374,2026-08-08 00:00:00+00:00,10.416666666666666,24,10.416666666666666,24,15.016374999999998,24,17.435624999999998,24,,0
WREX,Wrexham,Urban Traffic,53.042282,-3.002829,2026-08-08 00:00:00+00:00,2.908958333333333,24,2.908958333333333,24,6.441666666666666,24,13.929375,24,,0
CARD,Cardiff Centre,Urban Background,51.48178,-3.17625,2026-08-09 00:00:00+00:00,8.458333333333334,24,8.458333333333334,24,15.459208333333335,24,11.02875,24,68.42756375,24
CHP,Chepstow A48,Urban Traffic,51.638094,-2.678731,2026-08-09 00:00:00+00:00,4.875,24,4.875,24,14.412416666666667,24,20.77453125,24,,0
NPT3,Newport,Urban Background,51.601203,-2.977281,2026-08-09 00:00:00+00:00,5.98275,24,5.98275,24,13.295833333333334,24,9.7696875,24,,0
PEMB,Narberth,Rural Background,51.782616,-4.69237,2026-08-09 00:00:00+00:00,3.59675,24,3.59675,24,8.975,24,2.35875,24,80.12735500000001,24
PT4,Port Talbot Margam,Urban Industrial,51.58395,-3.770822,2026-08-09 00:00:00+00:00,10.333333333333334,24,10.333333333333334,24,15.338375,24,6.6140625,24,73.09251250000001,24
SWA1,Swansea Roadside,Urban Traffic,51.632696,-3.947374,2026-08-09 00:00:00+00:00,11.166666666666666,24,11.166666666666666,24,16.506041666666665,24,8.996718750000001,24,,0
WREX,Wrexham,Urban Traffic,53.042282,-3.002829,2026-08-09 00:00:00+00:00,2.8185000000000002,24,2.8185000000000002,24,6.1375,24,5.76140625,24,,0
CARD,Cardiff Centre,Urban Background,51.48178,-3.17625,2026-08-10 00:00:00+00:00,7.875,24,7.875,24,15.21775,24,,10,,10
CHP,Chepstow A48,Urban Traffic,51.638094,-2.678731,2026-08-10 00:00:00+00:00,4.208333333333333,24,4.208333333333333,24,12.399625,24,12.40734375,24,,0
NPT3,Newport,Urban Background,51.601203,-2.977281,2026-08-10 00:00:00+00:00,8.235125,24,8.235125,24,15.9125,24,8.10421875,24,,0
PEMB,Narberth,Rural Background,51.782616,-4.69237,2026-08-10 00:00:00+00:00,3.160458333333333,24,3.160458333333333,24,7.020833333333333,24,1.1235937500000002,24,52.90268083333333,24
PT4,Port Talbot Margam,Urban Industrial,51.58395,-3.770822,2026-08-10 00:00:00+00:00,10.166666666666666,24,10.166666666666666,24,15.137166666666667,24,6.43875,24,49.742822499999996,24
SWA1,Swansea Roadside,Urban Traffic,51.632696,-3.947374,2026-08-10 00:00:00+00:00,8.521739130434783,23,8.521739130434783,23,15.123043478260868,23,10.369076086956522,23,,0
WREX,Wrexham,Urban Traffic,53.042282,-3.002829,2026-08-10 00:00:00+00:00,2.814583333333333,24,2.814583333333333,24,6.104166666666667,24,8.9728125,24,,0
CARD,Cardiff Centre,Urban Background,51.48178,-3.17625,2026-08-11 00:00:00+00:00,6.9523809523809526,21,6.9523809523809526,21,18.094272727272728,22,,9,,9
CHP,Chepstow A48,Urban Traffic,51.638094,-2.678731,2026-08-11 00:00:00+00:00,5.473684210526316,19,5.473684210526316,19,17.645947368421055,19,26.650687499999997,20,,0
NPT3,Newport,Urban Background,51.601203,-2.977281,2026-08-11 00:00:00+00:00,5.7703750000000005,24,5.7703750000000005,24,17.995833333333334,24,7.84125,24,,0
PEMB,Narberth,Rural Background,51.782616,-4.69237,2026-08-11 00:00:00+00:00,10.055166666666667,24,10.055166666666667,24,22.974999999999998,24,4.111875,24,83.03775083333333,24
PT4,Port Talbot Margam,Urban Industrial,51.58395,-3.770822,2026-08-11 00:00:00+00:00,13.791666666666666,24,13.791666666666666,24,23.229041666666664,24,12.399375,24,75.14642041666666,24
SWA1,Swansea Roadside,Urban Traffic,51.632696,-3.947374,2026-08-11 00:00:00+00:00,,5,,5,,5,,5,,0
WREX,Wrexham,Urban Traffic,53.042282,-3.002829,2026-08-11 00:00:00+00:00,5.805875,24,5.805875,24,13.441666666666668,24,18.95765625,24,,0
