date,year,season,sst_nino34,oni
1950-01-15 00:00:00+00:00,1950,DJF,25.01,-1.32
1950-02-15 00:00:00+00:00,1950,JFM,25.36,-1.2
1950-03-15 00:00:00+00:00,1950,FMA,25.88,-1.12
1950-04-15 00:00:00+00:00,1950,MAM,26.24,-1.08
1950-05-15 00:00:00+00:00,1950,AMJ,26.35,-1.1
1950-06-15 00:00:00+00:00,1950,MJJ,26.32,-0.9
1950-07-15 00:00:00+00:00,1950,JJA,26.24,-0.62
1950-08-15 00:00:00+00:00,1950,JAS,25.94,-0.57
1950-09-15 00:00:00+00:00,1950,ASO,25.76,-0.56
1950-10-15 00:00:00+00:00,1950,SON,25.6,-0.62
1950-11-15 00:00:00+00:00,1950,OND,25.55,-0.66
1950-12-15 00:00:00+00:00,1950,NDJ,25.41,-0.79
1951-01-15 00:00:00+00:00,1951,DJF,25.67,-0.66
1951-02-15 00:00:00+00:00,1951,JFM,26.2,-0.36
1951-03-15 00:00:00+00:00,1951,FMA,26.96,-0.04
1951-04-15 00:00:00+00:00,1951,MAM,27.48,0.16
1951-05-15 00:00:00+00:00,1951,AMJ,27.72,0.27
1951-06-15 00:00:00+00:00,1951,MJJ,27.72,0.5
1951-07-15 00:00:00+00:00,1951,JJA,27.57,0.71
1951-08-15 00:00:00+00:00,1951,JAS,27.41,0.9
1951-09-15 00:00:00+00:00,1951,ASO,27.34,1.02
1951-10-15 00:00:00+00:00,1951,SON,27.25,1.03
1951-11-15 00:00:00+00:00,1951,OND,27.18,0.96
1951-12-15 00:00:00+00:00,1951,NDJ,26.91,0.71
1952-01-15 00:00:00+00:00,1952,DJF,26.86,0.52
1952-02-15 00:00:00+00:00,1952,JFM,26.82,0.27
1952-03-15 00:00:00+00:00,1952,FMA,27.33,0.33
1952-04-15 00:00:00+00:00,1952,MAM,27.5,0.18
1952-05-15 00:00:00+00:00,1952,AMJ,27.38,-0.07
1952-06-15 00:00:00+00:00,1952,MJJ,26.78,-0.44
1952-07-15 00:00:00+00:00,1952,JJA,26.41,-0.45
1952-08-15 00:00:00+00:00,1952,JAS,26.31,-0.2
1952-09-15 00:00:00+00:00,1952,ASO,26.35,0.03
1952-10-15 00:00:00+00:00,1952,SON,26.26,0.04
1952-11-15 00:00:00+00:00,1952,OND,26.11,-0.11
1952-12-15 00:00:00+00:00,1952,NDJ,26.25,0.06
1953-01-15 00:00:00+00:00,1953,DJF,26.58,0.25
1953-02-15 00:00:00+00:00,1953,JFM,27.06,0.5
1953-03-15 00:00:00+00:00,1953,FMA,27.48,0.48
1953-04-15 00:00:00+00:00,1953,MAM,27.88,0.56
1953-05-15 00:00:00+00:00,1953,AMJ,28.22,0.77
1953-06-15 00:00:00+00:00,1953,MJJ,27.96,0.74
1953-07-15 00:00:00+00:00,1953,JJA,27.49,0.63
1953-08-15 00:00:00+00:00,1953,JAS,27.19,0.68
1953-09-15 00:00:00+00:00,1953,ASO,26.91,0.59
1953-10-15 00:00:00+00:00,1953,SON,27.0,0.78
1953-11-15 00:00:00+00:00,1953,OND,26.74,0.52
1953-12-15 00:00:00+00:00,1953,NDJ,26.76,0.56
1954-01-15 00:00:00+00:00,1954,DJF,26.74,0.41
1954-02-15 00:00:00+00:00,1954,JFM,26.91,0.35
1954-03-15 00:00:00+00:00,1954,FMA,27.01,0.01
1954-04-15 00:00:00+00:00,1954,MAM,27.04,-0.27
1954-05-15 00:00:00+00:00,1954,AMJ,26.97,-0.48
1954-06-15 00:00:00+00:00,1954,MJJ,26.74,-0.48
1954-07-15 00:00:00+00:00,1954,JJA,26.18,-0.67
1954-08-15 00:00:00+00:00,1954,JAS,25.68,-0.83
1954-09-15 00:00:00+00:00,1954,ASO,25.58,-0.73
1954-10-15 00:00:00+00:00,1954,SON,25.7,-0.52
1954-11-15 00:00:00+00:00,1954,OND,25.82,-0.4
1954-12-15 00:00:00+00:00,1954,NDJ,25.76,-0.44
1955-01-15 00:00:00+00:00,1955,DJF,25.83,-0.5
1955-02-15 00:00:00+00:00,1955,JFM,26.08,-0.48
1955-03-15 00:00:00+00:00,1955,FMA,26.42,-0.58
1955-04-15 00:00:00+00:00,1955,MAM,26.56,-0.76
1955-05-15 00:00:00+00:00,1955,AMJ,26.67,-0.78
1955-06-15 00:00:00+00:00,1955,MJJ,26.34,-0.88
1955-07-15 00:00:00+00:00,1955,JJA,26.13,-0.72
1955-08-15 00:00:00+00:00,1955,JAS,25.59,-0.92
1955-09-15 00:00:00+00:00,1955,ASO,25.21,-1.11
1955-10-15 00:00:00+00:00,1955,SON,24.78,-1.44
1955-11-15 00:00:00+00:00,1955,OND,24.63,-1.59
1955-12-15 00:00:00+00:00,1955,NDJ,24.73,-1.51
1956-01-15 00:00:00+00:00,1956,DJF,25.2,-1.17
1956-02-15 00:00:00+00:00,1956,JFM,25.82,-0.81
1956-03-15 00:00:00+00:00,1956,FMA,26.47,-0.57
1956-04-15 00:00:00+00:00,1956,MAM,26.84,-0.51
1956-05-15 00:00:00+00:00,1956,AMJ,27.0,-0.49
1956-06-15 00:00:00+00:00,1956,MJJ,26.81,-0.47
1956-07-15 00:00:00+00:00,1956,JJA,26.37,-0.55
1956-08-15 00:00:00+00:00,1956,JAS,26.02,-0.52
1956-09-15 00:00:00+00:00,1956,ASO,25.9,-0.43
1956-10-15 00:00:00+00:00,1956,SON,25.85,-0.39
1956-11-15 00:00:00+00:00,1956,OND,25.87,-0.37
1956-12-15 00:00:00+00:00,1956,NDJ,25.87,-0.39
1957-01-15 00:00:00+00:00,1957,DJF,26.11,-0.27
1957-02-15 00:00:00+00:00,1957,JFM,26.57,-0.06
1957-03-15 00:00:00+00:00,1957,FMA,27.3,0.26
1957-04-15 00:00:00+00:00,1957,MAM,27.99,0.63
1957-05-15 00:00:00+00:00,1957,AMJ,28.21,0.72
1957-06-15 00:00:00+00:00,1957,MJJ,28.09,0.82
1957-07-15 00:00:00+00:00,1957,JJA,27.88,0.96
1957-08-15 00:00:00+00:00,1957,JAS,27.57,1.03
1957-09-15 00:00:00+00:00,1957,ASO,27.45,1.12
1957-10-15 00:00:00+00:00,1957,SON,27.38,1.15
1957-11-15 00:00:00+00:00,1957,OND,27.63,1.39
1957-12-15 00:00:00+00:00,1957,NDJ,27.87,1.62
1958-01-15 00:00:00+00:00,1958,DJF,28.07,1.69
1958-02-15 00:00:00+00:00,1958,JFM,28.21,1.59
1958-03-15 00:00:00+00:00,1958,FMA,28.21,1.17
1958-04-15 00:00:00+00:00,1958,MAM,28.2,0.84
1958-05-15 00:00:00+00:00,1958,AMJ,28.06,0.57
1958-06-15 00:00:00+00:00,1958,MJJ,27.77,0.49
1958-07-15 00:00:00+00:00,1958,JJA,27.36,0.43
1958-08-15 00:00:00+00:00,1958,JAS,26.86,0.32
1958-09-15 00:00:00+00:00,1958,ASO,26.61,0.28
1958-10-15 00:00:00+00:00,1958,SON,26.53,0.3
1958-11-15 00:00:00+00:00,1958,OND,26.6,0.36
1958-12-15 00:00:00+00:00,1958,NDJ,26.82,0.56
1959-01-15 00:00:00+00:00,1959,DJF,26.99,0.6
1959-02-15 00:00:00+00:00,1959,JFM,27.27,0.64
1959-03-15 00:00:00+00:00,1959,FMA,27.51,0.48
1959-04-15 00:00:00+00:00,1959,MAM,27.75,0.39
1959-05-15 00:00:00+00:00,1959,AMJ,27.73,0.24
1959-06-15 00:00:00+00:00,1959,MJJ,27.29,0.02
1959-07-15 00:00:00+00:00,1959,JJA,26.74,-0.19
1959-08-15 00:00:00+00:00,1959,JAS,26.31,-0.23
1959-09-15 00:00:00+00:00,1959,ASO,26.29,-0.04
1959-10-15 00:00:00+00:00,1959,SON,26.34,0.11
1959-11-15 00:00:00+00:00,1959,OND,26.47,0.23
1959-12-15 00:00:00+00:00,1959,NDJ,26.4,0.14
1960-01-15 00:00:00+00:00,1960,DJF,26.4,0.02
1960-02-15 00:00:00+00:00,1960,JFM,26.65,0.03
1960-03-15 00:00:00+00:00,1960,FMA,27.1,0.06
1960-04-15 00:00:00+00:00,1960,MAM,27.52,0.17
1960-05-15 00:00:00+00:00,1960,AMJ,27.53,0.04
1960-06-15 00:00:00+00:00,1960,MJJ,27.27,0.0
1960-07-15 00:00:00+00:00,1960,JJA,26.93,0.01
1960-08-15 00:00:00+00:00,1960,JAS,26.69,0.15
1960-09-15 00:00:00+00:00,1960,ASO,26.52,0.19
1960-10-15 00:00:00+00:00,1960,SON,26.32,0.08
1960-11-15 00:00:00+00:00,1960,OND,26.17,-0.07
1960-12-15 00:00:00+00:00,1960,NDJ,26.16,-0.07
1961-01-15 00:00:00+00:00,1961,DJF,26.34,0.0
1961-02-15 00:00:00+00:00,1961,JFM,26.6,0.03
1961-03-15 00:00:00+00:00,1961,FMA,26.98,0.01
1961-04-15 00:00:00+00:00,1961,MAM,27.33,0.05
1961-05-15 00:00:00+00:00,1961,AMJ,27.62,0.22
1961-06-15 00:00:00+00:00,1961,MJJ,27.41,0.22
1961-07-15 00:00:00+00:00,1961,JJA,26.94,0.08
1961-08-15 00:00:00+00:00,1961,JAS,26.32,-0.2
1961-09-15 00:00:00+00:00,1961,ASO,26.01,-0.32
1961-10-15 00:00:00+00:00,1961,SON,26.02,-0.22
1961-11-15 00:00:00+00:00,1961,OND,26.09,-0.11
1961-12-15 00:00:00+00:00,1961,NDJ,26.14,-0.05
1962-01-15 00:00:00+00:00,1962,DJF,26.16,-0.16
1962-02-15 00:00:00+00:00,1962,JFM,26.4,-0.17
1962-03-15 00:00:00+00:00,1962,FMA,26.83,-0.15
1962-04-15 00:00:00+00:00,1962,MAM,27.09,-0.2
1962-05-15 00:00:00+00:00,1962,AMJ,27.21,-0.19
1962-06-15 00:00:00+00:00,1962,MJJ,27.06,-0.13
1962-07-15 00:00:00+00:00,1962,JJA,26.85,0.0
1962-08-15 00:00:00+00:00,1962,JAS,26.42,-0.1
1962-09-15 00:00:00+00:00,1962,ASO,26.17,-0.16
1962-10-15 00:00:00+00:00,1962,SON,25.98,-0.25
1962-11-15 00:00:00+00:00,1962,OND,25.95,-0.25
1962-12-15 00:00:00+00:00,1962,NDJ,25.87,-0.32
1963-01-15 00:00:00+00:00,1963,DJF,25.98,-0.33
1963-02-15 00:00:00+00:00,1963,JFM,26.4,-0.17
1963-03-15 00:00:00+00:00,1963,FMA,26.99,0.01
1963-04-15 00:00:00+00:00,1963,MAM,27.41,0.13
1963-05-15 00:00:00+00:00,1963,AMJ,27.52,0.12
1963-06-15 00:00:00+00:00,1963,MJJ,27.64,0.45
1963-07-15 00:00:00+00:00,1963,JJA,27.61,0.76
1963-08-15 00:00:00+00:00,1963,JAS,27.61,1.09
1963-09-15 00:00:00+00:00,1963,ASO,27.42,1.09
1963-10-15 00:00:00+00:00,1963,SON,27.37,1.13
1963-11-15 00:00:00+00:00,1963,OND,27.39,1.19
1963-12-15 00:00:00+00:00,1963,NDJ,27.33,1.13
1964-01-15 00:00:00+00:00,1964,DJF,27.26,0.95
1964-02-15 00:00:00+00:00,1964,JFM,27.09,0.52
1964-03-15 00:00:00+00:00,1964,FMA,27.04,0.06
1964-04-15 00:00:00+00:00,1964,MAM,26.93,-0.35
1964-05-15 00:00:00+00:00,1964,AMJ,26.8,-0.6
1964-06-15 00:00:00+00:00,1964,MJJ,26.53,-0.66
1964-07-15 00:00:00+00:00,1964,JJA,26.19,-0.67
1964-08-15 00:00:00+00:00,1964,JAS,25.82,-0.7
1964-09-15 00:00:00+00:00,1964,ASO,25.6,-0.72
1964-10-15 00:00:00+00:00,1964,SON,25.44,-0.8
1964-11-15 00:00:00+00:00,1964,OND,25.41,-0.79
1964-12-15 00:00:00+00:00,1964,NDJ,25.45,-0.75
1965-01-15 00:00:00+00:00,1965,DJF,25.8,-0.51
1965-02-15 00:00:00+00:00,1965,JFM,26.32,-0.25
1965-03-15 00:00:00+00:00,1965,FMA,26.93,-0.04
1965-04-15 00:00:00+00:00,1965,MAM,27.45,0.16
1965-05-15 00:00:00+00:00,1965,AMJ,27.86,0.47
1965-06-15 00:00:00+00:00,1965,MJJ,27.98,0.79
1965-07-15 00:00:00+00:00,1965,JJA,27.95,1.1
1965-08-15 00:00:00+00:00,1965,JAS,27.79,1.27
1965-09-15 00:00:00+00:00,1965,ASO,27.87,1.55
1965-10-15 00:00:00+00:00,1965,SON,27.93,1.7
1965-11-15 00:00:00+00:00,1965,OND,28.02,1.82
1965-12-15 00:00:00+00:00,1965,NDJ,27.83,1.6
1966-01-15 00:00:00+00:00,1966,DJF,27.61,1.24
1966-02-15 00:00:00+00:00,1966,JFM,27.6,0.95
1966-03-15 00:00:00+00:00,1966,FMA,27.79,0.76
1966-04-15 00:00:00+00:00,1966,MAM,27.77,0.43
1966-05-15 00:00:00+00:00,1966,AMJ,27.68,0.24
1966-06-15 00:00:00+00:00,1966,MJJ,27.44,0.18
1966-07-15 00:00:00+00:00,1966,JJA,27.18,0.25
1966-08-15 00:00:00+00:00,1966,JAS,26.73,0.13
1966-09-15 00:00:00+00:00,1966,ASO,26.34,-0.09
1966-10-15 00:00:00+00:00,1966,SON,26.27,-0.12
1966-11-15 00:00:00+00:00,1966,OND,26.17,-0.23
1966-12-15 00:00:00+00:00,1966,NDJ,26.02,-0.35
1967-01-15 00:00:00+00:00,1967,DJF,25.97,-0.46
1967-02-15 00:00:00+00:00,1967,JFM,26.18,-0.48
1967-03-15 00:00:00+00:00,1967,FMA,26.53,-0.5
1967-04-15 00:00:00+00:00,1967,MAM,26.97,-0.37
1967-05-15 00:00:00+00:00,1967,AMJ,27.3,-0.15
1967-06-15 00:00:00+00:00,1967,MJJ,27.31,0.05
1967-07-15 00:00:00+00:00,1967,JJA,26.92,-0.02
1967-08-15 00:00:00+00:00,1967,JAS,26.33,-0.26
1967-09-15 00:00:00+00:00,1967,ASO,26.03,-0.4
1967-10-15 00:00:00+00:00,1967,SON,25.99,-0.4
1967-11-15 00:00:00+00:00,1967,OND,26.03,-0.36
1967-12-15 00:00:00+00:00,1967,NDJ,25.95,-0.42
1968-01-15 00:00:00+00:00,1968,DJF,25.81,-0.62
1968-02-15 00:00:00+00:00,1968,JFM,25.92,-0.73
1968-03-15 00:00:00+00:00,1968,FMA,26.41,-0.63
1968-04-15 00:00:00+00:00,1968,MAM,26.85,-0.48
1968-05-15 00:00:00+00:00,1968,AMJ,27.35,-0.1
1968-06-15 00:00:00+00:00,1968,MJJ,27.43,0.17
1968-07-15 00:00:00+00:00,1968,JJA,27.37,0.44
1968-08-15 00:00:00+00:00,1968,JAS,26.97,0.38
1968-09-15 00:00:00+00:00,1968,ASO,26.78,0.34
1968-10-15 00:00:00+00:00,1968,SON,26.9,0.5
1968-11-15 00:00:00+00:00,1968,OND,27.06,0.66
1968-12-15 00:00:00+00:00,1968,NDJ,27.3,0.93
1969-01-15 00:00:00+00:00,1969,DJF,27.42,0.98
1969-02-15 00:00:00+00:00,1969,JFM,27.63,0.98
1969-03-15 00:00:00+00:00,1969,FMA,27.8,0.77
1969-04-15 00:00:00+00:00,1969,MAM,28.02,0.69
1969-05-15 00:00:00+00:00,1969,AMJ,28.06,0.62
1969-06-15 00:00:00+00:00,1969,MJJ,27.74,0.48
1969-07-15 00:00:00+00:00,1969,JJA,27.3,0.37
1969-08-15 00:00:00+00:00,1969,JAS,27.0,0.41
1969-09-15 00:00:00+00:00,1969,ASO,27.04,0.61
1969-10-15 00:00:00+00:00,1969,SON,27.11,0.71
1969-11-15 00:00:00+00:00,1969,OND,27.21,0.81
1969-12-15 00:00:00+00:00,1969,NDJ,27.08,0.71
1970-01-15 00:00:00+00:00,1970,DJF,26.89,0.46
1970-02-15 00:00:00+00:00,1970,JFM,26.89,0.23
1970-03-15 00:00:00+00:00,1970,FMA,27.27,0.23
1970-04-15 00:00:00+00:00,1970,MAM,27.61,0.28
1970-05-15 00:00:00+00:00,1970,AMJ,27.56,0.11
1970-06-15 00:00:00+00:00,1970,MJJ,27.0,-0.26
1970-07-15 00:00:00+00:00,1970,JJA,26.38,-0.55
1970-08-15 00:00:00+00:00,1970,JAS,25.88,-0.72
1970-09-15 00:00:00+00:00,1970,ASO,25.74,-0.69
1970-10-15 00:00:00+00:00,1970,SON,25.67,-0.72
1970-11-15 00:00:00+00:00,1970,OND,25.61,-0.78
1970-12-15 00:00:00+00:00,1970,NDJ,25.29,-1.1
1971-01-15 00:00:00+00:00,1971,DJF,25.17,-1.29
1971-02-15 00:00:00+00:00,1971,JFM,25.34,-1.36
1971-03-15 00:00:00+00:00,1971,FMA,25.97,-1.08
1971-04-15 00:00:00+00:00,1971,MAM,26.55,-0.81
1971-05-15 00:00:00+00:00,1971,AMJ,26.76,-0.72
1971-06-15 00:00:00+00:00,1971,MJJ,26.62,-0.69
1971-07-15 00:00:00+00:00,1971,JJA,26.3,-0.68
1971-08-15 00:00:00+00:00,1971,JAS,26.05,-0.6
1971-09-15 00:00:00+00:00,1971,ASO,25.81,-0.68
1971-10-15 00:00:00+00:00,1971,SON,25.68,-0.78
1971-11-15 00:00:00+00:00,1971,OND,25.59,-0.86
1971-12-15 00:00:00+00:00,1971,NDJ,25.65,-0.78
1972-01-15 00:00:00+00:00,1972,DJF,25.92,-0.57
1972-02-15 00:00:00+00:00,1972,JFM,26.42,-0.27
1972-03-15 00:00:00+00:00,1972,FMA,27.09,0.04
1972-04-15 00:00:00+00:00,1972,MAM,27.61,0.25
1972-05-15 00:00:00+00:00,1972,AMJ,27.96,0.48
1972-06-15 00:00:00+00:00,1972,MJJ,28.0,0.7
1972-07-15 00:00:00+00:00,1972,JJA,27.98,1.0
1972-08-15 00:00:00+00:00,1972,JAS,27.91,1.26
1972-09-15 00:00:00+00:00,1972,ASO,27.98,1.49
1972-10-15 00:00:00+00:00,1972,SON,28.14,1.69
1972-11-15 00:00:00+00:00,1972,OND,28.3,1.84
1972-12-15 00:00:00+00:00,1972,NDJ,28.2,1.77
1973-01-15 00:00:00+00:00,1973,DJF,28.03,1.55
1973-02-15 00:00:00+00:00,1973,JFM,27.82,1.13
1973-03-15 00:00:00+00:00,1973,FMA,27.61,0.56
1973-04-15 00:00:00+00:00,1973,MAM,27.33,-0.03
1973-05-15 00:00:00+00:00,1973,AMJ,26.97,-0.51
1973-06-15 00:00:00+00:00,1973,MJJ,26.51,-0.8
1973-07-15 00:00:00+00:00,1973,JJA,25.99,-0.99
1973-08-15 00:00:00+00:00,1973,JAS,25.54,-1.11
1973-09-15 00:00:00+00:00,1973,ASO,25.23,-1.26
1973-10-15 00:00:00+00:00,1973,SON,24.87,-1.58
1973-11-15 00:00:00+00:00,1973,OND,24.57,-1.89
1973-12-15 00:00:00+00:00,1973,NDJ,24.39,-2.04
1974-01-15 00:00:00+00:00,1974,DJF,24.61,-1.87
1974-02-15 00:00:00+00:00,1974,JFM,25.1,-1.59
1974-03-15 00:00:00+00:00,1974,FMA,25.82,-1.24
1974-04-15 00:00:00+00:00,1974,MAM,26.37,-0.99
1974-05-15 00:00:00+00:00,1974,AMJ,26.77,-0.71
1974-06-15 00:00:00+00:00,1974,MJJ,26.67,-0.64
1974-07-15 00:00:00+00:00,1974,JJA,26.52,-0.46
1974-08-15 00:00:00+00:00,1974,JAS,26.25,-0.4
1974-09-15 00:00:00+00:00,1974,ASO,26.02,-0.47
1974-10-15 00:00:00+00:00,1974,SON,25.76,-0.69
1974-11-15 00:00:00+00:00,1974,OND,25.57,-0.88
1974-12-15 00:00:00+00:00,1974,NDJ,25.72,-0.71
1975-01-15 00:00:00+00:00,1975,DJF,25.92,-0.56
1975-02-15 00:00:00+00:00,1975,JFM,26.15,-0.55
1975-03-15 00:00:00+00:00,1975,FMA,26.44,-0.61
1975-04-15 00:00:00+00:00,1975,MAM,26.7,-0.66
1975-05-15 00:00:00+00:00,1975,AMJ,26.68,-0.8
1975-06-15 00:00:00+00:00,1975,MJJ,26.39,-0.92
1975-07-15 00:00:00+00:00,1975,JJA,25.9,-1.08
1975-08-15 00:00:00+00:00,1975,JAS,25.54,-1.12
1975-09-15 00:00:00+00:00,1975,ASO,25.2,-1.29
1975-10-15 00:00:00+00:00,1975,SON,25.14,-1.32
1975-11-15 00:00:00+00:00,1975,OND,24.98,-1.47
1975-12-15 00:00:00+00:00,1975,NDJ,24.84,-1.58
1976-01-15 00:00:00+00:00,1976,DJF,24.98,-1.49
1976-02-15 00:00:00+00:00,1976,JFM,25.55,-1.11
1976-03-15 00:00:00+00:00,1976,FMA,26.37,-0.65
1976-04-15 00:00:00+00:00,1976,MAM,26.87,-0.45
1976-05-15 00:00:00+00:00,1976,AMJ,27.21,-0.23
1976-06-15 00:00:00+00:00,1976,MJJ,27.28,0.0
1976-07-15 00:00:00+00:00,1976,JJA,27.21,0.23
1976-08-15 00:00:00+00:00,1976,JAS,27.09,0.4
1976-09-15 00:00:00+00:00,1976,ASO,27.13,0.6
1976-10-15 00:00:00+00:00,1976,SON,27.28,0.79
1976-11-15 00:00:00+00:00,1976,OND,27.28,0.81
1976-12-15 00:00:00+00:00,1976,NDJ,27.28,0.84
1977-01-15 00:00:00+00:00,1977,DJF,27.19,0.71
1977-02-15 00:00:00+00:00,1977,JFM,27.33,0.66
1977-03-15 00:00:00+00:00,1977,FMA,27.35,0.33
1977-04-15 00:00:00+00:00,1977,MAM,27.58,0.26
1977-05-15 00:00:00+00:00,1977,AMJ,27.7,0.26
1977-06-15 00:00:00+00:00,1977,MJJ,27.75,0.46
1977-07-15 00:00:00+00:00,1977,JJA,27.37,0.39
1977-08-15 00:00:00+00:00,1977,JAS,27.04,0.35
1977-09-15 00:00:00+00:00,1977,ASO,26.97,0.45
1977-10-15 00:00:00+00:00,1977,SON,27.17,0.68
1977-11-15 00:00:00+00:00,1977,OND,27.31,0.84
1977-12-15 00:00:00+00:00,1977,NDJ,27.25,0.82
1978-01-15 00:00:00+00:00,1978,DJF,27.18,0.71
1978-02-15 00:00:00+00:00,1978,JFM,27.19,0.52
1978-03-15 00:00:00+00:00,1978,FMA,27.19,0.17
1978-04-15 00:00:00+00:00,1978,MAM,27.26,-0.06
1978-05-15 00:00:00+00:00,1978,AMJ,27.17,-0.28
1978-06-15 00:00:00+00:00,1978,MJJ,27.05,-0.24
1978-07-15 00:00:00+00:00,1978,JJA,26.61,-0.37
1978-08-15 00:00:00+00:00,1978,JAS,26.32,-0.37
1978-09-15 00:00:00+00:00,1978,ASO,26.08,-0.44
1978-10-15 00:00:00+00:00,1978,SON,26.22,-0.27
1978-11-15 00:00:00+00:00,1978,OND,26.4,-0.07
1978-12-15 00:00:00+00:00,1978,NDJ,26.54,0.11
1979-01-15 00:00:00+00:00,1979,DJF,26.67,0.19
1979-02-15 00:00:00+00:00,1979,JFM,26.88,0.21
1979-03-15 00:00:00+00:00,1979,FMA,27.31,0.29
1979-04-15 00:00:00+00:00,1979,MAM,27.64,0.32
1979-05-15 00:00:00+00:00,1979,AMJ,27.73,0.29
1979-06-15 00:00:00+00:00,1979,MJJ,27.43,0.14
1979-07-15 00:00:00+00:00,1979,JJA,27.07,0.09
1979-08-15 00:00:00+00:00,1979,JAS,26.91,0.22
1979-09-15 00:00:00+00:00,1979,ASO,26.86,0.34
1979-10-15 00:00:00+00:00,1979,SON,26.96,0.47
1979-11-15 00:00:00+00:00,1979,OND,26.97,0.5
1979-12-15 00:00:00+00:00,1979,NDJ,27.07,0.64
1980-01-15 00:00:00+00:00,1980,DJF,27.09,0.62
1980-02-15 00:00:00+00:00,1980,JFM,27.14,0.47
1980-03-15 00:00:00+00:00,1980,FMA,27.37,0.35
1980-04-15 00:00:00+00:00,1980,MAM,27.67,0.34
1980-05-15 00:00:00+00:00,1980,AMJ,27.9,0.45
1980-06-15 00:00:00+00:00,1980,MJJ,27.68,0.4
1980-07-15 00:00:00+00:00,1980,JJA,27.16,0.18
1980-08-15 00:00:00+00:00,1980,JAS,26.62,-0.06
1980-09-15 00:00:00+00:00,1980,ASO,26.36,-0.17
1980-10-15 00:00:00+00:00,1980,SON,26.42,-0.07
1980-11-15 00:00:00+00:00,1980,OND,26.55,0.08
1980-12-15 00:00:00+00:00,1980,NDJ,26.44,-0.05
1981-01-15 00:00:00+00:00,1981,DJF,26.31,-0.27
1981-02-15 00:00:00+00:00,1981,JFM,26.4,-0.42
1981-03-15 00:00:00+00:00,1981,FMA,26.76,-0.41
1981-04-15 00:00:00+00:00,1981,MAM,27.21,-0.27
1981-05-15 00:00:00+00:00,1981,AMJ,27.3,-0.28
1981-06-15 00:00:00+00:00,1981,MJJ,27.12,-0.27
1981-07-15 00:00:00+00:00,1981,JJA,26.77,-0.28
1981-08-15 00:00:00+00:00,1981,JAS,26.51,-0.23
1981-09-15 00:00:00+00:00,1981,ASO,26.49,-0.08
1981-10-15 00:00:00+00:00,1981,SON,26.38,-0.16
1981-11-15 00:00:00+00:00,1981,OND,26.34,-0.19
1981-12-15 00:00:00+00:00,1981,NDJ,26.4,-0.14
1982-01-15 00:00:00+00:00,1982,DJF,26.55,-0.05
1982-02-15 00:00:00+00:00,1982,JFM,26.83,0.02
1982-03-15 00:00:00+00:00,1982,FMA,27.23,0.07
1982-04-15 00:00:00+00:00,1982,MAM,27.82,0.34
1982-05-15 00:00:00+00:00,1982,AMJ,28.23,0.65
1982-06-15 00:00:00+00:00,1982,MJJ,28.12,0.73
1982-07-15 00:00:00+00:00,1982,JJA,27.82,0.78
1982-08-15 00:00:00+00:00,1982,JAS,27.72,0.99
1982-09-15 00:00:00+00:00,1982,ASO,28.02,1.45
1982-10-15 00:00:00+00:00,1982,SON,28.36,1.82
1982-11-15 00:00:00+00:00,1982,OND,28.56,2.03
1982-12-15 00:00:00+00:00,1982,NDJ,28.66,2.12
1983-01-15 00:00:00+00:00,1983,DJF,28.74,2.14
1983-02-15 00:00:00+00:00,1983,JFM,28.73,1.91
1983-03-15 00:00:00+00:00,1983,FMA,28.69,1.52
1983-04-15 00:00:00+00:00,1983,MAM,28.7,1.23
1983-05-15 00:00:00+00:00,1983,AMJ,28.53,0.95
1983-06-15 00:00:00+00:00,1983,MJJ,28.01,0.62
1983-07-15 00:00:00+00:00,1983,JJA,27.29,0.25
1983-08-15 00:00:00+00:00,1983,JAS,26.67,-0.06
1983-09-15 00:00:00+00:00,1983,ASO,26.14,-0.43
1983-10-15 00:00:00+00:00,1983,SON,25.78,-0.76
1983-11-15 00:00:00+00:00,1983,OND,25.56,-0.96
1983-12-15 00:00:00+00:00,1983,NDJ,25.65,-0.89
1984-01-15 00:00:00+00:00,1984,DJF,25.97,-0.63
1984-02-15 00:00:00+00:00,1984,JFM,26.3,-0.51
1984-03-15 00:00:00+00:00,1984,FMA,26.78,-0.38
1984-04-15 00:00:00+00:00,1984,MAM,27.0,-0.47
1984-05-15 00:00:00+00:00,1984,AMJ,27.04,-0.55
1984-06-15 00:00:00+00:00,1984,MJJ,26.87,-0.52
1984-07-15 00:00:00+00:00,1984,JJA,26.65,-0.39
1984-08-15 00:00:00+00:00,1984,JAS,26.51,-0.22
1984-09-15 00:00:00+00:00,1984,ASO,26.25,-0.32
1984-10-15 00:00:00+00:00,1984,SON,25.92,-0.62
1984-11-15 00:00:00+00:00,1984,OND,25.57,-0.95
1984-12-15 00:00:00+00:00,1984,NDJ,25.48,-1.06
1985-01-15 00:00:00+00:00,1985,DJF,25.59,-1.01
1985-02-15 00:00:00+00:00,1985,JFM,25.95,-0.86
1985-03-15 00:00:00+00:00,1985,FMA,26.31,-0.85
1985-04-15 00:00:00+00:00,1985,MAM,26.67,-0.8
1985-05-15 00:00:00+00:00,1985,AMJ,26.8,-0.79
1985-06-15 00:00:00+00:00,1985,MJJ,26.79,-0.6
1985-07-15 00:00:00+00:00,1985,JJA,26.6,-0.44
1985-08-15 00:00:00+00:00,1985,JAS,26.41,-0.33
1985-09-15 00:00:00+00:00,1985,ASO,26.26,-0.31
1985-10-15 00:00:00+00:00,1985,SON,26.24,-0.3
1985-11-15 00:00:00+00:00,1985,OND,26.25,-0.28
1985-12-15 00:00:00+00:00,1985,NDJ,26.15,-0.36
1986-01-15 00:00:00+00:00,1986,DJF,26.15,-0.4
1986-02-15 00:00:00+00:00,1986,JFM,26.38,-0.38
1986-03-15 00:00:00+00:00,1986,FMA,26.89,-0.25
1986-04-15 00:00:00+00:00,1986,MAM,27.31,-0.17
1986-05-15 00:00:00+00:00,1986,AMJ,27.5,-0.09
1986-06-15 00:00:00+00:00,1986,MJJ,27.42,0.02
1986-07-15 00:00:00+00:00,1986,JJA,27.29,0.24
1986-08-15 00:00:00+00:00,1986,JAS,27.22,0.46
1986-09-15 00:00:00+00:00,1986,ASO,27.24,0.64
1986-10-15 00:00:00+00:00,1986,SON,27.42,0.86
1986-11-15 00:00:00+00:00,1986,OND,27.57,1.06
1986-12-15 00:00:00+00:00,1986,NDJ,27.69,1.21
1987-01-15 00:00:00+00:00,1987,DJF,27.72,1.18
1987-02-15 00:00:00+00:00,1987,JFM,27.89,1.13
1987-03-15 00:00:00+00:00,1987,FMA,28.16,1.02
1987-04-15 00:00:00+00:00,1987,MAM,28.42,0.94
1987-05-15 00:00:00+00:00,1987,AMJ,28.53,0.95
1987-06-15 00:00:00+00:00,1987,MJJ,28.51,1.11
1987-07-15 00:00:00+00:00,1987,JJA,28.35,1.3
1987-08-15 00:00:00+00:00,1987,JAS,28.23,1.46
1987-09-15 00:00:00+00:00,1987,ASO,28.1,1.49
1987-10-15 00:00:00+00:00,1987,SON,27.97,1.41
1987-11-15 00:00:00+00:00,1987,OND,27.72,1.2
1987-12-15 00:00:00+00:00,1987,NDJ,27.49,1.0
1988-01-15 00:00:00+00:00,1988,DJF,27.17,0.63
1988-02-15 00:00:00+00:00,1988,JFM,27.13,0.37
1988-03-15 00:00:00+00:00,1988,FMA,27.11,-0.03
1988-04-15 00:00:00+00:00,1988,MAM,27.03,-0.45
1988-05-15 00:00:00+00:00,1988,AMJ,26.6,-0.99
1988-06-15 00:00:00+00:00,1988,MJJ,26.09,-1.3
1988-07-15 00:00:00+00:00,1988,JJA,25.75,-1.3
1988-08-15 00:00:00+00:00,1988,JAS,25.63,-1.14
1988-09-15 00:00:00+00:00,1988,ASO,25.34,-1.27
1988-10-15 00:00:00+00:00,1988,SON,25.01,-1.54
1988-11-15 00:00:00+00:00,1988,OND,24.7,-1.81
1988-12-15 00:00:00+00:00,1988,NDJ,24.64,-1.85
1989-01-15 00:00:00+00:00,1989,DJF,24.91,-1.64
1989-02-15 00:00:00+00:00,1989,JFM,25.39,-1.38
1989-03-15 00:00:00+00:00,1989,FMA,26.05,-1.09
1989-04-15 00:00:00+00:00,1989,MAM,26.63,-0.85
1989-05-15 00:00:00+00:00,1989,AMJ,26.98,-0.61
1989-06-15 00:00:00+00:00,1989,MJJ,27.0,-0.4
1989-07-15 00:00:00+00:00,1989,JJA,26.68,-0.37
1989-08-15 00:00:00+00:00,1989,JAS,26.41,-0.36
1989-09-15 00:00:00+00:00,1989,ASO,26.28,-0.33
1989-10-15 00:00:00+00:00,1989,SON,26.31,-0.25
1989-11-15 00:00:00+00:00,1989,OND,26.39,-0.12
1989-12-15 00:00:00+00:00,1989,NDJ,26.45,-0.04
1990-01-15 00:00:00+00:00,1990,DJF,26.73,0.18
1990-02-15 00:00:00+00:00,1990,JFM,26.95,0.19
1990-03-15 00:00:00+00:00,1990,FMA,27.44,0.3
1990-04-15 00:00:00+00:00,1990,MAM,27.75,0.27
1990-05-15 00:00:00+00:00,1990,AMJ,27.84,0.25
1990-06-15 00:00:00+00:00,1990,MJJ,27.65,0.25
1990-07-15 00:00:00+00:00,1990,JJA,27.31,0.26
1990-08-15 00:00:00+00:00,1990,JAS,27.08,0.32
1990-09-15 00:00:00+00:00,1990,ASO,26.92,0.31
1990-10-15 00:00:00+00:00,1990,SON,26.83,0.27
1990-11-15 00:00:00+00:00,1990,OND,26.82,0.31
1990-12-15 00:00:00+00:00,1990,NDJ,26.88,0.34
1991-01-15 00:00:00+00:00,1991,DJF,26.99,0.35
1991-02-15 00:00:00+00:00,1991,JFM,27.16,0.26
1991-03-15 00:00:00+00:00,1991,FMA,27.5,0.23
1991-04-15 00:00:00+00:00,1991,MAM,27.9,0.29
1991-05-15 00:00:00+00:00,1991,AMJ,28.21,0.49
1991-06-15 00:00:00+00:00,1991,MJJ,28.18,0.63
1991-07-15 00:00:00+00:00,1991,JJA,27.97,0.77
1991-08-15 00:00:00+00:00,1991,JAS,27.6,0.67
1991-09-15 00:00:00+00:00,1991,ASO,27.49,0.72
1991-10-15 00:00:00+00:00,1991,SON,27.57,0.83
1991-11-15 00:00:00+00:00,1991,OND,27.89,1.18
1991-12-15 00:00:00+00:00,1991,NDJ,28.09,1.43
1992-01-15 00:00:00+00:00,1992,DJF,28.24,1.54
1992-02-15 00:00:00+00:00,1992,JFM,28.4,1.5
1992-03-15 00:00:00+00:00,1992,FMA,28.67,1.4
1992-04-15 00:00:00+00:00,1992,MAM,28.91,1.3
1992-05-15 00:00:00+00:00,1992,AMJ,28.8,1.08
1992-06-15 00:00:00+00:00,1992,MJJ,28.27,0.72
1992-07-15 00:00:00+00:00,1992,JJA,27.55,0.35
1992-08-15 00:00:00+00:00,1992,JAS,27.0,0.08
1992-09-15 00:00:00+00:00,1992,ASO,26.63,-0.15
1992-10-15 00:00:00+00:00,1992,SON,26.52,-0.22
1992-11-15 00:00:00+00:00,1992,OND,26.47,-0.24
1992-12-15 00:00:00+00:00,1992,NDJ,26.62,-0.05
1993-01-15 00:00:00+00:00,1993,DJF,26.82,0.13
1993-02-15 00:00:00+00:00,1993,JFM,27.21,0.31
1993-03-15 00:00:00+00:00,1993,FMA,27.76,0.5
1993-04-15 00:00:00+00:00,1993,MAM,28.34,0.73
1993-05-15 00:00:00+00:00,1993,AMJ,28.48,0.76
1993-06-15 00:00:00+00:00,1993,MJJ,28.11,0.56
1993-07-15 00:00:00+00:00,1993,JJA,27.48,0.28
1993-08-15 00:00:00+00:00,1993,JAS,27.14,0.22
1993-09-15 00:00:00+00:00,1993,ASO,26.98,0.2
1993-10-15 00:00:00+00:00,1993,SON,26.95,0.2
1993-11-15 00:00:00+00:00,1993,OND,26.9,0.2
1993-12-15 00:00:00+00:00,1993,NDJ,26.85,0.19
1994-01-15 00:00:00+00:00,1994,DJF,26.77,0.07
1994-02-15 00:00:00+00:00,1994,JFM,26.9,0.0
1994-03-15 00:00:00+00:00,1994,FMA,27.31,0.04
1994-04-15 00:00:00+00:00,1994,MAM,27.78,0.17
1994-05-15 00:00:00+00:00,1994,AMJ,27.97,0.25
1994-06-15 00:00:00+00:00,1994,MJJ,27.78,0.23
1994-07-15 00:00:00+00:00,1994,JJA,27.51,0.3
1994-08-15 00:00:00+00:00,1994,JAS,27.22,0.3
1994-09-15 00:00:00+00:00,1994,ASO,27.25,0.47
1994-10-15 00:00:00+00:00,1994,SON,27.4,0.66
1994-11-15 00:00:00+00:00,1994,OND,27.64,0.93
1994-12-15 00:00:00+00:00,1994,NDJ,27.64,0.97
1995-01-15 00:00:00+00:00,1995,DJF,27.58,0.88
1995-02-15 00:00:00+00:00,1995,JFM,27.56,0.65
1995-03-15 00:00:00+00:00,1995,FMA,27.73,0.46
1995-04-15 00:00:00+00:00,1995,MAM,27.8,0.19
1995-05-15 00:00:00+00:00,1995,AMJ,27.75,0.03
1995-06-15 00:00:00+00:00,1995,MJJ,27.43,-0.11
1995-07-15 00:00:00+00:00,1995,JJA,26.91,-0.3
1995-08-15 00:00:00+00:00,1995,JAS,26.38,-0.55
1995-09-15 00:00:00+00:00,1995,ASO,25.97,-0.81
1995-10-15 00:00:00+00:00,1995,SON,25.78,-0.97
1995-11-15 00:00:00+00:00,1995,OND,25.66,-1.05
1995-12-15 00:00:00+00:00,1995,NDJ,25.64,-1.01
1996-01-15 00:00:00+00:00,1996,DJF,25.78,-0.88
1996-02-15 00:00:00+00:00,1996,JFM,26.15,-0.7
1996-03-15 00:00:00+00:00,1996,FMA,26.72,-0.52
1996-04-15 00:00:00+00:00,1996,MAM,27.25,-0.36
1996-05-15 00:00:00+00:00,1996,AMJ,27.48,-0.25
1996-06-15 00:00:00+00:00,1996,MJJ,27.3,-0.24
1996-07-15 00:00:00+00:00,1996,JJA,26.99,-0.22
1996-08-15 00:00:00+00:00,1996,JAS,26.65,-0.27
1996-09-15 00:00:00+00:00,1996,ASO,26.45,-0.3
1996-10-15 00:00:00+00:00,1996,SON,26.35,-0.33
1996-11-15 00:00:00+00:00,1996,OND,26.24,-0.39
1996-12-15 00:00:00+00:00,1996,NDJ,26.18,-0.41
1997-01-15 00:00:00+00:00,1997,DJF,26.23,-0.41
1997-02-15 00:00:00+00:00,1997,JFM,26.59,-0.26
1997-03-15 00:00:00+00:00,1997,FMA,27.21,-0.03
1997-04-15 00:00:00+00:00,1997,MAM,27.9,0.3
1997-05-15 00:00:00+00:00,1997,AMJ,28.44,0.71
1997-06-15 00:00:00+00:00,1997,MJJ,28.67,1.13
1997-07-15 00:00:00+00:00,1997,JJA,28.69,1.48
1997-08-15 00:00:00+00:00,1997,JAS,28.7,1.79
1997-09-15 00:00:00+00:00,1997,ASO,28.78,2.04
1997-10-15 00:00:00+00:00,1997,SON,28.92,2.24
1997-11-15 00:00:00+00:00,1997,OND,28.97,2.34
1997-12-15 00:00:00+00:00,1997,NDJ,28.96,2.37
1998-01-15 00:00:00+00:00,1998,DJF,28.85,2.22
1998-02-15 00:00:00+00:00,1998,JFM,28.76,1.91
1998-03-15 00:00:00+00:00,1998,FMA,28.64,1.4
1998-04-15 00:00:00+00:00,1998,MAM,28.63,1.03
1998-05-15 00:00:00+00:00,1998,AMJ,28.13,0.4
1998-06-15 00:00:00+00:00,1998,MJJ,27.46,-0.08
1998-07-15 00:00:00+00:00,1998,JJA,26.57,-0.63
1998-08-15 00:00:00+00:00,1998,JAS,26.08,-0.83
1998-09-15 00:00:00+00:00,1998,ASO,25.73,-1.02
1998-10-15 00:00:00+00:00,1998,SON,25.56,-1.12
1998-11-15 00:00:00+00:00,1998,OND,25.32,-1.31
1998-12-15 00:00:00+00:00,1998,NDJ,25.12,-1.47
1999-01-15 00:00:00+00:00,1999,DJF,25.12,-1.51
1999-02-15 00:00:00+00:00,1999,JFM,25.6,-1.25
1999-03-15 00:00:00+00:00,1999,FMA,26.31,-0.93
1999-04-15 00:00:00+00:00,1999,MAM,26.8,-0.8
1999-05-15 00:00:00+00:00,1999,AMJ,26.94,-0.79
1999-06-15 00:00:00+00:00,1999,MJJ,26.7,-0.84
1999-07-15 00:00:00+00:00,1999,JJA,26.3,-0.9
1999-08-15 00:00:00+00:00,1999,JAS,25.97,-0.94
1999-09-15 00:00:00+00:00,1999,ASO,25.75,-1.0
1999-10-15 00:00:00+00:00,1999,SON,25.55,-1.13
1999-11-15 00:00:00+00:00,1999,OND,25.27,-1.35
1999-12-15 00:00:00+00:00,1999,NDJ,25.06,-1.53
2000-01-15 00:00:00+00:00,2000,DJF,25.17,-1.47
2000-02-15 00:00:00+00:00,2000,JFM,25.59,-1.26
2000-03-15 00:00:00+00:00,2000,FMA,26.26,-0.98
2000-04-15 00:00:00+00:00,2000,MAM,26.79,-0.81
2000-05-15 00:00:00+00:00,2000,AMJ,27.06,-0.67
2000-06-15 00:00:00+00:00,2000,MJJ,26.92,-0.62
2000-07-15 00:00:00+00:00,2000,JJA,26.73,-0.48
2000-08-15 00:00:00+00:00,2000,JAS,26.52,-0.4
2000-09-15 00:00:00+00:00,2000,ASO,26.33,-0.42
2000-10-15 00:00:00+00:00,2000,SON,26.14,-0.54
2000-11-15 00:00:00+00:00,2000,OND,25.87,-0.76
2000-12-15 00:00:00+00:00,2000,NDJ,25.78,-0.78
2001-01-15 00:00:00+00:00,2001,DJF,25.82,-0.76
2001-02-15 00:00:00+00:00,2001,JFM,26.25,-0.54
2001-03-15 00:00:00+00:00,2001,FMA,26.79,-0.43
2001-04-15 00:00:00+00:00,2001,MAM,27.34,-0.29
2001-05-15 00:00:00+00:00,2001,AMJ,27.59,-0.19
2001-06-15 00:00:00+00:00,2001,MJJ,27.53,-0.08
2001-07-15 00:00:00+00:00,2001,JJA,27.24,-0.05
2001-08-15 00:00:00+00:00,2001,JAS,26.86,-0.13
2001-09-15 00:00:00+00:00,2001,ASO,26.67,-0.15
2001-10-15 00:00:00+00:00,2001,SON,26.52,-0.26
2001-11-15 00:00:00+00:00,2001,OND,26.4,-0.33
2001-12-15 00:00:00+00:00,2001,NDJ,26.32,-0.32
2002-01-15 00:00:00+00:00,2002,DJF,26.46,-0.15
2002-02-15 00:00:00+00:00,2002,JFM,26.86,0.07
2002-03-15 00:00:00+00:00,2002,FMA,27.34,0.11
2002-04-15 00:00:00+00:00,2002,MAM,27.78,0.15
2002-05-15 00:00:00+00:00,2002,AMJ,28.08,0.3
2002-06-15 00:00:00+00:00,2002,MJJ,28.05,0.45
2002-07-15 00:00:00+00:00,2002,JJA,27.85,0.57
2002-08-15 00:00:00+00:00,2002,JAS,27.62,0.63
2002-09-15 00:00:00+00:00,2002,ASO,27.6,0.78
2002-10-15 00:00:00+00:00,2002,SON,27.77,0.99
2002-11-15 00:00:00+00:00,2002,OND,27.92,1.19
2002-12-15 00:00:00+00:00,2002,NDJ,27.72,1.08
2003-01-15 00:00:00+00:00,2003,DJF,27.51,0.9
2003-02-15 00:00:00+00:00,2003,JFM,27.39,0.59
2003-03-15 00:00:00+00:00,2003,FMA,27.61,0.38
2003-04-15 00:00:00+00:00,2003,MAM,27.62,-0.01
2003-05-15 00:00:00+00:00,2003,AMJ,27.6,-0.18
2003-06-15 00:00:00+00:00,2003,MJJ,27.47,-0.13
2003-07-15 00:00:00+00:00,2003,JJA,27.38,0.09
2003-08-15 00:00:00+00:00,2003,JAS,27.13,0.14
2003-09-15 00:00:00+00:00,2003,ASO,27.05,0.23
2003-10-15 00:00:00+00:00,2003,SON,27.0,0.23
2003-11-15 00:00:00+00:00,2003,OND,27.02,0.29
2003-12-15 00:00:00+00:00,2003,NDJ,26.93,0.29
2004-01-15 00:00:00+00:00,2004,DJF,26.95,0.34
2004-02-15 00:00:00+00:00,2004,JFM,27.06,0.27
2004-03-15 00:00:00+00:00,2004,FMA,27.41,0.19
2004-04-15 00:00:00+00:00,2004,MAM,27.72,0.1
2004-05-15 00:00:00+00:00,2004,AMJ,27.9,0.12
2004-06-15 00:00:00+00:00,2004,MJJ,27.83,0.22
2004-07-15 00:00:00+00:00,2004,JJA,27.67,0.39
2004-08-15 00:00:00+00:00,2004,JAS,27.53,0.54
2004-09-15 00:00:00+00:00,2004,ASO,27.4,0.58
2004-10-15 00:00:00+00:00,2004,SON,27.38,0.61
2004-11-15 00:00:00+00:00,2004,OND,27.37,0.64
2004-12-15 00:00:00+00:00,2004,NDJ,27.34,0.71
2005-01-15 00:00:00+00:00,2005,DJF,27.23,0.62
2005-02-15 00:00:00+00:00,2005,JFM,27.35,0.55
2005-03-15 00:00:00+00:00,2005,FMA,27.62,0.4
2005-04-15 00:00:00+00:00,2005,MAM,27.99,0.37
2005-05-15 00:00:00+00:00,2005,AMJ,28.05,0.27
2005-06-15 00:00:00+00:00,2005,MJJ,27.7,0.09
2005-07-15 00:00:00+00:00,2005,JJA,27.24,-0.04
2005-08-15 00:00:00+00:00,2005,JAS,26.85,-0.14
2005-09-15 00:00:00+00:00,2005,ASO,26.71,-0.11
2005-10-15 00:00:00+00:00,2005,SON,26.5,-0.27
2005-11-15 00:00:00+00:00,2005,OND,26.16,-0.57
2005-12-15 00:00:00+00:00,2005,NDJ,25.86,-0.82
2006-01-15 00:00:00+00:00,2006,DJF,25.83,-0.86
2006-02-15 00:00:00+00:00,2006,JFM,26.11,-0.8
2006-03-15 00:00:00+00:00,2006,FMA,26.71,-0.63
2006-04-15 00:00:00+00:00,2006,MAM,27.28,-0.45
2006-05-15 00:00:00+00:00,2006,AMJ,27.69,-0.19
2006-06-15 00:00:00+00:00,2006,MJJ,27.63,-0.05
2006-07-15 00:00:00+00:00,2006,JJA,27.45,0.12
2006-08-15 00:00:00+00:00,2006,JAS,27.32,0.33
2006-09-15 00:00:00+00:00,2006,ASO,27.34,0.54
2006-10-15 00:00:00+00:00,2006,SON,27.47,0.71
2006-11-15 00:00:00+00:00,2006,OND,27.6,0.88
2006-12-15 00:00:00+00:00,2006,NDJ,27.55,0.88
2007-01-15 00:00:00+00:00,2007,DJF,27.3,0.62
2007-02-15 00:00:00+00:00,2007,JFM,27.1,0.19
2007-03-15 00:00:00+00:00,2007,FMA,27.22,-0.12
2007-04-15 00:00:00+00:00,2007,MAM,27.41,-0.32
2007-05-15 00:00:00+00:00,2007,AMJ,27.54,-0.34
2007-06-15 00:00:00+00:00,2007,MJJ,27.27,-0.41
2007-07-15 00:00:00+00:00,2007,JJA,26.84,-0.49
2007-08-15 00:00:00+00:00,2007,JAS,26.22,-0.77
2007-09-15 00:00:00+00:00,2007,ASO,25.75,-1.05
2007-10-15 00:00:00+00:00,2007,SON,25.38,-1.38
2007-11-15 00:00:00+00:00,2007,OND,25.15,-1.57
2007-12-15 00:00:00+00:00,2007,NDJ,24.95,-1.72
2008-01-15 00:00:00+00:00,2008,DJF,24.92,-1.76
2008-02-15 00:00:00+00:00,2008,JFM,25.29,-1.61
2008-03-15 00:00:00+00:00,2008,FMA,25.97,-1.37
2008-04-15 00:00:00+00:00,2008,MAM,26.69,-1.05
2008-05-15 00:00:00+00:00,2008,AMJ,27.03,-0.85
2008-06-15 00:00:00+00:00,2008,MJJ,27.13,-0.56
2008-07-15 00:00:00+00:00,2008,JJA,26.99,-0.33
2008-08-15 00:00:00+00:00,2008,JAS,26.78,-0.2
2008-09-15 00:00:00+00:00,2008,ASO,26.55,-0.25
2008-10-15 00:00:00+00:00,2008,SON,26.4,-0.36
2008-11-15 00:00:00+00:00,2008,OND,26.15,-0.57
2008-12-15 00:00:00+00:00,2008,NDJ,25.87,-0.79
2009-01-15 00:00:00+00:00,2009,DJF,25.79,-0.89
2009-02-15 00:00:00+00:00,2009,JFM,26.07,-0.84
2009-03-15 00:00:00+00:00,2009,FMA,26.71,-0.63
2009-04-15 00:00:00+00:00,2009,MAM,27.38,-0.35
2009-05-15 00:00:00+00:00,2009,AMJ,27.91,0.03
2009-06-15 00:00:00+00:00,2009,MJJ,28.03,0.34
2009-07-15 00:00:00+00:00,2009,JJA,27.82,0.5
2009-08-15 00:00:00+00:00,2009,JAS,27.55,0.56
2009-09-15 00:00:00+00:00,2009,ASO,27.46,0.66
2009-10-15 00:00:00+00:00,2009,SON,27.68,0.92
2009-11-15 00:00:00+00:00,2009,OND,28.02,1.31
2009-12-15 00:00:00+00:00,2009,NDJ,28.16,1.5
2010-01-15 00:00:00+00:00,2010,DJF,28.15,1.47
2010-02-15 00:00:00+00:00,2010,JFM,28.11,1.21
2010-03-15 00:00:00+00:00,2010,FMA,28.22,0.88
2010-04-15 00:00:00+00:00,2010,MAM,28.11,0.38
2010-05-15 00:00:00+00:00,2010,AMJ,27.72,-0.16
2010-06-15 00:00:00+00:00,2010,MJJ,27.03,-0.66
2010-07-15 00:00:00+00:00,2010,JJA,26.34,-0.98
2010-08-15 00:00:00+00:00,2010,JAS,25.74,-1.24
2010-09-15 00:00:00+00:00,2010,ASO,25.37,-1.43
2010-10-15 00:00:00+00:00,2010,SON,25.21,-1.54
2010-11-15 00:00:00+00:00,2010,OND,25.14,-1.57
2010-12-15 00:00:00+00:00,2010,NDJ,25.14,-1.48
2011-01-15 00:00:00+00:00,2011,DJF,25.28,-1.29
2011-02-15 00:00:00+00:00,2011,JFM,25.72,-1.06
2011-03-15 00:00:00+00:00,2011,FMA,26.37,-0.85
2011-04-15 00:00:00+00:00,2011,MAM,26.95,-0.68
2011-05-15 00:00:00+00:00,2011,AMJ,27.29,-0.5
2011-06-15 00:00:00+00:00,2011,MJJ,27.29,-0.34
2011-07-15 00:00:00+00:00,2011,JJA,26.92,-0.37
2011-08-15 00:00:00+00:00,2011,JAS,26.45,-0.5
2011-09-15 00:00:00+00:00,2011,ASO,26.0,-0.76
2011-10-15 00:00:00+00:00,2011,SON,25.77,-0.94
2011-11-15 00:00:00+00:00,2011,OND,25.63,-1.02
2011-12-15 00:00:00+00:00,2011,NDJ,25.64,-0.92
2012-01-15 00:00:00+00:00,2012,DJF,25.84,-0.71
2012-02-15 00:00:00+00:00,2012,JFM,26.22,-0.56
2012-03-15 00:00:00+00:00,2012,FMA,26.79,-0.44
2012-04-15 00:00:00+00:00,2012,MAM,27.29,-0.35
2012-05-15 00:00:00+00:00,2012,AMJ,27.62,-0.18
2012-06-15 00:00:00+00:00,2012,MJJ,27.66,0.03
2012-07-15 00:00:00+00:00,2012,JJA,27.57,0.28
2012-08-15 00:00:00+00:00,2012,JAS,27.35,0.39
2012-09-15 00:00:00+00:00,2012,ASO,27.13,0.37
2012-10-15 00:00:00+00:00,2012,SON,26.99,0.28
2012-11-15 00:00:00+00:00,2012,OND,26.78,0.13
2012-12-15 00:00:00+00:00,2012,NDJ,26.53,-0.03
2013-01-15 00:00:00+00:00,2013,DJF,26.3,-0.24
2013-02-15 00:00:00+00:00,2013,JFM,26.5,-0.28
2013-03-15 00:00:00+00:00,2013,FMA,27.0,-0.23
2013-04-15 00:00:00+00:00,2013,MAM,27.43,-0.2
2013-05-15 00:00:00+00:00,2013,AMJ,27.49,-0.3
2013-06-15 00:00:00+00:00,2013,MJJ,27.24,-0.38
2013-07-15 00:00:00+00:00,2013,JJA,26.84,-0.45
2013-08-15 00:00:00+00:00,2013,JAS,26.61,-0.34
2013-09-15 00:00:00+00:00,2013,ASO,26.45,-0.32
2013-10-15 00:00:00+00:00,2013,SON,26.57,-0.14
2013-11-15 00:00:00+00:00,2013,OND,26.53,-0.12
2013-12-15 00:00:00+00:00,2013,NDJ,26.45,-0.11
2014-01-15 00:00:00+00:00,2014,DJF,26.31,-0.24
2014-02-15 00:00:00+00:00,2014,JFM,26.57,-0.21
2014-03-15 00:00:00+00:00,2014,FMA,27.21,-0.02
2014-04-15 00:00:00+00:00,2014,MAM,27.88,0.25
2014-05-15 00:00:00+00:00,2014,AMJ,28.14,0.35
2014-06-15 00:00:00+00:00,2014,MJJ,27.84,0.22
2014-07-15 00:00:00+00:00,2014,JJA,27.36,0.07
2014-08-15 00:00:00+00:00,2014,JAS,27.03,0.07
2014-09-15 00:00:00+00:00,2014,ASO,27.0,0.24
2014-10-15 00:00:00+00:00,2014,SON,27.22,0.51
2014-11-15 00:00:00+00:00,2014,OND,27.35,0.7
2014-12-15 00:00:00+00:00,2014,NDJ,27.36,0.8
2015-01-15 00:00:00+00:00,2015,DJF,27.28,0.73
2015-02-15 00:00:00+00:00,2015,JFM,27.43,0.65
2015-03-15 00:00:00+00:00,2015,FMA,27.95,0.72
2015-04-15 00:00:00+00:00,2015,MAM,28.49,0.86
2015-05-15 00:00:00+00:00,2015,AMJ,28.83,1.04
2015-06-15 00:00:00+00:00,2015,MJJ,28.82,1.19
2015-07-15 00:00:00+00:00,2015,JJA,28.73,1.44
2015-08-15 00:00:00+00:00,2015,JAS,28.69,1.73
2015-09-15 00:00:00+00:00,2015,ASO,28.79,2.02
2015-10-15 00:00:00+00:00,2015,SON,28.99,2.28
2015-11-15 00:00:00+00:00,2015,OND,29.1,2.45
2015-12-15 00:00:00+00:00,2015,NDJ,29.15,2.59
2016-01-15 00:00:00+00:00,2016,DJF,29.05,2.5
2016-02-15 00:00:00+00:00,2016,JFM,28.99,2.21
2016-03-15 00:00:00+00:00,2016,FMA,28.92,1.69
2016-04-15 00:00:00+00:00,2016,MAM,28.74,1.11
2016-05-15 00:00:00+00:00,2016,AMJ,28.37,0.57
2016-06-15 00:00:00+00:00,2016,MJJ,27.72,0.09
2016-07-15 00:00:00+00:00,2016,JJA,27.1,-0.19
2016-08-15 00:00:00+00:00,2016,JAS,26.62,-0.34
2016-09-15 00:00:00+00:00,2016,ASO,26.34,-0.42
2016-10-15 00:00:00+00:00,2016,SON,26.2,-0.51
2016-11-15 00:00:00+00:00,2016,OND,26.16,-0.49
2016-12-15 00:00:00+00:00,2016,NDJ,26.19,-0.37
2017-01-15 00:00:00+00:00,2017,DJF,26.47,-0.08
2017-02-15 00:00:00+00:00,2017,JFM,26.86,0.08
2017-03-15 00:00:00+00:00,2017,FMA,27.5,0.27
2017-04-15 00:00:00+00:00,2017,MAM,27.95,0.32
2017-05-15 00:00:00+00:00,2017,AMJ,28.15,0.35
2017-06-15 00:00:00+00:00,2017,MJJ,27.94,0.32
2017-07-15 00:00:00+00:00,2017,JJA,27.43,0.14
2017-08-15 00:00:00+00:00,2017,JAS,26.89,-0.07
2017-09-15 00:00:00+00:00,2017,ASO,26.54,-0.23
2017-10-15 00:00:00+00:00,2017,SON,26.27,-0.44
2017-11-15 00:00:00+00:00,2017,OND,26.04,-0.61
2017-12-15 00:00:00+00:00,2017,NDJ,25.8,-0.76
2018-01-15 00:00:00+00:00,2018,DJF,25.83,-0.71
2018-02-15 00:00:00+00:00,2018,JFM,26.11,-0.67
2018-03-15 00:00:00+00:00,2018,FMA,26.68,-0.55
2018-04-15 00:00:00+00:00,2018,MAM,27.28,-0.35
2018-05-15 00:00:00+00:00,2018,AMJ,27.72,-0.07
2018-06-15 00:00:00+00:00,2018,MJJ,27.76,0.13
2018-07-15 00:00:00+00:00,2018,JJA,27.49,0.2
2018-08-15 00:00:00+00:00,2018,JAS,27.25,0.3
2018-09-15 00:00:00+00:00,2018,ASO,27.28,0.52
2018-10-15 00:00:00+00:00,2018,SON,27.53,0.82
2018-11-15 00:00:00+00:00,2018,OND,27.69,1.04
2018-12-15 00:00:00+00:00,2018,NDJ,27.61,1.05
2019-01-15 00:00:00+00:00,2019,DJF,27.54,0.99
2019-02-15 00:00:00+00:00,2019,JFM,27.72,0.94
2019-03-15 00:00:00+00:00,2019,FMA,28.1,0.87
2019-04-15 00:00:00+00:00,2019,MAM,28.45,0.82
2019-05-15 00:00:00+00:00,2019,AMJ,28.5,0.71
2019-06-15 00:00:00+00:00,2019,MJJ,28.21,0.59
2019-07-15 00:00:00+00:00,2019,JJA,27.67,0.38
2019-08-15 00:00:00+00:00,2019,JAS,27.16,0.2
2019-09-15 00:00:00+00:00,2019,ASO,27.07,0.31
2019-10-15 00:00:00+00:00,2019,SON,27.22,0.51
2019-11-15 00:00:00+00:00,2019,OND,27.37,0.72
2019-12-15 00:00:00+00:00,2019,NDJ,27.31,0.75
2020-01-15 00:00:00+00:00,2020,DJF,27.25,0.71
2020-02-15 00:00:00+00:00,2020,JFM,27.44,0.66
2020-03-15 00:00:00+00:00,2020,FMA,27.8,0.57
2020-04-15 00:00:00+00:00,2020,MAM,27.97,0.33
2020-05-15 00:00:00+00:00,2020,AMJ,27.83,0.04
2020-06-15 00:00:00+00:00,2020,MJJ,27.45,-0.18
2020-07-15 00:00:00+00:00,2020,JJA,27.0,-0.29
2020-08-15 00:00:00+00:00,2020,JAS,26.52,-0.43
2020-09-15 00:00:00+00:00,2020,ASO,25.99,-0.77
2020-10-15 00:00:00+00:00,2020,SON,25.71,-1.0
2020-11-15 00:00:00+00:00,2020,OND,25.54,-1.11
2020-12-15 00:00:00+00:00,2020,NDJ,25.5,-1.06
2021-01-15 00:00:00+00:00,2021,DJF,25.55,-0.99
2021-02-15 00:00:00+00:00,2021,JFM,25.92,-0.85
2021-03-15 00:00:00+00:00,2021,FMA,26.48,-0.74
2021-04-15 00:00:00+00:00,2021,MAM,27.07,-0.56
2021-05-15 00:00:00+00:00,2021,AMJ,27.39,-0.4
2021-06-15 00:00:00+00:00,2021,MJJ,27.31,-0.31
2021-07-15 00:00:00+00:00,2021,JJA,26.95,-0.35
2021-08-15 00:00:00+00:00,2021,JAS,26.49,-0.46
2021-09-15 00:00:00+00:00,2021,ASO,26.13,-0.64
2021-10-15 00:00:00+00:00,2021,SON,25.94,-0.77
2021-11-15 00:00:00+00:00,2021,OND,25.74,-0.91
2021-12-15 00:00:00+00:00,2021,NDJ,25.73,-0.83
2022-01-15 00:00:00+00:00,2022,DJF,25.79,-0.76
2022-02-15 00:00:00+00:00,2022,JFM,26.09,-0.68
2022-03-15 00:00:00+00:00,2022,FMA,26.46,-0.77
2022-04-15 00:00:00+00:00,2022,MAM,26.77,-0.86
2022-05-15 00:00:00+00:00,2022,AMJ,26.96,-0.83
2022-06-15 00:00:00+00:00,2022,MJJ,26.9,-0.73
2022-07-15 00:00:00+00:00,2022,JJA,26.59,-0.7
2022-08-15 00:00:00+00:00,2022,JAS,26.18,-0.78
2022-09-15 00:00:00+00:00,2022,ASO,25.89,-0.87
2022-10-15 00:00:00+00:00,2022,SON,25.82,-0.89
2022-11-15 00:00:00+00:00,2022,OND,25.83,-0.82
2022-12-15 00:00:00+00:00,2022,NDJ,25.86,-0.7
2023-01-15 00:00:00+00:00,2023,DJF,26.0,-0.55
2023-02-15 00:00:00+00:00,2023,JFM,26.45,-0.33
2023-03-15 00:00:00+00:00,2023,FMA,27.12,-0.11
2023-04-15 00:00:00+00:00,2023,MAM,27.82,0.19
2023-05-15 00:00:00+00:00,2023,AMJ,28.25,0.46
2023-06-15 00:00:00+00:00,2023,MJJ,28.36,0.73
2023-07-15 00:00:00+00:00,2023,JJA,28.29,1.0
2023-08-15 00:00:00+00:00,2023,JAS,28.21,1.25
2023-09-15 00:00:00+00:00,2023,ASO,28.26,1.5
2023-10-15 00:00:00+00:00,2023,SON,28.45,1.74
2023-11-15 00:00:00+00:00,2023,OND,28.55,1.9
2023-12-15 00:00:00+00:00,2023,NDJ,28.55,1.99
2024-01-15 00:00:00+00:00,2024,DJF,28.38,1.84
2024-02-15 00:00:00+00:00,2024,JFM,28.3,1.53
2024-03-15 00:00:00+00:00,2024,FMA,28.4,1.18
2024-04-15 00:00:00+00:00,2024,MAM,28.4,0.77
2024-05-15 00:00:00+00:00,2024,AMJ,28.23,0.43
2024-06-15 00:00:00+00:00,2024,MJJ,27.8,0.18
2024-07-15 00:00:00+00:00,2024,JJA,27.35,0.06
2024-08-15 00:00:00+00:00,2024,JAS,26.92,-0.04
2024-09-15 00:00:00+00:00,2024,ASO,26.64,-0.12
2024-10-15 00:00:00+00:00,2024,SON,26.52,-0.19
2024-11-15 00:00:00+00:00,2024,OND,26.35,-0.29
2024-12-15 00:00:00+00:00,2024,NDJ,26.13,-0.43
2025-01-15 00:00:00+00:00,2025,DJF,26.09,-0.46
2025-02-15 00:00:00+00:00,2025,JFM,26.56,-0.22
2025-03-15 00:00:00+00:00,2025,FMA,27.15,-0.08
2025-04-15 00:00:00+00:00,2025,MAM,27.65,0.02
2025-05-15 00:00:00+00:00,2025,AMJ,27.76,-0.04
2025-06-15 00:00:00+00:00,2025,MJJ,27.61,-0.02
2025-07-15 00:00:00+00:00,2025,JJA,27.18,-0.11
2025-08-15 00:00:00+00:00,2025,JAS,26.7,-0.26
2025-09-15 00:00:00+00:00,2025,ASO,26.33,-0.43
2025-10-15 00:00:00+00:00,2025,SON,26.14,-0.57
2025-11-15 00:00:00+00:00,2025,OND,26.04,-0.61
2025-12-15 00:00:00+00:00,2025,NDJ,25.96,-0.6
2026-01-15 00:00:00+00:00,2026,DJF,26.15,-0.39
2026-02-15 00:00:00+00:00,2026,JFM,26.57,-0.21
2026-03-15 00:00:00+00:00,2026,FMA,27.34,0.11
2026-04-15 00:00:00+00:00,2026,MAM,28.09,0.46
2026-05-15 00:00:00+00:00,2026,AMJ,28.74,0.95
2026-06-15 00:00:00+00:00,2026,MJJ,29.02,1.39
