year,monthly_count,reconstructed_annual_mm,official_annual_mm,difference_mm
1836,12,1437.000000,1436.900000,0.100000
1837,12,1227.100000,1227.000000,0.100000
1838,12,1259.900000,1259.900000,0.000000
1839,12,1542.500000,1542.500000,0.000000
1840,12,1185.400000,1185.600000,-0.200000
1841,12,1638.100000,1638.200000,-0.100000
1842,12,1243.200000,1243.100000,0.100000
1843,12,1259.900000,1259.800000,0.100000
1844,12,959.400000,959.500000,-0.100000
1845,12,1206.400000,1206.500000,-0.100000
1846,12,1254.900000,1255.000000,-0.100000
1847,12,1297.000000,1297.000000,0.000000
1848,12,1526.900000,1526.900000,0.000000
1849,12,1201.400000,1201.500000,-0.100000
1850,12,1084.300000,1084.300000,0.000000
1851,12,1199.100000,1199.100000,0.000000
1852,12,1783.200000,1783.400000,-0.200000
1853,12,1148.000000,1148.100000,-0.100000
1854,12,999.700000,999.500000,0.200000
1855,12,941.900000,941.900000,0.000000
1856,12,1194.400000,1194.300000,0.100000
1857,12,1176.000000,1176.000000,0.000000
1858,12,1090.100000,1090.100000,0.000000
1859,12,1398.600000,1398.600000,0.000000
1860,12,1495.800000,1495.900000,-0.100000
1861,12,1273.900000,1273.900000,-0.000000
1862,12,1354.800000,1354.800000,0.000000
1863,12,1280.100000,1280.000000,0.100000
1864,12,1026.500000,1026.400000,0.100000
1865,12,1223.300000,1223.100000,0.200000
1866,12,1457.700000,1457.800000,-0.100000
1867,12,1267.600000,1267.400000,0.200000
1868,12,1325.600000,1325.500000,0.100000
1869,12,1399.300000,1399.200000,0.100000
1870,12,1166.600000,1166.500000,0.100000
1871,12,1238.000000,1238.000000,0.000000
1872,12,1986.400000,1986.400000,0.000000
1873,12,1189.700000,1189.700000,0.000000
1874,12,1366.700000,1366.800000,-0.100000
1875,12,1446.100000,1446.100000,0.000000
1876,12,1479.600000,1479.500000,0.100000
1877,12,1723.400000,1723.500000,-0.100000
1878,12,1341.100000,1341.000000,0.100000
1879,12,1327.200000,1327.300000,-0.100000
1880,12,1348.200000,1348.100000,0.100000
1881,12,1299.900000,1299.900000,0.000000
1882,12,1699.300000,1699.400000,-0.100000
1883,12,1409.700000,1409.700000,0.000000
1884,12,1300.500000,1300.300000,0.200000
1885,12,1327.000000,1327.100000,-0.100000
1886,12,1543.500000,1543.600000,-0.100000
1887,12,962.100000,962.100000,0.000000
1888,12,1248.500000,1248.400000,0.100000
1889,12,1108.800000,1109.000000,-0.200000
1890,12,1174.800000,1174.800000,0.000000
1891,12,1516.700000,1516.800000,-0.100000
1892,12,1096.300000,1096.100000,0.200000
1893,12,1110.700000,1110.600000,0.100000
1894,12,1410.400000,1410.300000,0.100000
1895,12,1163.700000,1163.700000,0.000000
1896,12,1177.300000,1177.200000,0.100000
1897,12,1375.900000,1375.900000,0.000000
1898,12,1240.900000,1240.800000,0.100000
1899,12,1237.500000,1237.500000,0.000000
1900,12,1391.900000,1391.900000,0.000000
1901,12,1186.700000,1186.600000,0.100000
1902,12,1068.700000,1068.600000,0.100000
1903,12,1757.100000,1757.300000,-0.200000
1904,12,1180.500000,1180.500000,0.000000
1905,12,1112.900000,1112.900000,-0.000000
1906,12,1326.600000,1326.600000,0.000000
1907,12,1292.100000,1292.000000,0.100000
1908,12,1270.100000,1270.000000,0.100000
1909,12,1268.100000,1268.200000,-0.100000
1910,12,1514.400000,1514.500000,-0.100000
1911,12,1286.100000,1286.000000,0.100000
1912,12,1543.400000,1543.500000,-0.100000
1913,12,1411.400000,1411.400000,0.000000
1914,12,1438.400000,1438.300000,0.100000
1915,12,1340.100000,1340.200000,-0.100000
1916,12,1377.100000,1376.900000,0.200000
1917,12,1252.600000,1252.600000,0.000000
1918,12,1487.100000,1486.900000,0.200000
1919,12,1272.300000,1272.200000,0.100000
1920,12,1617.300000,1617.300000,0.000000
1921,12,1066.400000,1066.500000,-0.100000
1922,12,1305.600000,1305.400000,0.200000
1923,12,1558.300000,1558.500000,-0.200000
1924,12,1567.100000,1567.100000,0.000000
1925,12,1367.900000,1367.800000,0.100000
1926,12,1295.800000,1295.800000,0.000000
1927,12,1569.900000,1570.100000,-0.200000
1928,12,1647.800000,1647.800000,0.000000
1929,12,1438.300000,1438.300000,0.000000
1930,12,1572.200000,1572.100000,0.100000
1931,12,1449.000000,1449.000000,0.000000
1932,12,1373.400000,1373.400000,0.000000
1933,12,993.200000,993.200000,0.000000
1934,12,1286.300000,1286.300000,0.000000
1935,12,1407.900000,1407.900000,0.000000
1936,12,1392.000000,1392.100000,-0.100000
1937,12,1189.000000,1189.000000,0.000000
1938,12,1413.700000,1413.700000,0.000000
1939,12,1455.500000,1455.600000,-0.100000
1940,12,1298.000000,1298.000000,0.000000
1941,12,1123.800000,1123.700000,0.100000
1942,12,1259.000000,1258.900000,0.100000
1943,12,1374.500000,1374.500000,0.000000
1944,12,1328.000000,1328.100000,-0.100000
1945,12,1259.300000,1259.400000,-0.100000
1946,12,1564.500000,1564.500000,0.000000
1947,12,1247.600000,1247.700000,-0.100000
1948,12,1556.000000,1556.100000,-0.100000
1949,12,1233.700000,1233.700000,0.000000
1950,12,1567.400000,1567.300000,0.100000
1951,12,1541.200000,1541.100000,0.100000
1952,12,1295.900000,1295.900000,0.000000
1953,12,1185.700000,1185.700000,0.000000
1954,12,1766.200000,1766.100000,0.100000
1955,12,1152.400000,1152.500000,-0.100000
1956,12,1186.300000,1186.400000,-0.100000
1957,12,1475.700000,1475.700000,-0.000000
1958,12,1490.500000,1490.500000,0.000000
1959,12,1355.800000,1355.900000,-0.100000
1960,12,1721.400000,1721.300000,0.100000
1961,12,1364.600000,1364.500000,0.100000
1962,12,1259.600000,1259.600000,0.000000
1963,12,1234.200000,1234.300000,-0.100000
1964,12,1115.800000,1115.900000,-0.100000
1965,12,1497.000000,1497.100000,-0.100000
1966,12,1508.700000,1508.800000,-0.100000
1967,12,1593.500000,1593.500000,0.000000
1968,12,1365.600000,1365.700000,-0.100000
1969,12,1272.100000,1272.000000,0.100000
1970,12,1472.400000,1472.400000,0.000000
1971,12,1192.100000,1192.100000,0.000000
1972,12,1413.900000,1413.800000,0.100000
1973,12,1147.300000,1147.400000,-0.100000
1974,12,1613.500000,1613.700000,-0.200000
1975,12,1122.200000,1122.200000,0.000000
1976,12,1126.400000,1126.300000,0.100000
1977,12,1462.300000,1462.500000,-0.200000
1978,12,1277.300000,1277.400000,-0.100000
1979,12,1494.600000,1494.800000,-0.200000
1980,12,1461.000000,1461.000000,0.000000
1981,12,1538.500000,1538.500000,0.000000
1982,12,1549.600000,1549.600000,0.000000
1983,12,1409.500000,1409.600000,-0.100000
1984,12,1333.700000,1333.600000,0.100000
1985,12,1408.400000,1408.400000,0.000000
1986,12,1568.700000,1568.800000,-0.100000
1987,12,1362.400000,1362.500000,-0.100000
1988,12,1480.700000,1480.800000,-0.100000
1989,12,1348.800000,1348.800000,0.000000
1990,12,1390.700000,1390.700000,0.000000
1991,12,1297.100000,1297.000000,0.100000
1992,12,1469.800000,1469.900000,-0.100000
1993,12,1428.400000,1428.300000,0.100000
1994,12,1634.300000,1634.400000,-0.100000
1995,12,1248.900000,1249.000000,-0.100000
1996,12,1197.000000,1196.900000,0.100000
1997,12,1314.500000,1314.500000,0.000000
1998,12,1714.800000,1714.900000,-0.100000
1999,12,1640.700000,1640.700000,0.000000
2000,12,1886.000000,1885.900000,0.100000
2001,12,1349.000000,1349.000000,0.000000
2002,12,1629.200000,1629.200000,-0.000000
2003,12,1136.800000,1137.000000,-0.200000
2004,12,1486.200000,1486.200000,0.000000
2005,12,1303.800000,1303.800000,0.000000
2006,12,1470.400000,1470.600000,-0.200000
2007,12,1485.900000,1485.900000,0.000000
2008,12,1665.400000,1665.400000,0.000000
2009,12,1496.800000,1496.800000,0.000000
2010,12,1129.000000,1128.900000,0.100000
2011,12,1288.700000,1288.600000,0.100000
2012,12,1702.400000,1702.400000,0.000000
2013,12,1343.100000,1343.100000,0.000000
2014,12,1551.000000,1551.000000,0.000000
2015,12,1568.500000,1568.600000,-0.100000
2016,12,1371.000000,1371.000000,0.000000
2017,12,1415.600000,1415.400000,0.200000
2018,12,1367.300000,1367.200000,0.100000
2019,12,1604.500000,1604.600000,-0.100000
2020,12,1746.700000,1746.700000,0.000000
2021,12,1497.700000,1497.500000,0.200000
2022,12,1293.500000,1293.400000,0.100000
2023,12,1725.400000,1725.300000,0.100000
2024,12,1647.200000,1647.300000,-0.100000
2025,12,1446.400000,1446.300000,0.100000
