period,start_date,end_date,start_year,end_year,months,rainfall_total_mm,status,reference_1991_2020_august_june_mm,percentage_of_partial_reference,wetness_rank
1836-08 to 1837-06,1836-08-01,1837-06-01,1836,1837,11,1221.000000,published-inputs,1366.173333,89.373725,111
1837-08 to 1838-06,1837-08-01,1838-06-01,1837,1838,11,1185.900000,published-inputs,1366.173333,86.804505,127
1838-08 to 1839-06,1838-08-01,1839-06-01,1838,1839,11,1183.400000,published-inputs,1366.173333,86.621512,129
1839-08 to 1840-06,1839-08-01,1840-06-01,1839,1840,11,1273.000000,published-inputs,1366.173333,93.179977,91
1840-08 to 1841-06,1840-08-01,1841-06-01,1840,1841,11,1165.600000,published-inputs,1366.173333,85.318603,141
1841-08 to 1842-06,1841-08-01,1842-06-01,1841,1842,11,1462.600000,published-inputs,1366.173333,107.058158,33
1842-08 to 1843-06,1842-08-01,1843-06-01,1842,1843,11,1195.000000,published-inputs,1366.173333,87.470599,124
1843-08 to 1844-06,1843-08-01,1844-06-01,1843,1844,11,988.800000,published-inputs,1366.173333,72.377346,179
1844-08 to 1845-06,1844-08-01,1845-06-01,1844,1845,11,929.400000,published-inputs,1366.173333,68.029435,184
1845-08 to 1846-06,1845-08-01,1846-06-01,1845,1846,11,1227.000000,published-inputs,1366.173333,89.812908,107
1846-08 to 1847-06,1846-08-01,1847-06-01,1846,1847,11,1077.000000,published-inputs,1366.173333,78.833335,158
1847-08 to 1848-06,1847-08-01,1848-06-01,1847,1848,11,1404.500000,published-inputs,1366.173333,102.805403,45
1848-08 to 1849-06,1848-08-01,1849-06-01,1848,1849,11,1211.100000,published-inputs,1366.173333,88.649073,115
1849-08 to 1850-06,1849-08-01,1850-06-01,1849,1850,11,1090.500000,published-inputs,1366.173333,79.821497,154
1850-08 to 1851-06,1850-08-01,1851-06-01,1850,1851,11,1217.500000,published-inputs,1366.173333,89.117535,113
1851-08 to 1852-06,1851-08-01,1852-06-01,1851,1852,11,1045.100000,published-inputs,1366.173333,76.498346,168
1852-08 to 1853-06,1852-08-01,1853-06-01,1852,1853,11,1572.400000,published-inputs,1366.173333,115.095205,10
1853-08 to 1854-06,1853-08-01,1854-06-01,1853,1854,11,898.200000,published-inputs,1366.173333,65.745684,186
1854-08 to 1855-06,1854-08-01,1855-06-01,1854,1855,11,825.200000,published-inputs,1366.173333,60.402292,190
1855-08 to 1856-06,1855-08-01,1856-06-01,1855,1856,11,957.100000,published-inputs,1366.173333,70.056996,181
1856-08 to 1857-06,1856-08-01,1857-06-01,1856,1857,11,1205.400000,published-inputs,1366.173333,88.231850,118
1857-08 to 1858-06,1857-08-01,1858-06-01,1857,1858,11,891.300000,published-inputs,1366.173333,65.240623,187
1858-08 to 1859-06,1858-08-01,1859-06-01,1858,1859,11,1128.600000,published-inputs,1366.173333,82.610308,148
1859-08 to 1860-06,1859-08-01,1860-06-01,1859,1860,11,1474.700000,published-inputs,1366.173333,107.943843,30
1860-08 to 1861-06,1860-08-01,1861-06-01,1860,1861,11,1169.400000,published-inputs,1366.173333,85.596752,139
1861-08 to 1862-06,1861-08-01,1862-06-01,1861,1862,11,1269.300000,published-inputs,1366.173333,92.909148,92
1862-08 to 1863-06,1862-08-01,1863-06-01,1862,1863,11,1083.000000,published-inputs,1366.173333,79.272518,155
1863-08 to 1864-06,1863-08-01,1864-06-01,1863,1864,11,1200.200000,published-inputs,1366.173333,87.851224,121
1864-08 to 1865-06,1864-08-01,1865-06-01,1864,1865,11,1059.600000,published-inputs,1366.173333,77.559704,165
1865-08 to 1866-06,1865-08-01,1866-06-01,1865,1866,11,1284.100000,published-inputs,1366.173333,93.992466,84
1866-08 to 1867-06,1866-08-01,1867-06-01,1866,1867,11,1378.100000,published-inputs,1366.173333,100.872998,55
1867-08 to 1868-06,1867-08-01,1868-06-01,1867,1868,11,1032.500000,published-inputs,1366.173333,75.576062,171
1868-08 to 1869-06,1868-08-01,1869-06-01,1868,1869,11,1404.400000,published-inputs,1366.173333,102.798083,46
1869-08 to 1870-06,1869-08-01,1870-06-01,1869,1870,11,1160.600000,published-inputs,1366.173333,84.952617,143
1870-08 to 1871-06,1870-08-01,1871-06-01,1870,1871,11,1180.000000,published-inputs,1366.173333,86.372642,134
1871-08 to 1872-06,1871-08-01,1872-06-01,1871,1872,11,1410.600000,published-inputs,1366.173333,103.251906,43
1872-08 to 1873-06,1872-08-01,1873-06-01,1872,1873,11,1538.800000,published-inputs,1366.173333,112.635781,18
1873-08 to 1874-06,1873-08-01,1874-06-01,1873,1874,11,1039.200000,published-inputs,1366.173333,76.066483,170
1874-08 to 1875-06,1874-08-01,1875-06-01,1874,1875,11,1354.600000,published-inputs,1366.173333,99.152865,63
1875-08 to 1876-06,1875-08-01,1876-06-01,1875,1876,11,1275.700000,published-inputs,1366.173333,93.377609,87
1876-08 to 1877-06,1876-08-01,1877-06-01,1876,1877,11,1624.800000,published-inputs,1366.173333,118.930736,6
1877-08 to 1878-06,1877-08-01,1878-06-01,1877,1878,11,1393.600000,published-inputs,1366.173333,102.007554,50
1878-08 to 1879-06,1878-08-01,1879-06-01,1878,1879,11,1328.900000,published-inputs,1366.173333,97.271698,71
1879-08 to 1880-06,1879-08-01,1880-06-01,1879,1880,11,1029.100000,published-inputs,1366.173333,75.327191,172
1880-08 to 1881-06,1880-08-01,1881-06-01,1880,1881,11,1228.000000,published-inputs,1366.173333,89.886105,106
1881-08 to 1882-06,1881-08-01,1882-06-01,1881,1882,11,1372.800000,published-inputs,1366.173333,100.485053,59
1882-08 to 1883-06,1882-08-01,1883-06-01,1882,1883,11,1433.200000,published-inputs,1366.173333,104.906161,40
1883-08 to 1884-06,1883-08-01,1884-06-01,1883,1884,11,1332.600000,published-inputs,1366.173333,97.542528,69
1884-08 to 1885-06,1884-08-01,1885-06-01,1884,1885,11,1135.100000,published-inputs,1366.173333,83.086090,145
1885-08 to 1886-06,1885-08-01,1886-06-01,1885,1886,11,1315.300000,published-inputs,1366.173333,96.276217,75
1886-08 to 1887-06,1886-08-01,1887-06-01,1886,1887,11,1126.000000,published-inputs,1366.173333,82.419996,150
1887-08 to 1888-06,1887-08-01,1888-06-01,1887,1888,11,942.800000,published-inputs,1366.173333,69.010277,182
1888-08 to 1889-06,1888-08-01,1889-06-01,1888,1889,11,1108.200000,published-inputs,1366.173333,81.117086,152
1889-08 to 1890-06,1889-08-01,1890-06-01,1889,1890,11,1080.400000,published-inputs,1366.173333,79.082205,157
1890-08 to 1891-06,1890-08-01,1891-06-01,1890,1891,11,1004.100000,published-inputs,1366.173333,73.497262,176
1891-08 to 1892-06,1891-08-01,1892-06-01,1891,1892,11,1379.400000,published-inputs,1366.173333,100.968154,54
1892-08 to 1893-06,1892-08-01,1893-06-01,1892,1893,11,1021.400000,published-inputs,1366.173333,74.763573,173
1893-08 to 1894-06,1893-08-01,1894-06-01,1893,1894,11,1236.400000,published-inputs,1366.173333,90.500961,104
1894-08 to 1895-06,1894-08-01,1895-06-01,1894,1895,11,1064.000000,published-inputs,1366.173333,77.881772,164
1895-08 to 1896-06,1895-08-01,1896-06-01,1895,1896,11,969.300000,published-inputs,1366.173333,70.950001,180
1896-08 to 1897-06,1896-08-01,1897-06-01,1896,1897,11,1318.300000,published-inputs,1366.173333,96.495808,73
1897-08 to 1898-06,1897-08-01,1898-06-01,1897,1898,11,1242.600000,published-inputs,1366.173333,90.954784,103
1898-08 to 1899-06,1898-08-01,1899-06-01,1898,1899,11,1377.900000,published-inputs,1366.173333,100.858359,56
1899-08 to 1900-06,1899-08-01,1900-06-01,1899,1900,11,1059.000000,published-inputs,1366.173333,77.515786,166
1900-08 to 1901-06,1900-08-01,1901-06-01,1900,1901,11,1254.400000,published-inputs,1366.173333,91.818510,98
1901-08 to 1902-06,1901-08-01,1902-06-01,1901,1902,11,1081.300000,published-inputs,1366.173333,79.148083,156
1902-08 to 1903-06,1902-08-01,1903-06-01,1902,1903,11,1275.500000,published-inputs,1366.173333,93.362970,88
1903-08 to 1904-06,1903-08-01,1904-06-01,1903,1904,11,1524.000000,published-inputs,1366.173333,111.552463,22
1904-08 to 1905-06,1904-08-01,1905-06-01,1904,1905,11,1017.500000,published-inputs,1366.173333,74.478104,175
1905-08 to 1906-06,1905-08-01,1906-06-01,1905,1906,11,1179.600000,published-inputs,1366.173333,86.343363,135
1906-08 to 1907-06,1906-08-01,1907-06-01,1906,1907,11,1180.900000,published-inputs,1366.173333,86.438519,132
1907-08 to 1908-06,1907-08-01,1908-06-01,1907,1908,11,1206.800000,published-inputs,1366.173333,88.334326,117
1908-08 to 1909-06,1908-08-01,1909-06-01,1908,1909,11,1043.700000,published-inputs,1366.173333,76.395870,169
1909-08 to 1910-06,1909-08-01,1910-06-01,1909,1910,11,1357.700000,published-inputs,1366.173333,99.379776,62
1910-08 to 1911-06,1910-08-01,1911-06-01,1910,1911,11,1190.300000,published-inputs,1366.173333,87.126573,125
1911-08 to 1912-06,1911-08-01,1912-06-01,1911,1912,11,1455.300000,published-inputs,1366.173333,106.523818,37
1912-08 to 1913-06,1912-08-01,1913-06-01,1912,1913,11,1550.400000,published-inputs,1366.173333,113.484868,15
1913-08 to 1914-06,1913-08-01,1914-06-01,1913,1914,11,1201.400000,published-inputs,1366.173333,87.939061,120
1914-08 to 1915-06,1914-08-01,1915-06-01,1914,1915,11,1263.100000,published-inputs,1366.173333,92.455325,94
1915-08 to 1916-06,1915-08-01,1916-06-01,1915,1916,11,1245.900000,published-inputs,1366.173333,91.196334,101
1916-08 to 1917-06,1916-08-01,1917-06-01,1916,1917,11,1131.100000,published-inputs,1366.173333,82.793301,147
1917-08 to 1918-06,1917-08-01,1918-06-01,1917,1918,11,1262.900000,published-inputs,1366.173333,92.440686,95
1918-08 to 1919-06,1918-08-01,1919-06-01,1918,1919,11,1440.700000,published-inputs,1366.173333,105.455140,38
1919-08 to 1920-06,1919-08-01,1920-06-01,1919,1920,11,1481.200000,published-inputs,1366.173333,108.419625,28
1920-08 to 1921-06,1920-08-01,1921-06-01,1920,1921,11,996.500000,published-inputs,1366.173333,72.940964,177
1921-08 to 1922-06,1921-08-01,1922-06-01,1921,1922,11,1169.700000,published-inputs,1366.173333,85.618711,138
1922-08 to 1923-06,1922-08-01,1923-06-01,1922,1923,11,1183.800000,published-inputs,1366.173333,86.650791,128
1923-08 to 1924-06,1923-08-01,1924-06-01,1923,1924,11,1364.100000,published-inputs,1366.173333,99.848238,60
1924-08 to 1925-06,1924-08-01,1925-06-01,1924,1925,11,1457.100000,published-inputs,1366.173333,106.655573,36
1925-08 to 1926-06,1925-08-01,1926-06-01,1925,1926,11,1221.800000,published-inputs,1366.173333,89.432283,110
1926-08 to 1927-06,1926-08-01,1927-06-01,1926,1927,11,1281.000000,published-inputs,1366.173333,93.765554,85
1927-08 to 1928-06,1927-08-01,1928-06-01,1927,1928,11,1536.700000,published-inputs,1366.173333,112.482067,20
1928-08 to 1929-06,1928-08-01,1929-06-01,1928,1929,11,1128.200000,published-inputs,1366.173333,82.581029,149
1929-08 to 1930-06,1929-08-01,1930-06-01,1929,1930,11,1566.100000,published-inputs,1366.173333,114.634063,12
1930-08 to 1931-06,1930-08-01,1931-06-01,1930,1931,11,1549.100000,published-inputs,1366.173333,113.389711,16
1931-08 to 1932-06,1931-08-01,1932-06-01,1931,1932,11,1256.000000,published-inputs,1366.173333,91.935626,97
1932-08 to 1933-06,1932-08-01,1933-06-01,1932,1933,11,1166.800000,published-inputs,1366.173333,85.406439,140
1933-08 to 1934-06,1933-08-01,1934-06-01,1933,1934,11,861.100000,published-inputs,1366.173333,63.030069,189
1934-08 to 1935-06,1934-08-01,1935-06-01,1934,1935,11,1349.300000,published-inputs,1366.173333,98.764920,64
1935-08 to 1936-06,1935-08-01,1936-06-01,1935,1936,11,1384.800000,published-inputs,1366.173333,101.363419,51
1936-08 to 1937-06,1936-08-01,1937-06-01,1936,1937,11,1296.600000,published-inputs,1366.173333,94.907430,80
1937-08 to 1938-06,1937-08-01,1938-06-01,1937,1938,11,938.400000,published-inputs,1366.173333,68.688209,183
1938-08 to 1939-06,1938-08-01,1939-06-01,1938,1939,11,1376.700000,published-inputs,1366.173333,100.770522,58
1939-08 to 1940-06,1939-08-01,1940-06-01,1939,1940,11,1074.400000,published-inputs,1366.173333,78.643022,160
1940-08 to 1941-06,1940-08-01,1941-06-01,1940,1941,11,1181.500000,published-inputs,1366.173333,86.482438,130
1941-08 to 1942-06,1941-08-01,1942-06-01,1941,1942,11,1072.200000,published-inputs,1366.173333,78.481989,161
1942-08 to 1943-06,1942-08-01,1943-06-01,1942,1943,11,1268.100000,published-inputs,1366.173333,92.821311,93
1943-08 to 1944-06,1943-08-01,1944-06-01,1943,1944,11,1076.300000,published-inputs,1366.173333,78.782097,159
1944-08 to 1945-06,1944-08-01,1945-06-01,1944,1945,11,1433.600000,published-inputs,1366.173333,104.935440,39
1945-08 to 1946-06,1945-08-01,1946-06-01,1945,1946,11,1176.900000,published-inputs,1366.173333,86.145731,136
1946-08 to 1947-06,1946-08-01,1947-06-01,1946,1947,11,1560.000000,published-inputs,1366.173333,114.187560,14
1947-08 to 1948-06,1947-08-01,1948-06-01,1947,1948,11,1174.300000,published-inputs,1366.173333,85.955418,137
1948-08 to 1949-06,1948-08-01,1949-06-01,1948,1949,11,1188.800000,published-inputs,1366.173333,87.016777,126
1949-08 to 1950-06,1949-08-01,1950-06-01,1949,1950,11,1304.700000,published-inputs,1366.173333,95.500327,78
1950-08 to 1951-06,1950-08-01,1951-06-01,1950,1951,11,1535.500000,published-inputs,1366.173333,112.394230,21
1951-08 to 1952-06,1951-08-01,1952-06-01,1951,1952,11,1377.100000,published-inputs,1366.173333,100.799801,57
1952-08 to 1953-06,1952-08-01,1953-06-01,1952,1953,11,1132.800000,published-inputs,1366.173333,82.917736,146
1953-08 to 1954-06,1953-08-01,1954-06-01,1953,1954,11,1203.300000,published-inputs,1366.173333,88.078136,119
1954-08 to 1955-06,1954-08-01,1955-06-01,1954,1955,11,1642.900000,published-inputs,1366.173333,120.255604,5
1955-08 to 1956-06,1955-08-01,1956-06-01,1955,1956,11,885.100000,published-inputs,1366.173333,64.786801,188
1956-08 to 1957-06,1956-08-01,1957-06-01,1956,1957,11,1210.800000,published-inputs,1366.173333,88.627114,116
1957-08 to 1958-06,1957-08-01,1958-06-01,1957,1958,11,1382.700000,published-inputs,1366.173333,101.209705,52
1958-08 to 1959-06,1958-08-01,1959-06-01,1958,1959,11,1244.600000,published-inputs,1366.173333,91.101178,102
1959-08 to 1960-06,1959-08-01,1960-06-01,1959,1960,11,1345.700000,published-inputs,1366.173333,98.501410,66
1960-08 to 1961-06,1960-08-01,1961-06-01,1960,1961,11,1516.100000,published-inputs,1366.173333,110.974205,23
1961-08 to 1962-06,1961-08-01,1962-06-01,1961,1962,11,1298.100000,published-inputs,1366.173333,95.017226,79
1962-08 to 1963-06,1962-08-01,1963-06-01,1962,1963,11,1180.600000,published-inputs,1366.173333,86.416560,133
1963-08 to 1964-06,1963-08-01,1964-06-01,1963,1964,11,992.400000,published-inputs,1366.173333,72.640856,178
1964-08 to 1965-06,1964-08-01,1965-06-01,1964,1965,11,1211.900000,published-inputs,1366.173333,88.707631,114
1965-08 to 1966-06,1965-08-01,1966-06-01,1965,1966,11,1485.800000,published-inputs,1366.173333,108.756332,26
1966-08 to 1967-06,1966-08-01,1967-06-01,1966,1967,11,1336.100000,published-inputs,1366.173333,97.798718,68
1967-08 to 1968-06,1967-08-01,1968-06-01,1967,1968,11,1491.900000,published-inputs,1366.173333,109.202834,24
1968-08 to 1969-06,1968-08-01,1969-06-01,1968,1969,11,1285.700000,published-inputs,1366.173333,94.109581,83
1969-08 to 1970-06,1969-08-01,1970-06-01,1969,1970,11,1218.000000,published-inputs,1366.173333,89.154134,112
1970-08 to 1971-06,1970-08-01,1971-06-01,1970,1971,11,1289.500000,published-inputs,1366.173333,94.387730,82
1971-08 to 1972-06,1971-08-01,1972-06-01,1971,1972,11,1315.400000,published-inputs,1366.173333,96.283536,74
1972-08 to 1973-06,1972-08-01,1973-06-01,1972,1973,11,1020.000000,published-inputs,1366.173333,74.661097,174
1973-08 to 1974-06,1973-08-01,1974-06-01,1973,1974,11,1260.700000,published-inputs,1366.173333,92.279652,96
1974-08 to 1975-06,1974-08-01,1975-06-01,1974,1975,11,1328.500000,published-inputs,1366.173333,97.242419,72
1975-08 to 1976-06,1975-08-01,1976-06-01,1975,1976,11,907.300000,published-inputs,1366.173333,66.411778,185
1976-08 to 1977-06,1976-08-01,1977-06-01,1976,1977,11,1402.900000,published-inputs,1366.173333,102.688287,48
1977-08 to 1978-06,1977-08-01,1978-06-01,1977,1978,11,1278.200000,published-inputs,1366.173333,93.560602,86
1978-08 to 1979-06,1978-08-01,1979-06-01,1978,1979,11,1221.900000,published-inputs,1366.173333,89.439603,109
1979-08 to 1980-06,1979-08-01,1980-06-01,1979,1980,11,1431.100000,published-inputs,1366.173333,104.752447,41
1980-08 to 1981-06,1980-08-01,1981-06-01,1980,1981,11,1475.700000,published-inputs,1366.173333,108.017040,29
1981-08 to 1982-06,1981-08-01,1982-06-01,1981,1982,11,1397.200000,published-inputs,1366.173333,102.271064,49
1982-08 to 1983-06,1982-08-01,1983-06-01,1982,1983,11,1571.100000,published-inputs,1366.173333,115.000049,11
1983-08 to 1984-06,1983-08-01,1984-06-01,1983,1984,11,1164.700000,published-inputs,1366.173333,85.252725,142
1984-08 to 1985-06,1984-08-01,1985-06-01,1984,1985,11,1403.100000,published-inputs,1366.173333,102.702927,47
1985-08 to 1986-06,1985-08-01,1986-06-01,1985,1986,11,1348.200000,published-inputs,1366.173333,98.684403,65
1986-08 to 1987-06,1986-08-01,1987-06-01,1986,1987,11,1409.900000,published-inputs,1366.173333,103.200668,44
1987-08 to 1988-06,1987-08-01,1988-06-01,1987,1988,11,1458.100000,published-inputs,1366.173333,106.728770,35
1988-08 to 1989-06,1988-08-01,1989-06-01,1988,1989,11,1197.300000,published-inputs,1366.173333,87.638953,122
1989-08 to 1990-06,1989-08-01,1990-06-01,1989,1990,11,1381.400000,published-inputs,1366.173333,101.114549,53
1990-08 to 1991-06,1990-08-01,1991-06-01,1990,1991,11,1273.400000,published-inputs,1366.173333,93.209256,90
1991-08 to 1992-06,1991-08-01,1992-06-01,1991,1992,11,1071.100000,published-inputs,1366.173333,78.401472,162
1992-08 to 1993-06,1992-08-01,1993-06-01,1992,1993,11,1458.700000,published-inputs,1366.173333,106.772689,34
1993-08 to 1994-06,1993-08-01,1994-06-01,1993,1994,11,1471.600000,published-inputs,1366.173333,107.716932,31
1994-08 to 1995-06,1994-08-01,1995-06-01,1994,1995,11,1464.100000,published-inputs,1366.173333,107.167953,32
1995-08 to 1996-06,1995-08-01,1996-06-01,1995,1996,11,1047.700000,published-inputs,1366.173333,76.688658,167
1996-08 to 1997-06,1996-08-01,1997-06-01,1996,1997,11,1181.000000,published-inputs,1366.173333,86.445839,131
1997-08 to 1998-06,1997-08-01,1998-06-01,1997,1998,11,1491.800000,published-inputs,1366.173333,109.195514,25
1998-08 to 1999-06,1998-08-01,1999-06-01,1998,1999,11,1543.600000,published-inputs,1366.173333,112.987127,17
1999-08 to 2000-06,1999-08-01,2000-06-01,1999,2000,11,1563.300000,published-inputs,1366.173333,114.429111,13
2000-08 to 2001-06,2000-08-01,2001-06-01,2000,2001,11,1697.500000,published-inputs,1366.173333,124.252169,2
2001-08 to 2002-06,2001-08-01,2002-06-01,2001,2002,11,1482.100000,published-inputs,1366.173333,108.485502,27
2002-08 to 2003-06,2002-08-01,2003-06-01,2002,2003,11,1250.100000,published-inputs,1366.173333,91.503762,100
2003-08 to 2004-06,2003-08-01,2004-06-01,2003,2004,11,1102.000000,published-inputs,1366.173333,80.663264,153
2004-08 to 2005-06,2004-08-01,2005-06-01,2004,2005,11,1312.000000,published-inputs,1366.173333,96.034666,76
2005-08 to 2006-06,2005-08-01,2006-06-01,2005,2006,11,1274.800000,published-inputs,1366.173333,93.311732,89
2006-08 to 2007-06,2006-08-01,2007-06-01,2006,2007,11,1606.100000,published-inputs,1366.173333,117.561949,8
2007-08 to 2008-06,2007-08-01,2008-06-01,2007,2008,11,1225.300000,published-inputs,1366.173333,89.688473,108
2008-08 to 2009-06,2008-08-01,2009-06-01,2008,2009,11,1309.700000,published-inputs,1366.173333,95.866313,77
2009-08 to 2010-06,2009-08-01,2010-06-01,2009,2010,11,1156.500000,published-inputs,1366.173333,84.652509,144
2010-08 to 2011-06,2010-08-01,2011-06-01,2010,2011,11,1115.900000,published-inputs,1366.173333,81.680704,151
2011-08 to 2012-06,2011-08-01,2012-06-01,2011,2012,11,1338.500000,published-inputs,1366.173333,97.974391,67
2012-08 to 2013-06,2012-08-01,2013-06-01,2012,2013,11,1413.600000,published-inputs,1366.173333,103.471497,42
2013-08 to 2014-06,2013-08-01,2014-06-01,2013,2014,11,1592.200000,published-inputs,1366.173333,116.544509,9
2014-08 to 2015-06,2014-08-01,2015-06-01,2014,2015,11,1250.400000,published-inputs,1366.173333,91.525721,99
2015-08 to 2016-06,2015-08-01,2016-06-01,2015,2016,11,1652.300000,published-inputs,1366.173333,120.943658,3
2016-08 to 2017-06,2016-08-01,2017-06-01,2016,2017,11,1069.700000,published-inputs,1366.173333,78.298996,163
2017-08 to 2018-06,2017-08-01,2018-06-01,2017,2018,11,1294.300000,published-inputs,1366.173333,94.739077,81
2018-08 to 2019-06,2018-08-01,2019-06-01,2018,2019,11,1357.800000,published-inputs,1366.173333,99.387096,61
2019-08 to 2020-06,2019-08-01,2020-06-01,2019,2020,11,1648.100000,published-inputs,1366.173333,120.636230,4
2020-08 to 2021-06,2020-08-01,2021-06-01,2020,2021,11,1619.900000,published-inputs,1366.173333,118.572070,7
2021-08 to 2022-06,2021-08-01,2022-06-01,2021,2022,11,1196.200000,published-inputs,1366.173333,87.558436,123
2022-08 to 2023-06,2022-08-01,2023-06-01,2022,2023,11,1329.200000,published-inputs,1366.173333,97.293657,70
2023-08 to 2024-06,2023-08-01,2024-06-01,2023,2024,11,1769.800000,published-inputs,1366.173333,129.544323,1
2024-08 to 2025-06,2024-08-01,2025-06-01,2024,2025,11,1230.300000,published-inputs,1366.173333,90.054459,105
2025-08 to 2026-06,2025-08-01,2026-06-01,2025,2026,11,1538.200000,published-inputs,1366.173333,112.591862,19
