period,start_date,end_date,start_year,end_year,months,rainfall_total_mm,status,reference_1991_2020_mm,anomaly_mm,percentage_of_1991_2020
1836-08 to 1837-07,1836-08-01,1837-07-01,1836,1837,12,1295.600000,published-inputs,1464.760000,-169.160000,88.451350
1837-08 to 1838-07,1837-08-01,1838-07-01,1837,1838,12,1270.100000,published-inputs,1464.760000,-194.660000,86.710451
1838-08 to 1839-07,1838-08-01,1839-07-01,1838,1839,12,1399.800000,published-inputs,1464.760000,-64.960000,95.565144
1839-08 to 1840-07,1839-08-01,1840-07-01,1839,1840,12,1392.600000,published-inputs,1464.760000,-72.160000,95.073596
1840-08 to 1841-07,1840-08-01,1841-07-01,1840,1841,12,1281.800000,published-inputs,1464.760000,-182.960000,87.509217
1841-08 to 1842-07,1841-08-01,1842-07-01,1841,1842,12,1563.400000,published-inputs,1464.760000,98.640000,106.734209
1842-08 to 1843-07,1842-08-01,1843-07-01,1842,1843,12,1283.500000,published-inputs,1464.760000,-181.260000,87.625276
1843-08 to 1844-07,1843-08-01,1844-07-01,1843,1844,12,1070.400000,published-inputs,1464.760000,-394.360000,73.076818
1844-08 to 1845-07,1844-08-01,1845-07-01,1844,1845,12,1045.200000,published-inputs,1464.760000,-419.560000,71.356400
1845-08 to 1846-07,1845-08-01,1846-07-01,1845,1846,12,1349.900000,published-inputs,1464.760000,-114.860000,92.158442
1846-08 to 1847-07,1846-08-01,1847-07-01,1846,1847,12,1128.500000,published-inputs,1464.760000,-336.260000,77.043338
1847-08 to 1848-07,1847-08-01,1848-07-01,1847,1848,12,1513.700000,published-inputs,1464.760000,48.940000,103.341162
1848-08 to 1849-07,1848-08-01,1849-07-01,1848,1849,12,1311.300000,published-inputs,1464.760000,-153.460000,89.523198
1849-08 to 1850-07,1849-08-01,1850-07-01,1849,1850,12,1174.000000,published-inputs,1464.760000,-290.760000,80.149649
1850-08 to 1851-07,1850-08-01,1851-07-01,1850,1851,12,1332.200000,published-inputs,1464.760000,-132.560000,90.950053
1851-08 to 1852-07,1851-08-01,1852-07-01,1851,1852,12,1134.900000,published-inputs,1464.760000,-329.860000,77.480270
1852-08 to 1853-07,1852-08-01,1853-07-01,1852,1853,12,1716.300000,published-inputs,1464.760000,251.540000,117.172779
1853-08 to 1854-07,1853-08-01,1854-07-01,1853,1854,12,1023.700000,published-inputs,1464.760000,-441.060000,69.888582
1854-08 to 1855-07,1854-08-01,1855-07-01,1854,1855,12,964.800000,published-inputs,1464.760000,-499.960000,65.867446
1855-08 to 1856-07,1855-08-01,1856-07-01,1855,1856,12,1038.200000,published-inputs,1464.760000,-426.560000,70.878506
1856-08 to 1857-07,1856-08-01,1857-07-01,1856,1857,12,1307.000000,published-inputs,1464.760000,-157.760000,89.229635
1857-08 to 1858-07,1857-08-01,1858-07-01,1857,1858,12,968.200000,published-inputs,1464.760000,-496.560000,66.099566
1858-08 to 1859-07,1858-08-01,1859-07-01,1858,1859,12,1224.000000,published-inputs,1464.760000,-240.760000,83.563178
1859-08 to 1860-07,1859-08-01,1860-07-01,1859,1860,12,1545.900000,published-inputs,1464.760000,81.140000,105.539474
1860-08 to 1861-07,1860-08-01,1861-07-01,1860,1861,12,1334.000000,published-inputs,1464.760000,-130.760000,91.072940
1861-08 to 1862-07,1861-08-01,1862-07-01,1861,1862,12,1397.200000,published-inputs,1464.760000,-67.560000,95.387640
1862-08 to 1863-07,1862-08-01,1863-07-01,1862,1863,12,1128.000000,published-inputs,1464.760000,-336.760000,77.009203
1863-08 to 1864-07,1863-08-01,1864-07-01,1863,1864,12,1246.500000,published-inputs,1464.760000,-218.260000,85.099265
1864-08 to 1865-07,1864-08-01,1865-07-01,1864,1865,12,1150.000000,published-inputs,1464.760000,-314.760000,78.511155
1865-08 to 1866-07,1865-08-01,1866-07-01,1865,1866,12,1338.100000,published-inputs,1464.760000,-126.660000,91.352850
1866-08 to 1867-07,1866-08-01,1867-07-01,1866,1867,12,1496.500000,published-inputs,1464.760000,31.740000,102.166908
1867-08 to 1868-07,1867-08-01,1868-07-01,1867,1868,12,1067.800000,published-inputs,1464.760000,-396.960000,72.899315
1868-08 to 1869-07,1868-08-01,1869-07-01,1868,1869,12,1444.300000,published-inputs,1464.760000,-20.460000,98.603184
1869-08 to 1870-07,1869-08-01,1870-07-01,1869,1870,12,1213.500000,published-inputs,1464.760000,-251.260000,82.846337
1870-08 to 1871-07,1870-08-01,1871-07-01,1870,1871,12,1343.900000,published-inputs,1464.760000,-120.860000,91.748819
1871-08 to 1872-07,1871-08-01,1872-07-01,1871,1872,12,1553.600000,published-inputs,1464.760000,88.840000,106.065157
1872-08 to 1873-07,1872-08-01,1873-07-01,1872,1873,12,1651.900000,published-inputs,1464.760000,187.140000,112.776154
1873-08 to 1874-07,1873-08-01,1874-07-01,1873,1874,12,1112.100000,published-inputs,1464.760000,-352.660000,75.923701
1874-08 to 1875-07,1874-08-01,1875-07-01,1874,1875,12,1498.600000,published-inputs,1464.760000,33.840000,102.310276
1875-08 to 1876-07,1875-08-01,1876-07-01,1875,1876,12,1350.600000,published-inputs,1464.760000,-114.160000,92.206232
1876-08 to 1877-07,1876-08-01,1877-07-01,1876,1877,12,1774.100000,published-inputs,1464.760000,309.340000,121.118818
1877-08 to 1878-07,1877-08-01,1878-07-01,1877,1878,12,1445.500000,published-inputs,1464.760000,-19.260000,98.685109
1878-08 to 1879-07,1878-08-01,1879-07-01,1878,1879,12,1483.100000,published-inputs,1464.760000,18.340000,101.252082
1879-08 to 1880-07,1879-08-01,1880-07-01,1879,1880,12,1227.100000,published-inputs,1464.760000,-237.660000,83.774816
1880-08 to 1881-07,1880-08-01,1881-07-01,1880,1881,12,1307.900000,published-inputs,1464.760000,-156.860000,89.291078
1881-08 to 1882-07,1881-08-01,1882-07-01,1881,1882,12,1551.000000,published-inputs,1464.760000,86.240000,105.887654
1882-08 to 1883-07,1882-08-01,1883-07-01,1882,1883,12,1539.300000,published-inputs,1464.760000,74.540000,105.088888
1883-08 to 1884-07,1883-08-01,1884-07-01,1883,1884,12,1456.600000,published-inputs,1464.760000,-8.160000,99.442912
1884-08 to 1885-07,1884-08-01,1885-07-01,1884,1885,12,1184.900000,published-inputs,1464.760000,-279.860000,80.893798
1885-08 to 1886-07,1885-08-01,1886-07-01,1885,1886,12,1444.000000,published-inputs,1464.760000,-20.760000,98.582703
1886-08 to 1887-07,1886-08-01,1887-07-01,1886,1887,12,1201.500000,published-inputs,1464.760000,-263.260000,82.027090
1887-08 to 1888-07,1887-08-01,1888-07-01,1887,1888,12,1138.200000,published-inputs,1464.760000,-326.560000,77.705563
1888-08 to 1889-07,1888-08-01,1889-07-01,1888,1889,12,1205.000000,published-inputs,1464.760000,-259.760000,82.266037
1889-08 to 1890-07,1889-08-01,1890-07-01,1889,1890,12,1175.500000,published-inputs,1464.760000,-289.260000,80.252055
1890-08 to 1891-07,1890-08-01,1891-07-01,1890,1891,12,1087.300000,published-inputs,1464.760000,-377.460000,74.230591
1891-08 to 1892-07,1891-08-01,1892-07-01,1891,1892,12,1460.800000,published-inputs,1464.760000,-3.960000,99.729649
1892-08 to 1893-07,1892-08-01,1893-07-01,1892,1893,12,1118.000000,published-inputs,1464.760000,-346.760000,76.326497
1893-08 to 1894-07,1893-08-01,1894-07-01,1893,1894,12,1356.300000,published-inputs,1464.760000,-108.460000,92.595374
1894-08 to 1895-07,1894-08-01,1895-07-01,1894,1895,12,1210.400000,published-inputs,1464.760000,-254.360000,82.634698
1895-08 to 1896-07,1895-08-01,1896-07-01,1895,1896,12,1062.200000,published-inputs,1464.760000,-402.560000,72.516999
1896-08 to 1897-07,1896-08-01,1897-07-01,1896,1897,12,1379.000000,published-inputs,1464.760000,-85.760000,94.145116
1897-08 to 1898-07,1897-08-01,1898-07-01,1897,1898,12,1277.200000,published-inputs,1464.760000,-187.560000,87.195172
1898-08 to 1899-07,1898-08-01,1899-07-01,1898,1899,12,1440.200000,published-inputs,1464.760000,-24.560000,98.323275
1899-08 to 1900-07,1899-08-01,1900-07-01,1899,1900,12,1118.100000,published-inputs,1464.760000,-346.660000,76.333324
1900-08 to 1901-07,1900-08-01,1901-07-01,1900,1901,12,1323.200000,published-inputs,1464.760000,-141.560000,90.335618
1901-08 to 1902-07,1901-08-01,1902-07-01,1901,1902,12,1146.300000,published-inputs,1464.760000,-318.460000,78.258554
1902-08 to 1903-07,1902-08-01,1903-07-01,1902,1903,12,1381.400000,published-inputs,1464.760000,-83.360000,94.308965
1903-08 to 1904-07,1903-08-01,1904-07-01,1903,1904,12,1605.400000,published-inputs,1464.760000,140.640000,109.601573
1904-08 to 1905-07,1904-08-01,1905-07-01,1904,1905,12,1081.700000,published-inputs,1464.760000,-383.060000,73.848275
1905-08 to 1906-07,1905-08-01,1906-07-01,1905,1906,12,1220.400000,published-inputs,1464.760000,-244.360000,83.317404
1906-08 to 1907-07,1906-08-01,1907-07-01,1906,1907,12,1273.800000,published-inputs,1464.760000,-190.960000,86.963052
1907-08 to 1908-07,1907-08-01,1908-07-01,1907,1908,12,1337.700000,published-inputs,1464.760000,-127.060000,91.325541
1908-08 to 1909-07,1908-08-01,1909-07-01,1908,1909,12,1159.300000,published-inputs,1464.760000,-305.460000,79.146072
1909-08 to 1910-07,1909-08-01,1910-07-01,1909,1910,12,1477.300000,published-inputs,1464.760000,12.540000,100.856113
1910-08 to 1911-07,1910-08-01,1911-07-01,1910,1911,12,1212.900000,published-inputs,1464.760000,-251.860000,82.805374
1911-08 to 1912-07,1911-08-01,1912-07-01,1911,1912,12,1583.500000,published-inputs,1464.760000,118.740000,108.106447
1912-08 to 1913-07,1912-08-01,1913-07-01,1912,1913,12,1585.700000,published-inputs,1464.760000,120.940000,108.256643
1913-08 to 1914-07,1913-08-01,1914-07-01,1913,1914,12,1345.800000,published-inputs,1464.760000,-118.960000,91.878533
1914-08 to 1915-07,1914-08-01,1915-07-01,1914,1915,12,1401.100000,published-inputs,1464.760000,-63.660000,95.653896
1915-08 to 1916-07,1915-08-01,1916-07-01,1915,1916,12,1305.200000,published-inputs,1464.760000,-159.560000,89.106748
1916-08 to 1917-07,1916-08-01,1917-07-01,1916,1917,12,1206.300000,published-inputs,1464.760000,-258.460000,82.354788
1917-08 to 1918-07,1917-08-01,1918-07-01,1917,1918,12,1399.300000,published-inputs,1464.760000,-65.460000,95.531008
1918-08 to 1919-07,1918-08-01,1919-07-01,1918,1919,12,1490.100000,published-inputs,1464.760000,25.340000,101.729976
1919-08 to 1920-07,1919-08-01,1920-07-01,1919,1920,12,1679.600000,published-inputs,1464.760000,214.840000,114.667249
1920-08 to 1921-07,1920-08-01,1921-07-01,1920,1921,12,1066.500000,published-inputs,1464.760000,-398.260000,72.810563
1921-08 to 1922-07,1921-08-01,1922-07-01,1921,1922,12,1321.800000,published-inputs,1464.760000,-142.960000,90.240039
1922-08 to 1923-07,1922-08-01,1923-07-01,1922,1923,12,1287.600000,published-inputs,1464.760000,-177.160000,87.905186
1923-08 to 1924-07,1923-08-01,1924-07-01,1923,1924,12,1524.300000,published-inputs,1464.760000,59.540000,104.064830
1924-08 to 1925-07,1924-08-01,1925-07-01,1924,1925,12,1543.100000,published-inputs,1464.760000,78.340000,105.348316
1925-08 to 1926-07,1925-08-01,1926-07-01,1925,1926,12,1350.400000,published-inputs,1464.760000,-114.360000,92.192578
1926-08 to 1927-07,1926-08-01,1927-07-01,1926,1927,12,1412.500000,published-inputs,1464.760000,-52.260000,96.432180
1927-08 to 1928-07,1927-08-01,1928-07-01,1927,1928,12,1620.200000,published-inputs,1464.760000,155.440000,110.611977
1928-08 to 1929-07,1928-08-01,1929-07-01,1928,1929,12,1223.000000,published-inputs,1464.760000,-241.760000,83.494907
1929-08 to 1930-07,1929-08-01,1930-07-01,1929,1930,12,1699.900000,published-inputs,1464.760000,235.140000,116.053142
1930-08 to 1931-07,1930-08-01,1931-07-01,1930,1931,12,1674.900000,published-inputs,1464.760000,210.140000,114.346378
1931-08 to 1932-07,1931-08-01,1932-07-01,1931,1932,12,1398.900000,published-inputs,1464.760000,-65.860000,95.503700
1932-08 to 1933-07,1932-08-01,1933-07-01,1932,1933,12,1253.300000,published-inputs,1464.760000,-211.460000,85.563505
1933-08 to 1934-07,1933-08-01,1934-07-01,1933,1934,12,899.500000,published-inputs,1464.760000,-565.260000,61.409378
1934-08 to 1935-07,1934-08-01,1935-07-01,1934,1935,12,1380.100000,published-inputs,1464.760000,-84.660000,94.220214
1935-08 to 1936-07,1935-08-01,1936-07-01,1935,1936,12,1574.100000,published-inputs,1464.760000,109.340000,107.464704
1936-08 to 1937-07,1936-08-01,1937-07-01,1936,1937,12,1380.400000,published-inputs,1464.760000,-84.360000,94.240695
1937-08 to 1938-07,1937-08-01,1938-07-01,1937,1938,12,1077.000000,published-inputs,1464.760000,-387.760000,73.527404
1938-08 to 1939-07,1938-08-01,1939-07-01,1938,1939,12,1623.400000,published-inputs,1464.760000,158.640000,110.830443
1939-08 to 1940-07,1939-08-01,1940-07-01,1939,1940,12,1200.300000,published-inputs,1464.760000,-264.460000,81.945165
1940-08 to 1941-07,1940-08-01,1941-07-01,1940,1941,12,1261.000000,published-inputs,1464.760000,-203.760000,86.089189
1941-08 to 1942-07,1941-08-01,1942-07-01,1941,1942,12,1188.000000,published-inputs,1464.760000,-276.760000,81.105437
1942-08 to 1943-07,1942-08-01,1943-07-01,1942,1943,12,1359.300000,published-inputs,1464.760000,-105.460000,92.800186
1943-08 to 1944-07,1943-08-01,1944-07-01,1943,1944,12,1164.800000,published-inputs,1464.760000,-299.960000,79.521560
1944-08 to 1945-07,1944-08-01,1945-07-01,1944,1945,12,1524.300000,published-inputs,1464.760000,59.540000,104.064830
1945-08 to 1946-07,1945-08-01,1946-07-01,1945,1946,12,1257.300000,published-inputs,1464.760000,-207.460000,85.836588
1946-08 to 1947-07,1946-08-01,1947-07-01,1946,1947,12,1658.200000,published-inputs,1464.760000,193.440000,113.206259
1947-08 to 1948-07,1947-08-01,1948-07-01,1947,1948,12,1255.400000,published-inputs,1464.760000,-209.360000,85.706873
1948-08 to 1949-07,1948-08-01,1949-07-01,1948,1949,12,1240.600000,published-inputs,1464.760000,-224.160000,84.696469
1949-08 to 1950-07,1949-08-01,1950-07-01,1949,1950,12,1430.600000,published-inputs,1464.760000,-34.160000,97.667877
1950-08 to 1951-07,1950-08-01,1951-07-01,1950,1951,12,1589.300000,published-inputs,1464.760000,124.540000,108.502417
1951-08 to 1952-07,1951-08-01,1952-07-01,1951,1952,12,1433.600000,published-inputs,1464.760000,-31.160000,97.872689
1952-08 to 1953-07,1952-08-01,1953-07-01,1952,1953,12,1283.100000,published-inputs,1464.760000,-181.660000,87.597968
1953-08 to 1954-07,1953-08-01,1954-07-01,1953,1954,12,1338.300000,published-inputs,1464.760000,-126.460000,91.366504
1954-08 to 1955-07,1954-08-01,1955-07-01,1954,1955,12,1671.300000,published-inputs,1464.760000,206.540000,114.100604
1955-08 to 1956-07,1955-08-01,1956-07-01,1955,1956,12,1021.700000,published-inputs,1464.760000,-443.060000,69.752041
1956-08 to 1957-07,1956-08-01,1957-07-01,1956,1957,12,1379.000000,published-inputs,1464.760000,-85.760000,94.145116
1957-08 to 1958-07,1957-08-01,1958-07-01,1957,1958,12,1521.900000,published-inputs,1464.760000,57.140000,103.900980
1958-08 to 1959-07,1958-08-01,1959-07-01,1958,1959,12,1350.800000,published-inputs,1464.760000,-113.960000,92.219886
1959-08 to 1960-07,1959-08-01,1960-07-01,1959,1960,12,1489.600000,published-inputs,1464.760000,24.840000,101.695841
1960-08 to 1961-07,1960-08-01,1961-07-01,1960,1961,12,1602.000000,published-inputs,1464.760000,137.240000,109.369453
1961-08 to 1962-07,1961-08-01,1962-07-01,1961,1962,12,1364.200000,published-inputs,1464.760000,-100.560000,93.134711
1962-08 to 1963-07,1962-08-01,1963-07-01,1962,1963,12,1246.800000,published-inputs,1464.760000,-217.960000,85.119747
1963-08 to 1964-07,1963-08-01,1964-07-01,1963,1964,12,1092.800000,published-inputs,1464.760000,-371.960000,74.606079
1964-08 to 1965-07,1964-08-01,1965-07-01,1964,1965,12,1325.800000,published-inputs,1464.760000,-138.960000,90.513122
1965-08 to 1966-07,1965-08-01,1966-07-01,1965,1966,12,1579.900000,published-inputs,1464.760000,115.140000,107.860673
1966-08 to 1967-07,1966-08-01,1967-07-01,1966,1967,12,1453.700000,published-inputs,1464.760000,-11.060000,99.244927
1967-08 to 1968-07,1967-08-01,1968-07-01,1967,1968,12,1604.300000,published-inputs,1464.760000,139.540000,109.526475
1968-08 to 1969-07,1968-08-01,1969-07-01,1968,1969,12,1337.900000,published-inputs,1464.760000,-126.860000,91.339195
1969-08 to 1970-07,1969-08-01,1970-07-01,1969,1970,12,1319.700000,published-inputs,1464.760000,-145.060000,90.096671
1970-08 to 1971-07,1970-08-01,1971-07-01,1970,1971,12,1347.300000,published-inputs,1464.760000,-117.460000,91.980939
1971-08 to 1972-07,1971-08-01,1972-07-01,1971,1972,12,1396.200000,published-inputs,1464.760000,-68.560000,95.319370
1972-08 to 1973-07,1972-08-01,1973-07-01,1972,1973,12,1124.300000,published-inputs,1464.760000,-340.460000,76.756602
1973-08 to 1974-07,1973-08-01,1974-07-01,1973,1974,12,1393.100000,published-inputs,1464.760000,-71.660000,95.107731
1974-08 to 1975-07,1974-08-01,1975-07-01,1974,1975,12,1433.200000,published-inputs,1464.760000,-31.560000,97.845381
1975-08 to 1976-07,1975-08-01,1976-07-01,1975,1976,12,949.200000,published-inputs,1464.760000,-515.560000,64.802425
1976-08 to 1977-07,1976-08-01,1977-07-01,1976,1977,12,1440.000000,published-inputs,1464.760000,-24.760000,98.309621
1977-08 to 1978-07,1977-08-01,1978-07-01,1977,1978,12,1401.400000,published-inputs,1464.760000,-63.360000,95.674377
1978-08 to 1979-07,1978-08-01,1979-07-01,1978,1979,12,1259.100000,published-inputs,1464.760000,-205.660000,85.959475
1979-08 to 1980-07,1979-08-01,1980-07-01,1979,1980,12,1507.800000,published-inputs,1464.760000,43.040000,102.938365
1980-08 to 1981-07,1980-08-01,1981-07-01,1980,1981,12,1534.100000,published-inputs,1464.760000,69.340000,104.733881
1981-08 to 1982-07,1981-08-01,1982-07-01,1981,1982,12,1442.300000,published-inputs,1464.760000,-22.460000,98.466643
1982-08 to 1983-07,1982-08-01,1983-07-01,1982,1983,12,1602.200000,published-inputs,1464.760000,137.440000,109.383107
1983-08 to 1984-07,1983-08-01,1984-07-01,1983,1984,12,1197.300000,published-inputs,1464.760000,-267.460000,81.740353
1984-08 to 1985-07,1984-08-01,1985-07-01,1984,1985,12,1507.500000,published-inputs,1464.760000,42.740000,102.917884
1985-08 to 1986-07,1985-08-01,1986-07-01,1985,1986,12,1439.300000,published-inputs,1464.760000,-25.460000,98.261831
1986-08 to 1987-07,1986-08-01,1987-07-01,1986,1987,12,1488.700000,published-inputs,1464.760000,23.940000,101.634397
1987-08 to 1988-07,1987-08-01,1988-07-01,1987,1988,12,1638.800000,published-inputs,1464.760000,174.040000,111.881810
1988-08 to 1989-07,1988-08-01,1989-07-01,1988,1989,12,1245.500000,published-inputs,1464.760000,-219.260000,85.030995
1989-08 to 1990-07,1989-08-01,1990-07-01,1989,1990,12,1439.100000,published-inputs,1464.760000,-25.660000,98.248177
1990-08 to 1991-07,1990-08-01,1991-07-01,1990,1991,12,1376.200000,published-inputs,1464.760000,-88.560000,93.953958
1991-08 to 1992-07,1991-08-01,1992-07-01,1991,1992,12,1168.700000,published-inputs,1464.760000,-296.060000,79.787815
1992-08 to 1993-07,1992-08-01,1993-07-01,1992,1993,12,1577.700000,published-inputs,1464.760000,112.940000,107.710478
1993-08 to 1994-07,1993-08-01,1994-07-01,1993,1994,12,1539.700000,published-inputs,1464.760000,74.940000,105.116197
1994-08 to 1995-07,1994-08-01,1995-07-01,1994,1995,12,1541.000000,published-inputs,1464.760000,76.240000,105.204948
1995-08 to 1996-07,1995-08-01,1996-07-01,1995,1996,12,1097.600000,published-inputs,1464.760000,-367.160000,74.933778
1996-08 to 1997-07,1996-08-01,1997-07-01,1996,1997,12,1238.400000,published-inputs,1464.760000,-226.360000,84.546274
1997-08 to 1998-07,1997-08-01,1998-07-01,1997,1998,12,1582.700000,published-inputs,1464.760000,117.940000,108.051831
1998-08 to 1999-07,1998-08-01,1999-07-01,1998,1999,12,1571.600000,published-inputs,1464.760000,106.840000,107.294028
1999-08 to 2000-07,1999-08-01,2000-07-01,1999,2000,12,1650.900000,published-inputs,1464.760000,186.140000,112.707884
2000-08 to 2001-07,2000-08-01,2001-07-01,2000,2001,12,1808.600000,published-inputs,1464.760000,343.840000,123.474153
2001-08 to 2002-07,2001-08-01,2002-07-01,2001,2002,12,1556.000000,published-inputs,1464.760000,91.240000,106.229007
2002-08 to 2003-07,2002-08-01,2003-07-01,2002,2003,12,1375.100000,published-inputs,1464.760000,-89.660000,93.878861
2003-08 to 2004-07,2003-08-01,2004-07-01,2003,2004,12,1180.800000,published-inputs,1464.760000,-283.960000,80.613889
2004-08 to 2005-07,2004-08-01,2005-07-01,2004,2005,12,1399.600000,published-inputs,1464.760000,-65.160000,95.551490
2005-08 to 2006-07,2005-08-01,2006-07-01,2005,2006,12,1326.500000,published-inputs,1464.760000,-138.260000,90.560911
2006-08 to 2007-07,2006-08-01,2007-07-01,2006,2007,12,1810.400000,published-inputs,1464.760000,345.640000,123.597040
2007-08 to 2008-07,2007-08-01,2008-07-01,2007,2008,12,1375.800000,published-inputs,1464.760000,-88.960000,93.926650
2008-08 to 2009-07,2008-08-01,2009-07-01,2008,2009,12,1536.100000,published-inputs,1464.760000,71.340000,104.870422
2009-08 to 2010-07,2009-08-01,2010-07-01,2009,2010,12,1315.100000,published-inputs,1464.760000,-149.660000,89.782627
2010-08 to 2011-07,2010-08-01,2011-07-01,2010,2011,12,1211.000000,published-inputs,1464.760000,-253.760000,82.675660
2011-08 to 2012-07,2011-08-01,2012-07-01,2011,2012,12,1471.200000,published-inputs,1464.760000,6.440000,100.439662
2012-08 to 2013-07,2012-08-01,2013-07-01,2012,2013,12,1476.200000,published-inputs,1464.760000,11.440000,100.781015
2013-08 to 2014-07,2013-08-01,2014-07-01,2013,2014,12,1649.300000,published-inputs,1464.760000,184.540000,112.598651
2014-08 to 2015-07,2014-08-01,2015-07-01,2014,2015,12,1364.300000,published-inputs,1464.760000,-100.460000,93.141539
2015-08 to 2016-07,2015-08-01,2016-07-01,2015,2016,12,1738.600000,published-inputs,1464.760000,273.840000,118.695213
2016-08 to 2017-07,2016-08-01,2017-07-01,2016,2017,12,1190.800000,published-inputs,1464.760000,-273.960000,81.296595
2017-08 to 2018-07,2017-08-01,2018-07-01,2017,2018,12,1356.900000,published-inputs,1464.760000,-107.860000,92.636336
2018-08 to 2019-07,2018-08-01,2019-07-01,2018,2019,12,1416.600000,published-inputs,1464.760000,-48.160000,96.712089
2019-08 to 2020-07,2019-08-01,2020-07-01,2019,2020,12,1769.400000,published-inputs,1464.760000,304.640000,120.797946
2020-08 to 2021-07,2020-08-01,2021-07-01,2020,2021,12,1702.300000,published-inputs,1464.760000,237.540000,116.216991
2021-08 to 2022-07,2021-08-01,2022-07-01,2021,2022,12,1249.400000,published-inputs,1464.760000,-215.360000,85.297250
2022-08 to 2023-07,2022-08-01,2023-07-01,2022,2023,12,1509.000000,published-inputs,1464.760000,44.240000,103.020290
2023-08 to 2024-07,2023-08-01,2024-07-01,2023,2024,12,1862.500000,published-inputs,1464.760000,397.740000,127.153936
2024-08 to 2025-07,2024-08-01,2025-07-01,2024,2025,12,1290.200000,published-inputs,1464.760000,-174.560000,88.082689
