period,start_year,end_year,rainfall_total_mm,reference_1991_2020_mm,percentage_of_1991_2020,anomaly_percent,trailing_10_period_mean_mm,trailing_10_period_anomaly_percent
1836-08 to 1837-07,1836,1837,1295.600000,1464.760000,88.451350,-11.548650,,
1837-08 to 1838-07,1837,1838,1270.100000,1464.760000,86.710451,-13.289549,,
1838-08 to 1839-07,1838,1839,1399.800000,1464.760000,95.565144,-4.434856,,
1839-08 to 1840-07,1839,1840,1392.600000,1464.760000,95.073596,-4.926404,,
1840-08 to 1841-07,1840,1841,1281.800000,1464.760000,87.509217,-12.490783,,
1841-08 to 1842-07,1841,1842,1563.400000,1464.760000,106.734209,6.734209,,
1842-08 to 1843-07,1842,1843,1283.500000,1464.760000,87.625276,-12.374724,,
1843-08 to 1844-07,1843,1844,1070.400000,1464.760000,73.076818,-26.923182,,
1844-08 to 1845-07,1844,1845,1045.200000,1464.760000,71.356400,-28.643600,,
1845-08 to 1846-07,1845,1846,1349.900000,1464.760000,92.158442,-7.841558,1295.230000,-11.573910
1846-08 to 1847-07,1846,1847,1128.500000,1464.760000,77.043338,-22.956662,1278.520000,-12.714711
1847-08 to 1848-07,1847,1848,1513.700000,1464.760000,103.341162,3.341162,1302.880000,-11.051640
1848-08 to 1849-07,1848,1849,1311.300000,1464.760000,89.523198,-10.476802,1294.030000,-11.655834
1849-08 to 1850-07,1849,1850,1174.000000,1464.760000,80.149649,-19.850351,1272.170000,-13.148229
1850-08 to 1851-07,1850,1851,1332.200000,1464.760000,90.950053,-9.049947,1277.210000,-12.804145
1851-08 to 1852-07,1851,1852,1134.900000,1464.760000,77.480270,-22.519730,1234.360000,-15.729539
1852-08 to 1853-07,1852,1853,1716.300000,1464.760000,117.172779,17.172779,1277.640000,-12.774789
1853-08 to 1854-07,1853,1854,1023.700000,1464.760000,69.888582,-30.111418,1272.970000,-13.093613
1854-08 to 1855-07,1854,1855,964.800000,1464.760000,65.867446,-34.132554,1264.930000,-13.642508
1855-08 to 1856-07,1855,1856,1038.200000,1464.760000,70.878506,-29.121494,1233.760000,-15.770502
1856-08 to 1857-07,1856,1857,1307.000000,1464.760000,89.229635,-10.770365,1251.610000,-14.551872
1857-08 to 1858-07,1857,1858,968.200000,1464.760000,66.099566,-33.900434,1197.060000,-18.276032
1858-08 to 1859-07,1858,1859,1224.000000,1464.760000,83.563178,-16.436822,1188.330000,-18.872034
1859-08 to 1860-07,1859,1860,1545.900000,1464.760000,105.539474,5.539474,1225.520000,-16.333051
1860-08 to 1861-07,1860,1861,1334.000000,1464.760000,91.072940,-8.927060,1225.700000,-16.320762
1861-08 to 1862-07,1861,1862,1397.200000,1464.760000,95.387640,-4.612360,1251.930000,-14.530025
1862-08 to 1863-07,1862,1863,1128.000000,1464.760000,77.009203,-22.990797,1193.100000,-18.546383
1863-08 to 1864-07,1863,1864,1246.500000,1464.760000,85.099265,-14.900735,1215.380000,-17.025315
1864-08 to 1865-07,1864,1865,1150.000000,1464.760000,78.511155,-21.488845,1233.900000,-15.760944
1865-08 to 1866-07,1865,1866,1338.100000,1464.760000,91.352850,-8.647150,1263.890000,-13.713509
1866-08 to 1867-07,1866,1867,1496.500000,1464.760000,102.166908,2.166908,1282.840000,-12.419782
1867-08 to 1868-07,1867,1868,1067.800000,1464.760000,72.899315,-27.100685,1292.800000,-11.739807
1868-08 to 1869-07,1868,1869,1444.300000,1464.760000,98.603184,-1.396816,1314.830000,-10.235807
1869-08 to 1870-07,1869,1870,1213.500000,1464.760000,82.846337,-17.153663,1281.590000,-12.505120
1870-08 to 1871-07,1870,1871,1343.900000,1464.760000,91.748819,-8.251181,1282.580000,-12.437532
1871-08 to 1872-07,1871,1872,1553.600000,1464.760000,106.065157,6.065157,1298.220000,-11.369781
1872-08 to 1873-07,1872,1873,1651.900000,1464.760000,112.776154,12.776154,1350.610000,-7.793086
1873-08 to 1874-07,1873,1874,1112.100000,1464.760000,75.923701,-24.076299,1337.170000,-8.710642
1874-08 to 1875-07,1874,1875,1498.600000,1464.760000,102.310276,2.310276,1372.030000,-6.330730
1875-08 to 1876-07,1875,1876,1350.600000,1464.760000,92.206232,-7.793768,1373.280000,-6.245392
1876-08 to 1877-07,1876,1877,1774.100000,1464.760000,121.118818,21.118818,1401.040000,-4.350201
1877-08 to 1878-07,1877,1878,1445.500000,1464.760000,98.685109,-1.314891,1438.810000,-1.771621
1878-08 to 1879-07,1878,1879,1483.100000,1464.760000,101.252082,1.252082,1442.690000,-1.506731
1879-08 to 1880-07,1879,1880,1227.100000,1464.760000,83.774816,-16.225184,1444.050000,-1.413884
1880-08 to 1881-07,1880,1881,1307.900000,1464.760000,89.291078,-10.708922,1440.450000,-1.659658
1881-08 to 1882-07,1881,1882,1551.000000,1464.760000,105.887654,5.887654,1440.190000,-1.677408
1882-08 to 1883-07,1882,1883,1539.300000,1464.760000,105.088888,5.088888,1428.930000,-2.446135
1883-08 to 1884-07,1883,1884,1456.600000,1464.760000,99.442912,-0.557088,1463.380000,-0.094213
1884-08 to 1885-07,1884,1885,1184.900000,1464.760000,80.893798,-19.106202,1432.010000,-2.235861
1885-08 to 1886-07,1885,1886,1444.000000,1464.760000,98.582703,-1.417297,1441.350000,-1.598214
1886-08 to 1887-07,1886,1887,1201.500000,1464.760000,82.027090,-17.972910,1384.090000,-5.507387
1887-08 to 1888-07,1887,1888,1138.200000,1464.760000,77.705563,-22.294437,1353.360000,-7.605341
1888-08 to 1889-07,1888,1889,1205.000000,1464.760000,82.266037,-17.733963,1325.550000,-9.503946
1889-08 to 1890-07,1889,1890,1175.500000,1464.760000,80.252055,-19.747945,1320.390000,-9.856222
1890-08 to 1891-07,1890,1891,1087.300000,1464.760000,74.230591,-25.769409,1298.330000,-11.362271
1891-08 to 1892-07,1891,1892,1460.800000,1464.760000,99.729649,-0.270351,1289.310000,-11.978071
1892-08 to 1893-07,1892,1893,1118.000000,1464.760000,76.326497,-23.673503,1247.180000,-14.854311
1893-08 to 1894-07,1893,1894,1356.300000,1464.760000,92.595374,-7.404626,1237.150000,-15.539064
1894-08 to 1895-07,1894,1895,1210.400000,1464.760000,82.634698,-17.365302,1239.700000,-15.364974
1895-08 to 1896-07,1895,1896,1062.200000,1464.760000,72.516999,-27.483001,1201.520000,-17.971545
1896-08 to 1897-07,1896,1897,1379.000000,1464.760000,94.145116,-5.854884,1219.270000,-16.759742
1897-08 to 1898-07,1897,1898,1277.200000,1464.760000,87.195172,-12.804828,1233.170000,-15.810781
1898-08 to 1899-07,1898,1899,1440.200000,1464.760000,98.323275,-1.676725,1256.690000,-14.205057
1899-08 to 1900-07,1899,1900,1118.100000,1464.760000,76.333324,-23.666676,1250.950000,-14.596931
1900-08 to 1901-07,1900,1901,1323.200000,1464.760000,90.335618,-9.664382,1274.540000,-12.986428
1901-08 to 1902-07,1901,1902,1146.300000,1464.760000,78.258554,-21.741446,1243.090000,-15.133537
1902-08 to 1903-07,1902,1903,1381.400000,1464.760000,94.308965,-5.691035,1269.430000,-13.335290
1903-08 to 1904-07,1903,1904,1605.400000,1464.760000,109.601573,9.601573,1294.340000,-11.634671
1904-08 to 1905-07,1904,1905,1081.700000,1464.760000,73.848275,-26.151725,1281.470000,-12.513313
1905-08 to 1906-07,1905,1906,1220.400000,1464.760000,83.317404,-16.682596,1297.290000,-11.433272
1906-08 to 1907-07,1906,1907,1273.800000,1464.760000,86.963052,-13.036948,1286.770000,-12.151479
1907-08 to 1908-07,1907,1908,1337.700000,1464.760000,91.325541,-8.674459,1292.820000,-11.738442
1908-08 to 1909-07,1908,1909,1159.300000,1464.760000,79.146072,-20.853928,1264.730000,-13.656162
1909-08 to 1910-07,1909,1910,1477.300000,1464.760000,100.856113,0.856113,1300.650000,-11.203883
1910-08 to 1911-07,1910,1911,1212.900000,1464.760000,82.805374,-17.194626,1289.620000,-11.956908
1911-08 to 1912-07,1911,1912,1583.500000,1464.760000,108.106447,8.106447,1333.340000,-8.972118
1912-08 to 1913-07,1912,1913,1585.700000,1464.760000,108.256643,8.256643,1353.770000,-7.577351
1913-08 to 1914-07,1913,1914,1345.800000,1464.760000,91.878533,-8.121467,1327.810000,-9.349655
1914-08 to 1915-07,1914,1915,1401.100000,1464.760000,95.653896,-4.346104,1359.750000,-7.169093
1915-08 to 1916-07,1915,1916,1305.200000,1464.760000,89.106748,-10.893252,1368.230000,-6.590158
1916-08 to 1917-07,1916,1917,1206.300000,1464.760000,82.354788,-17.645212,1361.480000,-7.050984
1917-08 to 1918-07,1917,1918,1399.300000,1464.760000,95.531008,-4.468992,1367.640000,-6.630438
1918-08 to 1919-07,1918,1919,1490.100000,1464.760000,101.729976,1.729976,1400.720000,-4.372047
1919-08 to 1920-07,1919,1920,1679.600000,1464.760000,114.667249,14.667249,1420.950000,-2.990934
1920-08 to 1921-07,1920,1921,1066.500000,1464.760000,72.810563,-27.189437,1406.310000,-3.990415
1921-08 to 1922-07,1921,1922,1321.800000,1464.760000,90.240039,-9.759961,1380.140000,-5.777056
1922-08 to 1923-07,1922,1923,1287.600000,1464.760000,87.905186,-12.094814,1350.330000,-7.812201
1923-08 to 1924-07,1923,1924,1524.300000,1464.760000,104.064830,4.064830,1368.180000,-6.593572
1924-08 to 1925-07,1924,1925,1543.100000,1464.760000,105.348316,5.348316,1382.380000,-5.624130
1925-08 to 1926-07,1925,1926,1350.400000,1464.760000,92.192578,-7.807422,1386.900000,-5.315547
1926-08 to 1927-07,1926,1927,1412.500000,1464.760000,96.432180,-3.567820,1407.520000,-3.907807
1927-08 to 1928-07,1927,1928,1620.200000,1464.760000,110.611977,10.611977,1429.610000,-2.399711
1928-08 to 1929-07,1928,1929,1223.000000,1464.760000,83.494907,-16.505093,1402.900000,-4.223217
1929-08 to 1930-07,1929,1930,1699.900000,1464.760000,116.053142,16.053142,1404.930000,-4.084628
1930-08 to 1931-07,1930,1931,1674.900000,1464.760000,114.346378,14.346378,1465.770000,0.068953
1931-08 to 1932-07,1931,1932,1398.900000,1464.760000,95.503700,-4.496300,1473.480000,0.595319
1932-08 to 1933-07,1932,1933,1253.300000,1464.760000,85.563505,-14.436495,1470.050000,0.361151
1933-08 to 1934-07,1933,1934,899.500000,1464.760000,61.409378,-38.590622,1407.570000,-3.904394
1934-08 to 1935-07,1934,1935,1380.100000,1464.760000,94.220214,-5.779786,1391.270000,-5.017204
1935-08 to 1936-07,1935,1936,1574.100000,1464.760000,107.464704,7.464704,1413.640000,-3.489992
1936-08 to 1937-07,1936,1937,1380.400000,1464.760000,94.240695,-5.759305,1410.430000,-3.709140
1937-08 to 1938-07,1937,1938,1077.000000,1464.760000,73.527404,-26.472596,1356.110000,-7.417597
1938-08 to 1939-07,1938,1939,1623.400000,1464.760000,110.830443,10.830443,1396.150000,-4.684044
1939-08 to 1940-07,1939,1940,1200.300000,1464.760000,81.945165,-18.054835,1346.190000,-8.094841
1940-08 to 1941-07,1940,1941,1261.000000,1464.760000,86.089189,-13.910811,1304.800000,-10.920560
1941-08 to 1942-07,1941,1942,1188.000000,1464.760000,81.105437,-18.894563,1283.710000,-12.360387
1942-08 to 1943-07,1942,1943,1359.300000,1464.760000,92.800186,-7.199814,1294.310000,-11.636719
1943-08 to 1944-07,1943,1944,1164.800000,1464.760000,79.521560,-20.478440,1320.840000,-9.825500
1944-08 to 1945-07,1944,1945,1524.300000,1464.760000,104.064830,4.064830,1335.260000,-8.841039
1945-08 to 1946-07,1945,1946,1257.300000,1464.760000,85.836588,-14.163412,1303.580000,-11.003850
1946-08 to 1947-07,1946,1947,1658.200000,1464.760000,113.206259,13.206259,1331.360000,-9.107294
1947-08 to 1948-07,1947,1948,1255.400000,1464.760000,85.706873,-14.293127,1349.200000,-7.889347
1948-08 to 1949-07,1948,1949,1240.600000,1464.760000,84.696469,-15.303531,1310.920000,-10.502744
1949-08 to 1950-07,1949,1950,1430.600000,1464.760000,97.667877,-2.332123,1333.950000,-8.930473
1950-08 to 1951-07,1950,1951,1589.300000,1464.760000,108.502417,8.502417,1366.780000,-6.689150
1951-08 to 1952-07,1951,1952,1433.600000,1464.760000,97.872689,-2.127311,1391.340000,-5.012425
1952-08 to 1953-07,1952,1953,1283.100000,1464.760000,87.597968,-12.402032,1383.720000,-5.532647
1953-08 to 1954-07,1953,1954,1338.300000,1464.760000,91.366504,-8.633496,1401.070000,-4.348153
1954-08 to 1955-07,1954,1955,1671.300000,1464.760000,114.100604,14.100604,1415.770000,-3.344575
1955-08 to 1956-07,1955,1956,1021.700000,1464.760000,69.752041,-30.247959,1392.210000,-4.953030
1956-08 to 1957-07,1956,1957,1379.000000,1464.760000,94.145116,-5.854884,1364.290000,-6.859144
1957-08 to 1958-07,1957,1958,1521.900000,1464.760000,103.900980,3.900980,1390.940000,-5.039733
1958-08 to 1959-07,1958,1959,1350.800000,1464.760000,92.219886,-7.780114,1401.960000,-4.287392
1959-08 to 1960-07,1959,1960,1489.600000,1464.760000,101.695841,1.695841,1407.860000,-3.884595
1960-08 to 1961-07,1960,1961,1602.000000,1464.760000,109.369453,9.369453,1409.130000,-3.797892
1961-08 to 1962-07,1961,1962,1364.200000,1464.760000,93.134711,-6.865289,1402.190000,-4.271690
1962-08 to 1963-07,1962,1963,1246.800000,1464.760000,85.119747,-14.880253,1398.560000,-4.519512
1963-08 to 1964-07,1963,1964,1092.800000,1464.760000,74.606079,-25.393921,1374.010000,-6.195554
1964-08 to 1965-07,1964,1965,1325.800000,1464.760000,90.513122,-9.486878,1339.460000,-8.554302
1965-08 to 1966-07,1965,1966,1579.900000,1464.760000,107.860673,7.860673,1395.280000,-4.743439
1966-08 to 1967-07,1966,1967,1453.700000,1464.760000,99.244927,-0.755073,1402.750000,-4.233458
1967-08 to 1968-07,1967,1968,1604.300000,1464.760000,109.526475,9.526475,1410.990000,-3.670909
1968-08 to 1969-07,1968,1969,1337.900000,1464.760000,91.339195,-8.660805,1409.700000,-3.758978
1969-08 to 1970-07,1969,1970,1319.700000,1464.760000,90.096671,-9.903329,1392.710000,-4.918895
1970-08 to 1971-07,1970,1971,1347.300000,1464.760000,91.980939,-8.019061,1367.240000,-6.657746
1971-08 to 1972-07,1971,1972,1396.200000,1464.760000,95.319370,-4.680630,1370.440000,-6.439280
1972-08 to 1973-07,1972,1973,1124.300000,1464.760000,76.756602,-23.243398,1358.190000,-7.275595
1973-08 to 1974-07,1973,1974,1393.100000,1464.760000,95.107731,-4.892269,1388.220000,-5.225429
1974-08 to 1975-07,1974,1975,1433.200000,1464.760000,97.845381,-2.154619,1398.960000,-4.492204
1975-08 to 1976-07,1975,1976,949.200000,1464.760000,64.802425,-35.197575,1335.890000,-8.798028
1976-08 to 1977-07,1976,1977,1440.000000,1464.760000,98.309621,-1.690379,1334.520000,-8.891559
1977-08 to 1978-07,1977,1978,1401.400000,1464.760000,95.674377,-4.325623,1314.230000,-10.276769
1978-08 to 1979-07,1978,1979,1259.100000,1464.760000,85.959475,-14.040525,1306.350000,-10.814741
1979-08 to 1980-07,1979,1980,1507.800000,1464.760000,102.938365,2.938365,1325.160000,-9.530572
1980-08 to 1981-07,1980,1981,1534.100000,1464.760000,104.733881,4.733881,1343.840000,-8.255277
1981-08 to 1982-07,1981,1982,1442.300000,1464.760000,98.466643,-1.533357,1348.450000,-7.940550
1982-08 to 1983-07,1982,1983,1602.200000,1464.760000,109.383107,9.383107,1396.240000,-4.677899
1983-08 to 1984-07,1983,1984,1197.300000,1464.760000,81.740353,-18.259647,1376.660000,-6.014637
1984-08 to 1985-07,1984,1985,1507.500000,1464.760000,102.917884,2.917884,1384.090000,-5.507387
1985-08 to 1986-07,1985,1986,1439.300000,1464.760000,98.261831,-1.738169,1433.100000,-2.161446
1986-08 to 1987-07,1986,1987,1488.700000,1464.760000,101.634397,1.634397,1437.970000,-1.828969
1987-08 to 1988-07,1987,1988,1638.800000,1464.760000,111.881810,11.881810,1461.710000,-0.208225
1988-08 to 1989-07,1988,1989,1245.500000,1464.760000,85.030995,-14.969005,1460.350000,-0.301073
1989-08 to 1990-07,1989,1990,1439.100000,1464.760000,98.248177,-1.751823,1453.480000,-0.770092
1990-08 to 1991-07,1990,1991,1376.200000,1464.760000,93.953958,-6.046042,1437.690000,-1.848084
1991-08 to 1992-07,1991,1992,1168.700000,1464.760000,79.787815,-20.212185,1410.330000,-3.715967
1992-08 to 1993-07,1992,1993,1577.700000,1464.760000,107.710478,7.710478,1407.880000,-3.883230
1993-08 to 1994-07,1993,1994,1539.700000,1464.760000,105.116197,5.116197,1442.120000,-1.545646
1994-08 to 1995-07,1994,1995,1541.000000,1464.760000,105.204948,5.204948,1445.470000,-1.316939
1995-08 to 1996-07,1995,1996,1097.600000,1464.760000,74.933778,-25.066222,1411.300000,-3.649745
1996-08 to 1997-07,1996,1997,1238.400000,1464.760000,84.546274,-15.453726,1386.270000,-5.358557
1997-08 to 1998-07,1997,1998,1582.700000,1464.760000,108.051831,8.051831,1380.660000,-5.741555
1998-08 to 1999-07,1998,1999,1571.600000,1464.760000,107.294028,7.294028,1413.270000,-3.515252
1999-08 to 2000-07,1999,2000,1650.900000,1464.760000,112.707884,12.707884,1434.450000,-2.069281
2000-08 to 2001-07,2000,2001,1808.600000,1464.760000,123.474153,23.474153,1477.690000,0.882738
2001-08 to 2002-07,2001,2002,1556.000000,1464.760000,106.229007,6.229007,1516.420000,3.526858
2002-08 to 2003-07,2002,2003,1375.100000,1464.760000,93.878861,-6.121139,1496.160000,2.143696
2003-08 to 2004-07,2003,2004,1180.800000,1464.760000,80.613889,-19.386111,1460.270000,-0.306535
2004-08 to 2005-07,2004,2005,1399.600000,1464.760000,95.551490,-4.448510,1446.130000,-1.271881
2005-08 to 2006-07,2005,2006,1326.500000,1464.760000,90.560911,-9.439089,1469.020000,0.290833
2006-08 to 2007-07,2006,2007,1810.400000,1464.760000,123.597040,23.597040,1526.220000,4.195909
2007-08 to 2008-07,2007,2008,1375.800000,1464.760000,93.926650,-6.073350,1505.530000,2.783391
2008-08 to 2009-07,2008,2009,1536.100000,1464.760000,104.870422,4.870422,1501.980000,2.541031
2009-08 to 2010-07,2009,2010,1315.100000,1464.760000,89.782627,-10.217373,1468.400000,0.248505
2010-08 to 2011-07,2010,2011,1211.000000,1464.760000,82.675660,-17.324340,1408.640000,-3.831344
2011-08 to 2012-07,2011,2012,1471.200000,1464.760000,100.439662,0.439662,1400.160000,-4.410279
2012-08 to 2013-07,2012,2013,1476.200000,1464.760000,100.781015,0.781015,1410.270000,-3.720063
2013-08 to 2014-07,2013,2014,1649.300000,1464.760000,112.598651,12.598651,1457.120000,-0.521587
2014-08 to 2015-07,2014,2015,1364.300000,1464.760000,93.141539,-6.858461,1453.590000,-0.762582
2015-08 to 2016-07,2015,2016,1738.600000,1464.760000,118.695213,18.695213,1494.800000,2.050848
2016-08 to 2017-07,2016,2017,1190.800000,1464.760000,81.296595,-18.703405,1432.840000,-2.179197
2017-08 to 2018-07,2017,2018,1356.900000,1464.760000,92.636336,-7.363664,1430.950000,-2.308228
2018-08 to 2019-07,2018,2019,1416.600000,1464.760000,96.712089,-3.287911,1419.000000,-3.124061
2019-08 to 2020-07,2019,2020,1769.400000,1464.760000,120.797946,20.797946,1464.430000,-0.022529
2020-08 to 2021-07,2020,2021,1702.300000,1464.760000,116.216991,16.216991,1513.560000,3.331604
2021-08 to 2022-07,2021,2022,1249.400000,1464.760000,85.297250,-14.702750,1491.380000,1.817363
2022-08 to 2023-07,2022,2023,1509.000000,1464.760000,103.020290,3.020290,1494.660000,2.041290
2023-08 to 2024-07,2023,2024,1862.500000,1464.760000,127.153936,27.153936,1515.980000,3.496819
2024-08 to 2025-07,2024,2025,1290.200000,1464.760000,88.082689,-11.917311,1508.570000,2.990934
2025-08 to 2026-07,2025,2026,1547.500000,1464.760000,105.648707,5.648707,1489.460000,1.686283
