date,year,month,month_name,rainfall_mm
1836-01-01,1836,1,jan,120.700000
1836-02-01,1836,2,feb,76.500000
1836-03-01,1836,3,mar,180.900000
1836-04-01,1836,4,apr,94.100000
1836-05-01,1836,5,may,6.800000
1836-06-01,1836,6,jun,106.000000
1836-07-01,1836,7,jul,124.200000
1836-08-01,1836,8,aug,69.700000
1836-09-01,1836,9,sep,132.700000
1836-10-01,1836,10,oct,143.400000
1836-11-01,1836,11,nov,225.200000
1836-12-01,1836,12,dec,156.800000
1837-01-01,1837,1,jan,125.200000
1837-02-01,1837,2,feb,143.900000
1837-03-01,1837,3,mar,47.400000
1837-04-01,1837,4,apr,57.000000
1837-05-01,1837,5,may,50.400000
1837-06-01,1837,6,jun,69.300000
1837-07-01,1837,7,jul,74.600000
1837-08-01,1837,8,aug,119.200000
1837-09-01,1837,9,sep,106.300000
1837-10-01,1837,10,oct,156.600000
1837-11-01,1837,11,nov,155.600000
1837-12-01,1837,12,dec,121.600000
1838-01-01,1838,1,jan,36.300000
1838-02-01,1838,2,feb,83.700000
1838-03-01,1838,3,mar,71.800000
1838-04-01,1838,4,apr,87.700000
1838-05-01,1838,5,may,99.600000
1838-06-01,1838,6,jun,147.500000
1838-07-01,1838,7,jul,84.200000
1838-08-01,1838,8,aug,138.200000
1838-09-01,1838,9,sep,42.800000
1838-10-01,1838,10,oct,155.900000
1838-11-01,1838,11,nov,210.600000
1838-12-01,1838,12,dec,101.600000
1839-01-01,1839,1,jan,105.900000
1839-02-01,1839,2,feb,93.800000
1839-03-01,1839,3,mar,93.300000
1839-04-01,1839,4,apr,62.700000
1839-05-01,1839,5,may,34.200000
1839-06-01,1839,6,jun,144.400000
1839-07-01,1839,7,jul,216.400000
1839-08-01,1839,8,aug,127.100000
1839-09-01,1839,9,sep,205.600000
1839-10-01,1839,10,oct,146.900000
1839-11-01,1839,11,nov,194.100000
1839-12-01,1839,12,dec,118.100000
1840-01-01,1840,1,jan,159.300000
1840-02-01,1840,2,feb,102.400000
1840-03-01,1840,3,mar,7.700000
1840-04-01,1840,4,apr,31.000000
1840-05-01,1840,5,may,89.100000
1840-06-01,1840,6,jun,91.700000
1840-07-01,1840,7,jul,119.600000
1840-08-01,1840,8,aug,122.300000
1840-09-01,1840,9,sep,117.100000
1840-10-01,1840,10,oct,81.000000
1840-11-01,1840,11,nov,237.700000
1840-12-01,1840,12,dec,26.500000
1841-01-01,1841,1,jan,116.900000
1841-02-01,1841,2,feb,78.700000
1841-03-01,1841,3,mar,119.600000
1841-04-01,1841,4,apr,79.700000
1841-05-01,1841,5,may,98.700000
1841-06-01,1841,6,jun,87.400000
1841-07-01,1841,7,jul,116.200000
1841-08-01,1841,8,aug,171.200000
1841-09-01,1841,9,sep,189.700000
1841-10-01,1841,10,oct,184.200000
1841-11-01,1841,11,nov,187.700000
1841-12-01,1841,12,dec,208.100000
1842-01-01,1842,1,jan,117.000000
1842-02-01,1842,2,feb,69.300000
1842-03-01,1842,3,mar,148.900000
1842-04-01,1842,4,apr,12.200000
1842-05-01,1842,5,may,86.400000
1842-06-01,1842,6,jun,87.900000
1842-07-01,1842,7,jul,100.800000
1842-08-01,1842,8,aug,50.400000
1842-09-01,1842,9,sep,109.100000
1842-10-01,1842,10,oct,78.000000
1842-11-01,1842,11,nov,269.500000
1842-12-01,1842,12,dec,113.700000
1843-01-01,1843,1,jan,118.600000
1843-02-01,1843,2,feb,62.900000
1843-03-01,1843,3,mar,48.600000
1843-04-01,1843,4,apr,133.700000
1843-05-01,1843,5,may,99.500000
1843-06-01,1843,6,jun,111.000000
1843-07-01,1843,7,jul,88.500000
1843-08-01,1843,8,aug,114.100000
1843-09-01,1843,9,sep,26.600000
1843-10-01,1843,10,oct,254.500000
1843-11-01,1843,11,nov,162.000000
1843-12-01,1843,12,dec,39.900000
1844-01-01,1844,1,jan,88.000000
1844-02-01,1844,2,feb,119.300000
1844-03-01,1844,3,mar,108.800000
1844-04-01,1844,4,apr,35.800000
1844-05-01,1844,5,may,4.100000
1844-06-01,1844,6,jun,35.700000
1844-07-01,1844,7,jul,81.600000
1844-08-01,1844,8,aug,126.300000
1844-09-01,1844,9,sep,86.800000
1844-10-01,1844,10,oct,148.600000
1844-11-01,1844,11,nov,98.900000
1844-12-01,1844,12,dec,25.500000
1845-01-01,1845,1,jan,108.800000
1845-02-01,1845,2,feb,48.100000
1845-03-01,1845,3,mar,62.700000
1845-04-01,1845,4,apr,77.900000
1845-05-01,1845,5,may,48.900000
1845-06-01,1845,6,jun,96.900000
1845-07-01,1845,7,jul,115.800000
1845-08-01,1845,8,aug,169.500000
1845-09-01,1845,9,sep,113.000000
1845-10-01,1845,10,oct,65.600000
1845-11-01,1845,11,nov,125.000000
1845-12-01,1845,12,dec,174.200000
1846-01-01,1846,1,jan,145.300000
1846-02-01,1846,2,feb,59.000000
1846-03-01,1846,3,mar,107.800000
1846-04-01,1846,4,apr,134.200000
1846-05-01,1846,5,may,53.900000
1846-06-01,1846,6,jun,79.500000
1846-07-01,1846,7,jul,122.900000
1846-08-01,1846,8,aug,143.100000
1846-09-01,1846,9,sep,69.900000
1846-10-01,1846,10,oct,186.600000
1846-11-01,1846,11,nov,97.800000
1846-12-01,1846,12,dec,54.900000
1847-01-01,1847,1,jan,112.700000
1847-02-01,1847,2,feb,85.300000
1847-03-01,1847,3,mar,83.000000
1847-04-01,1847,4,apr,65.800000
1847-05-01,1847,5,may,98.000000
1847-06-01,1847,6,jun,79.900000
1847-07-01,1847,7,jul,51.500000
1847-08-01,1847,8,aug,82.500000
1847-09-01,1847,9,sep,115.400000
1847-10-01,1847,10,oct,199.400000
1847-11-01,1847,11,nov,109.100000
1847-12-01,1847,12,dec,214.400000
1848-01-01,1848,1,jan,76.200000
1848-02-01,1848,2,feb,180.600000
1848-03-01,1848,3,mar,126.400000
1848-04-01,1848,4,apr,110.500000
1848-05-01,1848,5,may,51.200000
1848-06-01,1848,6,jun,138.800000
1848-07-01,1848,7,jul,109.200000
1848-08-01,1848,8,aug,183.000000
1848-09-01,1848,9,sep,126.200000
1848-10-01,1848,10,oct,169.900000
1848-11-01,1848,11,nov,96.600000
1848-12-01,1848,12,dec,158.300000
1849-01-01,1849,1,jan,136.000000
1849-02-01,1849,2,feb,66.600000
1849-03-01,1849,3,mar,39.600000
1849-04-01,1849,4,apr,105.100000
1849-05-01,1849,5,may,98.600000
1849-06-01,1849,6,jun,31.200000
1849-07-01,1849,7,jul,100.200000
1849-08-01,1849,8,aug,101.200000
1849-09-01,1849,9,sep,131.200000
1849-10-01,1849,10,oct,156.100000
1849-11-01,1849,11,nov,109.300000
1849-12-01,1849,12,dec,126.300000
1850-01-01,1850,1,jan,77.400000
1850-02-01,1850,2,feb,91.100000
1850-03-01,1850,3,mar,42.800000
1850-04-01,1850,4,apr,134.300000
1850-05-01,1850,5,may,73.100000
1850-06-01,1850,6,jun,47.700000
1850-07-01,1850,7,jul,83.500000
1850-08-01,1850,8,aug,106.200000
1850-09-01,1850,9,sep,87.500000
1850-10-01,1850,10,oct,72.400000
1850-11-01,1850,11,nov,151.100000
1850-12-01,1850,12,dec,117.200000
1851-01-01,1851,1,jan,245.000000
1851-02-01,1851,2,feb,67.300000
1851-03-01,1851,3,mar,151.300000
1851-04-01,1851,4,apr,62.100000
1851-05-01,1851,5,may,47.600000
1851-06-01,1851,6,jun,109.800000
1851-07-01,1851,7,jul,114.700000
1851-08-01,1851,8,aug,90.700000
1851-09-01,1851,9,sep,44.200000
1851-10-01,1851,10,oct,129.800000
1851-11-01,1851,11,nov,74.900000
1851-12-01,1851,12,dec,61.700000
1852-01-01,1852,1,jan,220.800000
1852-02-01,1852,2,feb,140.100000
1852-03-01,1852,3,mar,18.000000
1852-04-01,1852,4,apr,34.900000
1852-05-01,1852,5,may,84.600000
1852-06-01,1852,6,jun,145.400000
1852-07-01,1852,7,jul,89.800000
1852-08-01,1852,8,aug,206.300000
1852-09-01,1852,9,sep,136.800000
1852-10-01,1852,10,oct,144.100000
1852-11-01,1852,11,nov,321.100000
1852-12-01,1852,12,dec,241.300000
1853-01-01,1853,1,jan,159.000000
1853-02-01,1853,2,feb,49.100000
1853-03-01,1853,3,mar,47.500000
1853-04-01,1853,4,apr,93.600000
1853-05-01,1853,5,may,55.400000
1853-06-01,1853,6,jun,118.200000
1853-07-01,1853,7,jul,143.900000
1853-08-01,1853,8,aug,104.800000
1853-09-01,1853,9,sep,75.300000
1853-10-01,1853,10,oct,151.800000
1853-11-01,1853,11,nov,104.700000
1853-12-01,1853,12,dec,44.700000
1854-01-01,1854,1,jan,129.900000
1854-02-01,1854,2,feb,56.000000
1854-03-01,1854,3,mar,44.100000
1854-04-01,1854,4,apr,19.900000
1854-05-01,1854,5,may,82.900000
1854-06-01,1854,6,jun,84.100000
1854-07-01,1854,7,jul,125.500000
1854-08-01,1854,8,aug,83.700000
1854-09-01,1854,9,sep,66.100000
1854-10-01,1854,10,oct,101.200000
1854-11-01,1854,11,nov,90.200000
1854-12-01,1854,12,dec,116.100000
1855-01-01,1855,1,jan,15.100000
1855-02-01,1855,2,feb,47.500000
1855-03-01,1855,3,mar,84.200000
1855-04-01,1855,4,apr,23.800000
1855-05-01,1855,5,may,70.300000
1855-06-01,1855,6,jun,127.000000
1855-07-01,1855,7,jul,139.600000
1855-08-01,1855,8,aug,84.500000
1855-09-01,1855,9,sep,44.500000
1855-10-01,1855,10,oct,186.600000
1855-11-01,1855,11,nov,38.000000
1855-12-01,1855,12,dec,80.800000
1856-01-01,1856,1,jan,127.800000
1856-02-01,1856,2,feb,108.700000
1856-03-01,1856,3,mar,39.600000
1856-04-01,1856,4,apr,106.700000
1856-05-01,1856,5,may,69.400000
1856-06-01,1856,6,jun,70.500000
1856-07-01,1856,7,jul,81.100000
1856-08-01,1856,8,aug,122.600000
1856-09-01,1856,9,sep,136.800000
1856-10-01,1856,10,oct,111.000000
1856-11-01,1856,11,nov,64.000000
1856-12-01,1856,12,dec,156.200000
1857-01-01,1857,1,jan,117.800000
1857-02-01,1857,2,feb,87.600000
1857-03-01,1857,3,mar,123.700000
1857-04-01,1857,4,apr,126.600000
1857-05-01,1857,5,may,70.700000
1857-06-01,1857,6,jun,88.400000
1857-07-01,1857,7,jul,101.600000
1857-08-01,1857,8,aug,109.700000
1857-09-01,1857,9,sep,95.200000
1857-10-01,1857,10,oct,109.700000
1857-11-01,1857,11,nov,66.900000
1857-12-01,1857,12,dec,78.100000
1858-01-01,1858,1,jan,55.900000
1858-02-01,1858,2,feb,31.700000
1858-03-01,1858,3,mar,59.900000
1858-04-01,1858,4,apr,132.200000
1858-05-01,1858,5,may,85.200000
1858-06-01,1858,6,jun,66.800000
1858-07-01,1858,7,jul,76.900000
1858-08-01,1858,8,aug,84.100000
1858-09-01,1858,9,sep,133.100000
1858-10-01,1858,10,oct,167.400000
1858-11-01,1858,11,nov,61.400000
1858-12-01,1858,12,dec,135.500000
1859-01-01,1859,1,jan,97.000000
1859-02-01,1859,2,feb,83.100000
1859-03-01,1859,3,mar,150.800000
1859-04-01,1859,4,apr,121.000000
1859-05-01,1859,5,may,33.000000
1859-06-01,1859,6,jun,62.200000
1859-07-01,1859,7,jul,95.400000
1859-08-01,1859,8,aug,134.500000
1859-09-01,1859,9,sep,184.000000
1859-10-01,1859,10,oct,138.200000
1859-11-01,1859,11,nov,144.200000
1859-12-01,1859,12,dec,155.200000
1860-01-01,1860,1,jan,157.700000
1860-02-01,1860,2,feb,56.700000
1860-03-01,1860,3,mar,125.900000
1860-04-01,1860,4,apr,64.500000
1860-05-01,1860,5,may,104.000000
1860-06-01,1860,6,jun,209.800000
1860-07-01,1860,7,jul,71.200000
1860-08-01,1860,8,aug,241.200000
1860-09-01,1860,9,sep,93.500000
1860-10-01,1860,10,oct,148.500000
1860-11-01,1860,11,nov,90.700000
1860-12-01,1860,12,dec,132.100000
1861-01-01,1861,1,jan,52.700000
1861-02-01,1861,2,feb,125.000000
1861-03-01,1861,3,mar,119.400000
1861-04-01,1861,4,apr,29.400000
1861-05-01,1861,5,may,42.300000
1861-06-01,1861,6,jun,94.600000
1861-07-01,1861,7,jul,164.600000
1861-08-01,1861,8,aug,129.700000
1861-09-01,1861,9,sep,137.900000
1861-10-01,1861,10,oct,85.300000
1861-11-01,1861,11,nov,189.200000
1861-12-01,1861,12,dec,103.800000
1862-01-01,1862,1,jan,123.200000
1862-02-01,1862,2,feb,32.500000
1862-03-01,1862,3,mar,129.500000
1862-04-01,1862,4,apr,120.800000
1862-05-01,1862,5,may,106.100000
1862-06-01,1862,6,jun,111.300000
1862-07-01,1862,7,jul,127.900000
1862-08-01,1862,8,aug,98.300000
1862-09-01,1862,9,sep,112.700000
1862-10-01,1862,10,oct,194.300000
1862-11-01,1862,11,nov,60.500000
1862-12-01,1862,12,dec,137.700000
1863-01-01,1863,1,jan,151.800000
1863-02-01,1863,2,feb,54.400000
1863-03-01,1863,3,mar,50.200000
1863-04-01,1863,4,apr,53.700000
1863-05-01,1863,5,may,56.000000
1863-06-01,1863,6,jun,113.400000
1863-07-01,1863,7,jul,45.000000
1863-08-01,1863,8,aug,144.600000
1863-09-01,1863,9,sep,180.800000
1863-10-01,1863,10,oct,209.300000
1863-11-01,1863,11,nov,141.500000
1863-12-01,1863,12,dec,79.400000
1864-01-01,1864,1,jan,93.700000
1864-02-01,1864,2,feb,67.900000
1864-03-01,1864,3,mar,95.600000
1864-04-01,1864,4,apr,45.400000
1864-05-01,1864,5,may,54.700000
1864-06-01,1864,6,jun,87.300000
1864-07-01,1864,7,jul,46.300000
1864-08-01,1864,8,aug,69.200000
1864-09-01,1864,9,sep,151.800000
1864-10-01,1864,10,oct,88.000000
1864-11-01,1864,11,nov,140.900000
1864-12-01,1864,12,dec,85.700000
1865-01-01,1865,1,jan,131.300000
1865-02-01,1865,2,feb,103.500000
1865-03-01,1865,3,mar,69.900000
1865-04-01,1865,4,apr,36.400000
1865-05-01,1865,5,may,135.000000
1865-06-01,1865,6,jun,47.900000
1865-07-01,1865,7,jul,90.400000
1865-08-01,1865,8,aug,167.100000
1865-09-01,1865,9,sep,16.700000
1865-10-01,1865,10,oct,172.600000
1865-11-01,1865,11,nov,155.500000
1865-12-01,1865,12,dec,97.000000
1866-01-01,1866,1,jan,204.600000
1866-02-01,1866,2,feb,149.200000
1866-03-01,1866,3,mar,110.300000
1866-04-01,1866,4,apr,47.900000
1866-05-01,1866,5,may,43.000000
1866-06-01,1866,6,jun,120.200000
1866-07-01,1866,7,jul,54.000000
1866-08-01,1866,8,aug,130.600000
1866-09-01,1866,9,sep,255.900000
1866-10-01,1866,10,oct,72.200000
1866-11-01,1866,11,nov,136.900000
1866-12-01,1866,12,dec,132.900000
1867-01-01,1867,1,jan,176.900000
1867-02-01,1867,2,feb,103.500000
1867-03-01,1867,3,mar,103.500000
1867-04-01,1867,4,apr,146.700000
1867-05-01,1867,5,may,92.000000
1867-06-01,1867,6,jun,27.000000
1867-07-01,1867,7,jul,118.400000
1867-08-01,1867,8,aug,62.200000
1867-09-01,1867,9,sep,101.100000
1867-10-01,1867,10,oct,186.200000
1867-11-01,1867,11,nov,41.300000
1867-12-01,1867,12,dec,108.800000
1868-01-01,1868,1,jan,153.700000
1868-02-01,1868,2,feb,95.500000
1868-03-01,1868,3,mar,128.300000
1868-04-01,1868,4,apr,76.200000
1868-05-01,1868,5,may,63.800000
1868-06-01,1868,6,jun,15.400000
1868-07-01,1868,7,jul,35.300000
1868-08-01,1868,8,aug,126.900000
1868-09-01,1868,9,sep,96.100000
1868-10-01,1868,10,oct,138.300000
1868-11-01,1868,11,nov,99.000000
1868-12-01,1868,12,dec,297.100000
1869-01-01,1869,1,jan,196.200000
1869-02-01,1869,2,feb,165.500000
1869-03-01,1869,3,mar,63.300000
1869-04-01,1869,4,apr,77.300000
1869-05-01,1869,5,may,116.100000
1869-06-01,1869,6,jun,28.600000
1869-07-01,1869,7,jul,39.900000
1869-08-01,1869,8,aug,62.100000
1869-09-01,1869,9,sep,235.200000
1869-10-01,1869,10,oct,108.700000
1869-11-01,1869,11,nov,135.500000
1869-12-01,1869,12,dec,170.900000
1870-01-01,1870,1,jan,110.800000
1870-02-01,1870,2,feb,111.500000
1870-03-01,1870,3,mar,82.900000
1870-04-01,1870,4,apr,40.900000
1870-05-01,1870,5,may,70.900000
1870-06-01,1870,6,jun,31.200000
1870-07-01,1870,7,jul,52.900000
1870-08-01,1870,8,aug,73.200000
1870-09-01,1870,9,sep,84.800000
1870-10-01,1870,10,oct,272.800000
1870-11-01,1870,11,nov,152.500000
1870-12-01,1870,12,dec,82.200000
1871-01-01,1871,1,jan,114.100000
1871-02-01,1871,2,feb,104.600000
1871-03-01,1871,3,mar,73.500000
1871-04-01,1871,4,apr,121.300000
1871-05-01,1871,5,may,28.700000
1871-06-01,1871,6,jun,72.300000
1871-07-01,1871,7,jul,163.900000
1871-08-01,1871,8,aug,79.400000
1871-09-01,1871,9,sep,143.900000
1871-10-01,1871,10,oct,177.900000
1871-11-01,1871,11,nov,50.300000
1871-12-01,1871,12,dec,108.100000
1872-01-01,1872,1,jan,237.000000
1872-02-01,1872,2,feb,163.700000
1872-03-01,1872,3,mar,134.400000
1872-04-01,1872,4,apr,85.500000
1872-05-01,1872,5,may,71.000000
1872-06-01,1872,6,jun,159.400000
1872-07-01,1872,7,jul,143.000000
1872-08-01,1872,8,aug,101.900000
1872-09-01,1872,9,sep,180.900000
1872-10-01,1872,10,oct,230.600000
1872-11-01,1872,11,nov,252.200000
1872-12-01,1872,12,dec,226.800000
1873-01-01,1873,1,jan,214.500000
1873-02-01,1873,2,feb,53.500000
1873-03-01,1873,3,mar,109.600000
1873-04-01,1873,4,apr,35.700000
1873-05-01,1873,5,may,73.700000
1873-06-01,1873,6,jun,59.400000
1873-07-01,1873,7,jul,113.100000
1873-08-01,1873,8,aug,150.200000
1873-09-01,1873,9,sep,100.800000
1873-10-01,1873,10,oct,136.800000
1873-11-01,1873,11,nov,86.000000
1873-12-01,1873,12,dec,56.400000
1874-01-01,1874,1,jan,154.100000
1874-02-01,1874,2,feb,108.000000
1874-03-01,1874,3,mar,96.700000
1874-04-01,1874,4,apr,69.000000
1874-05-01,1874,5,may,42.600000
1874-06-01,1874,6,jun,38.600000
1874-07-01,1874,7,jul,72.900000
1874-08-01,1874,8,aug,179.400000
1874-09-01,1874,9,sep,149.700000
1874-10-01,1874,10,oct,168.600000
1874-11-01,1874,11,nov,137.800000
1874-12-01,1874,12,dec,149.300000
1875-01-01,1875,1,jan,196.700000
1875-02-01,1875,2,feb,69.400000
1875-03-01,1875,3,mar,50.100000
1875-04-01,1875,4,apr,63.300000
1875-05-01,1875,5,may,81.800000
1875-06-01,1875,6,jun,108.500000
1875-07-01,1875,7,jul,144.000000
1875-08-01,1875,8,aug,120.600000
1875-09-01,1875,9,sep,153.600000
1875-10-01,1875,10,oct,188.300000
1875-11-01,1875,11,nov,189.600000
1875-12-01,1875,12,dec,80.200000
1876-01-01,1876,1,jan,79.500000
1876-02-01,1876,2,feb,162.600000
1876-03-01,1876,3,mar,124.400000
1876-04-01,1876,4,apr,99.200000
1876-05-01,1876,5,may,17.600000
1876-06-01,1876,6,jun,60.100000
1876-07-01,1876,7,jul,74.900000
1876-08-01,1876,8,aug,135.600000
1876-09-01,1876,9,sep,174.100000
1876-10-01,1876,10,oct,159.300000
1876-11-01,1876,11,nov,151.500000
1876-12-01,1876,12,dec,240.800000
1877-01-01,1877,1,jan,226.900000
1877-02-01,1877,2,feb,140.400000
1877-03-01,1877,3,mar,104.700000
1877-04-01,1877,4,apr,101.900000
1877-05-01,1877,5,may,105.800000
1877-06-01,1877,6,jun,83.800000
1877-07-01,1877,7,jul,149.300000
1877-08-01,1877,8,aug,186.600000
1877-09-01,1877,9,sep,105.600000
1877-10-01,1877,10,oct,163.400000
1877-11-01,1877,11,nov,234.400000
1877-12-01,1877,12,dec,120.600000
1878-01-01,1878,1,jan,109.400000
1878-02-01,1878,2,feb,74.500000
1878-03-01,1878,3,mar,64.600000
1878-04-01,1878,4,apr,75.200000
1878-05-01,1878,5,may,153.500000
1878-06-01,1878,6,jun,105.800000
1878-07-01,1878,7,jul,51.900000
1878-08-01,1878,8,aug,186.700000
1878-09-01,1878,9,sep,108.700000
1878-10-01,1878,10,oct,182.500000
1878-11-01,1878,11,nov,132.800000
1878-12-01,1878,12,dec,95.500000
1879-01-01,1879,1,jan,76.200000
1879-02-01,1879,2,feb,144.100000
1879-03-01,1879,3,mar,69.100000
1879-04-01,1879,4,apr,63.800000
1879-05-01,1879,5,may,84.100000
1879-06-01,1879,6,jun,185.400000
1879-07-01,1879,7,jul,154.200000
1879-08-01,1879,8,aug,235.100000
1879-09-01,1879,9,sep,139.900000
1879-10-01,1879,10,oct,60.800000
1879-11-01,1879,11,nov,30.800000
1879-12-01,1879,12,dec,83.700000
1880-01-01,1880,1,jan,31.900000
1880-02-01,1880,2,feb,130.900000
1880-03-01,1880,3,mar,73.700000
1880-04-01,1880,4,apr,72.100000
1880-05-01,1880,5,may,63.900000
1880-06-01,1880,6,jun,106.300000
1880-07-01,1880,7,jul,198.000000
1880-08-01,1880,8,aug,42.800000
1880-09-01,1880,9,sep,105.200000
1880-10-01,1880,10,oct,159.400000
1880-11-01,1880,11,nov,167.600000
1880-12-01,1880,12,dec,196.400000
1881-01-01,1881,1,jan,36.000000
1881-02-01,1881,2,feb,154.500000
1881-03-01,1881,3,mar,113.800000
1881-04-01,1881,4,apr,48.100000
1881-05-01,1881,5,may,96.500000
1881-06-01,1881,6,jun,107.700000
1881-07-01,1881,7,jul,79.900000
1881-08-01,1881,8,aug,167.500000
1881-09-01,1881,9,sep,62.100000
1881-10-01,1881,10,oct,103.200000
1881-11-01,1881,11,nov,185.900000
1881-12-01,1881,12,dec,144.700000
1882-01-01,1882,1,jan,138.700000
1882-02-01,1882,2,feb,119.200000
1882-03-01,1882,3,mar,102.000000
1882-04-01,1882,4,apr,142.500000
1882-05-01,1882,5,may,66.900000
1882-06-01,1882,6,jun,140.100000
1882-07-01,1882,7,jul,178.200000
1882-08-01,1882,8,aug,145.200000
1882-09-01,1882,9,sep,101.700000
1882-10-01,1882,10,oct,176.000000
1882-11-01,1882,11,nov,212.600000
1882-12-01,1882,12,dec,176.200000
1883-01-01,1883,1,jan,182.400000
1883-02-01,1883,2,feb,168.900000
1883-03-01,1883,3,mar,57.600000
1883-04-01,1883,4,apr,36.700000
1883-05-01,1883,5,may,61.700000
1883-06-01,1883,6,jun,114.200000
1883-07-01,1883,7,jul,106.100000
1883-08-01,1883,8,aug,77.600000
1883-09-01,1883,9,sep,180.300000
1883-10-01,1883,10,oct,156.200000
1883-11-01,1883,11,nov,176.500000
1883-12-01,1883,12,dec,91.500000
1884-01-01,1884,1,jan,185.600000
1884-02-01,1884,2,feb,163.200000
1884-03-01,1884,3,mar,122.700000
1884-04-01,1884,4,apr,53.600000
1884-05-01,1884,5,may,70.100000
1884-06-01,1884,6,jun,55.300000
1884-07-01,1884,7,jul,124.000000
1884-08-01,1884,8,aug,66.300000
1884-09-01,1884,9,sep,102.400000
1884-10-01,1884,10,oct,82.100000
1884-11-01,1884,11,nov,92.200000
1884-12-01,1884,12,dec,183.000000
1885-01-01,1885,1,jan,115.400000
1885-02-01,1885,2,feb,175.700000
1885-03-01,1885,3,mar,68.500000
1885-04-01,1885,4,apr,88.600000
1885-05-01,1885,5,may,83.100000
1885-06-01,1885,6,jun,77.800000
1885-07-01,1885,7,jul,49.800000
1885-08-01,1885,8,aug,85.300000
1885-09-01,1885,9,sep,184.700000
1885-10-01,1885,10,oct,189.600000
1885-11-01,1885,11,nov,149.400000
1885-12-01,1885,12,dec,59.100000
1886-01-01,1886,1,jan,162.000000
1886-02-01,1886,2,feb,48.000000
1886-03-01,1886,3,mar,153.300000
1886-04-01,1886,4,apr,78.400000
1886-05-01,1886,5,may,156.900000
1886-06-01,1886,6,jun,48.600000
1886-07-01,1886,7,jul,128.700000
1886-08-01,1886,8,aug,65.300000
1886-09-01,1886,9,sep,145.000000
1886-10-01,1886,10,oct,211.800000
1886-11-01,1886,11,nov,149.600000
1886-12-01,1886,12,dec,195.900000
1887-01-01,1887,1,jan,111.700000
1887-02-01,1887,2,feb,42.200000
1887-03-01,1887,3,mar,65.900000
1887-04-01,1887,4,apr,49.000000
1887-05-01,1887,5,may,65.400000
1887-06-01,1887,6,jun,24.200000
1887-07-01,1887,7,jul,75.500000
1887-08-01,1887,8,aug,79.100000
1887-09-01,1887,9,sep,120.700000
1887-10-01,1887,10,oct,94.800000
1887-11-01,1887,11,nov,111.800000
1887-12-01,1887,12,dec,121.800000
1888-01-01,1888,1,jan,59.500000
1888-02-01,1888,2,feb,33.100000
1888-03-01,1888,3,mar,106.700000
1888-04-01,1888,4,apr,64.700000
1888-05-01,1888,5,may,51.300000
1888-06-01,1888,6,jun,99.300000
1888-07-01,1888,7,jul,195.400000
1888-08-01,1888,8,aug,136.300000
1888-09-01,1888,9,sep,38.800000
1888-10-01,1888,10,oct,89.200000
1888-11-01,1888,11,nov,223.300000
1888-12-01,1888,12,dec,150.900000
1889-01-01,1889,1,jan,60.200000
1889-02-01,1889,2,feb,83.900000
1889-03-01,1889,3,mar,91.700000
1889-04-01,1889,4,apr,122.700000
1889-05-01,1889,5,may,94.000000
1889-06-01,1889,6,jun,17.200000
1889-07-01,1889,7,jul,96.800000
1889-08-01,1889,8,aug,134.000000
1889-09-01,1889,9,sep,76.700000
1889-10-01,1889,10,oct,149.200000
1889-11-01,1889,11,nov,76.100000
1889-12-01,1889,12,dec,106.300000
1890-01-01,1890,1,jan,203.200000
1890-02-01,1890,2,feb,34.100000
1890-03-01,1890,3,mar,82.600000
1890-04-01,1890,4,apr,48.600000
1890-05-01,1890,5,may,79.100000
1890-06-01,1890,6,jun,90.500000
1890-07-01,1890,7,jul,95.100000
1890-08-01,1890,8,aug,129.200000
1890-09-01,1890,9,sep,62.200000
1890-10-01,1890,10,oct,95.300000
1890-11-01,1890,11,nov,213.200000
1890-12-01,1890,12,dec,41.700000
1891-01-01,1891,1,jan,112.300000
1891-02-01,1891,2,feb,8.100000
1891-03-01,1891,3,mar,60.400000
1891-04-01,1891,4,apr,85.900000
1891-05-01,1891,5,may,100.100000
1891-06-01,1891,6,jun,95.700000
1891-07-01,1891,7,jul,83.200000
1891-08-01,1891,8,aug,207.000000
1891-09-01,1891,9,sep,131.000000
1891-10-01,1891,10,oct,257.000000
1891-11-01,1891,11,nov,133.000000
1891-12-01,1891,12,dec,243.000000
1892-01-01,1892,1,jan,96.400000
1892-02-01,1892,2,feb,75.200000
1892-03-01,1892,3,mar,41.100000
1892-04-01,1892,4,apr,43.400000
1892-05-01,1892,5,may,74.700000
1892-06-01,1892,6,jun,77.600000
1892-07-01,1892,7,jul,81.400000
1892-08-01,1892,8,aug,135.300000
1892-09-01,1892,9,sep,125.500000
1892-10-01,1892,10,oct,154.900000
1892-11-01,1892,11,nov,109.500000
1892-12-01,1892,12,dec,81.300000
1893-01-01,1893,1,jan,77.300000
1893-02-01,1893,2,feb,164.500000
1893-03-01,1893,3,mar,29.800000
1893-04-01,1893,4,apr,13.500000
1893-05-01,1893,5,may,67.200000
1893-06-01,1893,6,jun,62.600000
1893-07-01,1893,7,jul,96.600000
1893-08-01,1893,8,aug,97.400000
1893-09-01,1893,9,sep,91.200000
1893-10-01,1893,10,oct,143.600000
1893-11-01,1893,11,nov,98.100000
1893-12-01,1893,12,dec,168.900000
1894-01-01,1894,1,jan,147.800000
1894-02-01,1894,2,feb,141.200000
1894-03-01,1894,3,mar,104.600000
1894-04-01,1894,4,apr,65.300000
1894-05-01,1894,5,may,108.000000
1894-06-01,1894,6,jun,70.300000
1894-07-01,1894,7,jul,119.900000
1894-08-01,1894,8,aug,124.700000
1894-09-01,1894,9,sep,45.700000
1894-10-01,1894,10,oct,175.400000
1894-11-01,1894,11,nov,179.600000
1894-12-01,1894,12,dec,127.900000
1895-01-01,1895,1,jan,134.400000
1895-02-01,1895,2,feb,10.000000
1895-03-01,1895,3,mar,129.600000
1895-04-01,1895,4,apr,85.600000
1895-05-01,1895,5,may,18.600000
1895-06-01,1895,6,jun,32.500000
1895-07-01,1895,7,jul,146.400000
1895-08-01,1895,8,aug,122.700000
1895-09-01,1895,9,sep,38.500000
1895-10-01,1895,10,oct,148.100000
1895-11-01,1895,11,nov,179.900000
1895-12-01,1895,12,dec,117.400000
1896-01-01,1896,1,jan,56.100000
1896-02-01,1896,2,feb,37.600000
1896-03-01,1896,3,mar,156.200000
1896-04-01,1896,4,apr,39.000000
1896-05-01,1896,5,may,7.800000
1896-06-01,1896,6,jun,66.000000
1896-07-01,1896,7,jul,92.900000
1896-08-01,1896,8,aug,89.200000
1896-09-01,1896,9,sep,217.100000
1896-10-01,1896,10,oct,163.100000
1896-11-01,1896,11,nov,45.100000
1896-12-01,1896,12,dec,207.200000
1897-01-01,1897,1,jan,63.600000
1897-02-01,1897,2,feb,116.400000
1897-03-01,1897,3,mar,165.400000
1897-04-01,1897,4,apr,115.400000
1897-05-01,1897,5,may,47.200000
1897-06-01,1897,6,jun,88.600000
1897-07-01,1897,7,jul,60.700000
1897-08-01,1897,8,aug,161.600000
1897-09-01,1897,9,sep,144.700000
1897-10-01,1897,10,oct,65.900000
1897-11-01,1897,11,nov,134.800000
1897-12-01,1897,12,dec,211.600000
1898-01-01,1898,1,jan,92.700000
1898-02-01,1898,2,feb,97.000000
1898-03-01,1898,3,mar,45.000000
1898-04-01,1898,4,apr,83.800000
1898-05-01,1898,5,may,124.900000
1898-06-01,1898,6,jun,80.600000
1898-07-01,1898,7,jul,34.600000
1898-08-01,1898,8,aug,153.100000
1898-09-01,1898,9,sep,59.900000
1898-10-01,1898,10,oct,182.000000
1898-11-01,1898,11,nov,116.100000
1898-12-01,1898,12,dec,171.200000
1899-01-01,1899,1,jan,226.300000
1899-02-01,1899,2,feb,125.500000
1899-03-01,1899,3,mar,62.000000
1899-04-01,1899,4,apr,133.500000
1899-05-01,1899,5,may,90.500000
1899-06-01,1899,6,jun,57.800000
1899-07-01,1899,7,jul,62.300000
1899-08-01,1899,8,aug,51.300000
1899-09-01,1899,9,sep,105.600000
1899-10-01,1899,10,oct,117.600000
1899-11-01,1899,11,nov,108.200000
1899-12-01,1899,12,dec,96.900000
1900-01-01,1900,1,jan,150.400000
1900-02-01,1900,2,feb,156.700000
1900-03-01,1900,3,mar,34.600000
1900-04-01,1900,4,apr,60.900000
1900-05-01,1900,5,may,81.700000
1900-06-01,1900,6,jun,95.100000
1900-07-01,1900,7,jul,59.100000
1900-08-01,1900,8,aug,165.500000
1900-09-01,1900,9,sep,61.300000
1900-10-01,1900,10,oct,179.100000
1900-11-01,1900,11,nov,145.600000
1900-12-01,1900,12,dec,201.900000
1901-01-01,1901,1,jan,101.500000
1901-02-01,1901,2,feb,49.900000
1901-03-01,1901,3,mar,122.000000
1901-04-01,1901,4,apr,110.100000
1901-05-01,1901,5,may,32.800000
1901-06-01,1901,6,jun,84.700000
1901-07-01,1901,7,jul,68.800000
1901-08-01,1901,8,aug,124.400000
1901-09-01,1901,9,sep,84.500000
1901-10-01,1901,10,oct,116.200000
1901-11-01,1901,11,nov,103.500000
1901-12-01,1901,12,dec,188.300000
1902-01-01,1902,1,jan,84.700000
1902-02-01,1902,2,feb,48.600000
1902-03-01,1902,3,mar,85.800000
1902-04-01,1902,4,apr,65.000000
1902-05-01,1902,5,may,92.100000
1902-06-01,1902,6,jun,88.200000
1902-07-01,1902,7,jul,65.000000
1902-08-01,1902,8,aug,96.500000
1902-09-01,1902,9,sep,70.100000
1902-10-01,1902,10,oct,126.400000
1902-11-01,1902,11,nov,117.500000
1902-12-01,1902,12,dec,128.800000
1903-01-01,1903,1,jan,179.300000
1903-02-01,1903,2,feb,123.800000
1903-03-01,1903,3,mar,215.900000
1903-04-01,1903,4,apr,66.000000
1903-05-01,1903,5,may,96.700000
1903-06-01,1903,6,jun,54.500000
1903-07-01,1903,7,jul,105.900000
1903-08-01,1903,8,aug,194.700000
1903-09-01,1903,9,sep,161.200000
1903-10-01,1903,10,oct,326.400000
1903-11-01,1903,11,nov,112.600000
1903-12-01,1903,12,dec,120.100000
1904-01-01,1904,1,jan,164.700000
1904-02-01,1904,2,feb,154.500000
1904-03-01,1904,3,mar,70.800000
1904-04-01,1904,4,apr,88.000000
1904-05-01,1904,5,may,75.800000
1904-06-01,1904,6,jun,55.200000
1904-07-01,1904,7,jul,81.400000
1904-08-01,1904,8,aug,118.300000
1904-09-01,1904,9,sep,82.200000
1904-10-01,1904,10,oct,73.800000
1904-11-01,1904,11,nov,92.200000
1904-12-01,1904,12,dec,123.600000
1905-01-01,1905,1,jan,65.900000
1905-02-01,1905,2,feb,60.800000
1905-03-01,1905,3,mar,172.600000
1905-04-01,1905,4,apr,116.200000
1905-05-01,1905,5,may,29.900000
1905-06-01,1905,6,jun,82.000000
1905-07-01,1905,7,jul,64.200000
1905-08-01,1905,8,aug,169.700000
1905-09-01,1905,9,sep,69.200000
1905-10-01,1905,10,oct,93.300000
1905-11-01,1905,11,nov,141.500000
1905-12-01,1905,12,dec,47.600000
1906-01-01,1906,1,jan,205.100000
1906-02-01,1906,2,feb,120.600000
1906-03-01,1906,3,mar,105.100000
1906-04-01,1906,4,apr,39.900000
1906-05-01,1906,5,may,120.500000
1906-06-01,1906,6,jun,67.100000
1906-07-01,1906,7,jul,40.800000
1906-08-01,1906,8,aug,134.400000
1906-09-01,1906,9,sep,38.700000
1906-10-01,1906,10,oct,212.400000
1906-11-01,1906,11,nov,116.700000
1906-12-01,1906,12,dec,125.300000
1907-01-01,1907,1,jan,77.300000
1907-02-01,1907,2,feb,70.200000
1907-03-01,1907,3,mar,67.600000
1907-04-01,1907,4,apr,95.000000
1907-05-01,1907,5,may,96.000000
1907-06-01,1907,6,jun,147.300000
1907-07-01,1907,7,jul,92.900000
1907-08-01,1907,8,aug,128.900000
1907-09-01,1907,9,sep,28.500000
1907-10-01,1907,10,oct,226.300000
1907-11-01,1907,11,nov,106.800000
1907-12-01,1907,12,dec,155.300000
1908-01-01,1908,1,jan,101.000000
1908-02-01,1908,2,feb,92.000000
1908-03-01,1908,3,mar,133.200000
1908-04-01,1908,4,apr,83.400000
1908-05-01,1908,5,may,91.300000
1908-06-01,1908,6,jun,60.100000
1908-07-01,1908,7,jul,130.900000
1908-08-01,1908,8,aug,146.000000
1908-09-01,1908,9,sep,115.600000
1908-10-01,1908,10,oct,71.500000
1908-11-01,1908,11,nov,104.000000
1908-12-01,1908,12,dec,141.100000
1909-01-01,1909,1,jan,78.400000
1909-02-01,1909,2,feb,32.600000
1909-03-01,1909,3,mar,120.500000
1909-04-01,1909,4,apr,110.300000
1909-05-01,1909,5,may,48.500000
1909-06-01,1909,6,jun,75.200000
1909-07-01,1909,7,jul,115.600000
1909-08-01,1909,8,aug,69.700000
1909-09-01,1909,9,sep,115.100000
1909-10-01,1909,10,oct,229.900000
1909-11-01,1909,11,nov,64.000000
1909-12-01,1909,12,dec,208.300000
1910-01-01,1910,1,jan,141.500000
1910-02-01,1910,2,feb,169.000000
1910-03-01,1910,3,mar,52.800000
1910-04-01,1910,4,apr,107.100000
1910-05-01,1910,5,may,72.100000
1910-06-01,1910,6,jun,128.200000
1910-07-01,1910,7,jul,119.600000
1910-08-01,1910,8,aug,183.500000
1910-09-01,1910,9,sep,14.700000
1910-10-01,1910,10,oct,123.100000
1910-11-01,1910,11,nov,178.500000
1910-12-01,1910,12,dec,224.300000
1911-01-01,1911,1,jan,53.500000
1911-02-01,1911,2,feb,111.000000
1911-03-01,1911,3,mar,71.200000
1911-04-01,1911,4,apr,78.600000
1911-05-01,1911,5,may,54.900000
1911-06-01,1911,6,jun,97.000000
1911-07-01,1911,7,jul,22.600000
1911-08-01,1911,8,aug,113.600000
1911-09-01,1911,9,sep,107.100000
1911-10-01,1911,10,oct,124.700000
1911-11-01,1911,11,nov,185.000000
1911-12-01,1911,12,dec,266.900000
1912-01-01,1912,1,jan,128.300000
1912-02-01,1912,2,feb,95.000000
1912-03-01,1912,3,mar,212.900000
1912-04-01,1912,4,apr,14.900000
1912-05-01,1912,5,may,49.000000
1912-06-01,1912,6,jun,157.900000
1912-07-01,1912,7,jul,128.200000
1912-08-01,1912,8,aug,248.100000
1912-09-01,1912,9,sep,31.700000
1912-10-01,1912,10,oct,159.200000
1912-11-01,1912,11,nov,127.200000
1912-12-01,1912,12,dec,191.000000
1913-01-01,1913,1,jan,182.300000
1913-02-01,1913,2,feb,68.600000
1913-03-01,1913,3,mar,189.200000
1913-04-01,1913,4,apr,171.600000
1913-05-01,1913,5,may,94.100000
1913-06-01,1913,6,jun,87.400000
1913-07-01,1913,7,jul,35.300000
1913-08-01,1913,8,aug,66.100000
1913-09-01,1913,9,sep,109.700000
1913-10-01,1913,10,oct,142.600000
1913-11-01,1913,11,nov,177.400000
1913-12-01,1913,12,dec,87.100000
1914-01-01,1914,1,jan,96.900000
1914-02-01,1914,2,feb,157.500000
1914-03-01,1914,3,mar,178.200000
1914-04-01,1914,4,apr,44.900000
1914-05-01,1914,5,may,77.300000
1914-06-01,1914,6,jun,63.700000
1914-07-01,1914,7,jul,144.400000
1914-08-01,1914,8,aug,111.500000
1914-09-01,1914,9,sep,73.400000
1914-10-01,1914,10,oct,69.700000
1914-11-01,1914,11,nov,158.400000
1914-12-01,1914,12,dec,262.500000
1915-01-01,1915,1,jan,152.000000
1915-02-01,1915,2,feb,204.800000
1915-03-01,1915,3,mar,43.600000
1915-04-01,1915,4,apr,63.200000
1915-05-01,1915,5,may,76.100000
1915-06-01,1915,6,jun,47.900000
1915-07-01,1915,7,jul,138.000000
1915-08-01,1915,8,aug,94.400000
1915-09-01,1915,9,sep,42.900000
1915-10-01,1915,10,oct,97.400000
1915-11-01,1915,11,nov,108.100000
1915-12-01,1915,12,dec,271.700000
1916-01-01,1916,1,jan,109.300000
1916-02-01,1916,2,feb,167.100000
1916-03-01,1916,3,mar,81.500000
1916-04-01,1916,4,apr,86.300000
1916-05-01,1916,5,may,107.700000
1916-06-01,1916,6,jun,79.500000
1916-07-01,1916,7,jul,59.300000
1916-08-01,1916,8,aug,97.100000
1916-09-01,1916,9,sep,96.300000
1916-10-01,1916,10,oct,261.900000
1916-11-01,1916,11,nov,132.100000
1916-12-01,1916,12,dec,99.000000
1917-01-01,1917,1,jan,59.600000
1917-02-01,1917,2,feb,45.900000
1917-03-01,1917,3,mar,90.300000
1917-04-01,1917,4,apr,74.400000
1917-05-01,1917,5,may,94.700000
1917-06-01,1917,6,jun,79.800000
1917-07-01,1917,7,jul,75.200000
1917-08-01,1917,8,aug,275.200000
1917-09-01,1917,9,sep,82.800000
1917-10-01,1917,10,oct,206.600000
1917-11-01,1917,11,nov,115.000000
1917-12-01,1917,12,dec,53.100000
1918-01-01,1918,1,jan,133.300000
1918-02-01,1918,2,feb,130.000000
1918-03-01,1918,3,mar,71.800000
1918-04-01,1918,4,apr,57.200000
1918-05-01,1918,5,may,82.700000
1918-06-01,1918,6,jun,55.200000
1918-07-01,1918,7,jul,136.400000
1918-08-01,1918,8,aug,78.000000
1918-09-01,1918,9,sep,279.100000
1918-10-01,1918,10,oct,129.700000
1918-11-01,1918,11,nov,109.900000
1918-12-01,1918,12,dec,223.800000
1919-01-01,1919,1,jan,156.300000
1919-02-01,1919,2,feb,88.100000
1919-03-01,1919,3,mar,187.000000
1919-04-01,1919,4,apr,80.400000
1919-05-01,1919,5,may,34.800000
1919-06-01,1919,6,jun,73.600000
1919-07-01,1919,7,jul,49.400000
1919-08-01,1919,8,aug,106.800000
1919-09-01,1919,9,sep,90.300000
1919-10-01,1919,10,oct,80.600000
1919-11-01,1919,11,nov,90.000000
1919-12-01,1919,12,dec,235.000000
1920-01-01,1920,1,jan,182.700000
1920-02-01,1920,2,feb,98.800000
1920-03-01,1920,3,mar,182.700000
1920-04-01,1920,4,apr,195.200000
1920-05-01,1920,5,may,120.600000
1920-06-01,1920,6,jun,98.500000
1920-07-01,1920,7,jul,198.400000
1920-08-01,1920,8,aug,81.500000
1920-09-01,1920,9,sep,121.100000
1920-10-01,1920,10,oct,120.600000
1920-11-01,1920,11,nov,78.400000
1920-12-01,1920,12,dec,138.800000
1921-01-01,1921,1,jan,188.400000
1921-02-01,1921,2,feb,11.300000
1921-03-01,1921,3,mar,141.700000
1921-04-01,1921,4,apr,41.000000
1921-05-01,1921,5,may,61.900000
1921-06-01,1921,6,jun,11.800000
1921-07-01,1921,7,jul,70.000000
1921-08-01,1921,8,aug,164.200000
1921-09-01,1921,9,sep,56.000000
1921-10-01,1921,10,oct,80.700000
1921-11-01,1921,11,nov,100.100000
1921-12-01,1921,12,dec,139.300000
1922-01-01,1922,1,jan,154.100000
1922-02-01,1922,2,feb,169.100000
1922-03-01,1922,3,mar,116.000000
1922-04-01,1922,4,apr,94.500000
1922-05-01,1922,5,may,42.300000
1922-06-01,1922,6,jun,53.400000
1922-07-01,1922,7,jul,152.100000
1922-08-01,1922,8,aug,112.600000
1922-09-01,1922,9,sep,116.800000
1922-10-01,1922,10,oct,40.600000
1922-11-01,1922,11,nov,70.400000
1922-12-01,1922,12,dec,183.700000
1923-01-01,1923,1,jan,112.900000
1923-02-01,1923,2,feb,261.000000
1923-03-01,1923,3,mar,57.400000
1923-04-01,1923,4,apr,94.800000
1923-05-01,1923,5,may,98.600000
1923-06-01,1923,6,jun,35.000000
1923-07-01,1923,7,jul,103.800000
1923-08-01,1923,8,aug,140.900000
1923-09-01,1923,9,sep,134.100000
1923-10-01,1923,10,oct,230.800000
1923-11-01,1923,11,nov,147.800000
1923-12-01,1923,12,dec,141.200000
1924-01-01,1924,1,jan,143.900000
1924-02-01,1924,2,feb,25.400000
1924-03-01,1924,3,mar,57.000000
1924-04-01,1924,4,apr,107.800000
1924-05-01,1924,5,may,146.900000
1924-06-01,1924,6,jun,88.300000
1924-07-01,1924,7,jul,160.200000
1924-08-01,1924,8,aug,167.500000
1924-09-01,1924,9,sep,189.000000
1924-10-01,1924,10,oct,164.600000
1924-11-01,1924,11,nov,96.500000
1924-12-01,1924,12,dec,220.000000
1925-01-01,1925,1,jan,127.500000
1925-02-01,1925,2,feb,219.700000
1925-03-01,1925,3,mar,44.000000
1925-04-01,1925,4,apr,89.800000
1925-05-01,1925,5,may,136.100000
1925-06-01,1925,6,jun,2.400000
1925-07-01,1925,7,jul,86.000000
1925-08-01,1925,8,aug,134.600000
1925-09-01,1925,9,sep,123.600000
1925-10-01,1925,10,oct,179.100000
1925-11-01,1925,11,nov,94.800000
1925-12-01,1925,12,dec,130.300000
1926-01-01,1926,1,jan,178.600000
1926-02-01,1926,2,feb,117.400000
1926-03-01,1926,3,mar,38.900000
1926-04-01,1926,4,apr,69.400000
1926-05-01,1926,5,may,84.500000
1926-06-01,1926,6,jun,70.600000
1926-07-01,1926,7,jul,128.600000
1926-08-01,1926,8,aug,131.300000
1926-09-01,1926,9,sep,73.700000
1926-10-01,1926,10,oct,119.500000
1926-11-01,1926,11,nov,250.500000
1926-12-01,1926,12,dec,32.800000
1927-01-01,1927,1,jan,160.900000
1927-02-01,1927,2,feb,108.400000
1927-03-01,1927,3,mar,141.000000
1927-04-01,1927,4,apr,67.100000
1927-05-01,1927,5,may,52.900000
1927-06-01,1927,6,jun,142.900000
1927-07-01,1927,7,jul,131.500000
1927-08-01,1927,8,aug,223.300000
1927-09-01,1927,9,sep,173.000000
1927-10-01,1927,10,oct,133.500000
1927-11-01,1927,11,nov,156.400000
1927-12-01,1927,12,dec,79.000000
1928-01-01,1928,1,jan,266.800000
1928-02-01,1928,2,feb,156.000000
1928-03-01,1928,3,mar,108.100000
1928-04-01,1928,4,apr,49.300000
1928-05-01,1928,5,may,29.800000
1928-06-01,1928,6,jun,161.500000
1928-07-01,1928,7,jul,83.500000
1928-08-01,1928,8,aug,142.500000
1928-09-01,1928,9,sep,51.600000
1928-10-01,1928,10,oct,224.300000
1928-11-01,1928,11,nov,238.100000
1928-12-01,1928,12,dec,136.300000
1929-01-01,1929,1,jan,58.500000
1929-02-01,1929,2,feb,40.000000
1929-03-01,1929,3,mar,26.600000
1929-04-01,1929,4,apr,30.100000
1929-05-01,1929,5,may,99.500000
1929-06-01,1929,6,jun,80.700000
1929-07-01,1929,7,jul,94.800000
1929-08-01,1929,8,aug,114.700000
1929-09-01,1929,9,sep,53.500000
1929-10-01,1929,10,oct,204.200000
1929-11-01,1929,11,nov,333.800000
1929-12-01,1929,12,dec,301.900000
1930-01-01,1930,1,jan,228.700000
1930-02-01,1930,2,feb,18.900000
1930-03-01,1930,3,mar,94.900000
1930-04-01,1930,4,apr,95.000000
1930-05-01,1930,5,may,66.100000
1930-06-01,1930,6,jun,54.400000
1930-07-01,1930,7,jul,133.800000
1930-08-01,1930,8,aug,153.600000
1930-09-01,1930,9,sep,152.100000
1930-10-01,1930,10,oct,209.900000
1930-11-01,1930,11,nov,175.300000
1930-12-01,1930,12,dec,189.500000
1931-01-01,1931,1,jan,134.900000
1931-02-01,1931,2,feb,136.300000
1931-03-01,1931,3,mar,33.100000
1931-04-01,1931,4,apr,110.700000
1931-05-01,1931,5,may,124.800000
1931-06-01,1931,6,jun,128.900000
1931-07-01,1931,7,jul,125.800000
1931-08-01,1931,8,aug,146.100000
1931-09-01,1931,9,sep,91.400000
1931-10-01,1931,10,oct,60.400000
1931-11-01,1931,11,nov,267.500000
1931-12-01,1931,12,dec,89.100000
1932-01-01,1932,1,jan,202.000000
1932-02-01,1932,2,feb,3.300000
1932-03-01,1932,3,mar,87.200000
1932-04-01,1932,4,apr,123.200000
1932-05-01,1932,5,may,136.200000
1932-06-01,1932,6,jun,49.600000
1932-07-01,1932,7,jul,142.900000
1932-08-01,1932,8,aug,48.900000
1932-09-01,1932,9,sep,132.800000
1932-10-01,1932,10,oct,234.900000
1932-11-01,1932,11,nov,110.500000
1932-12-01,1932,12,dec,101.900000
1933-01-01,1933,1,jan,128.800000
1933-02-01,1933,2,feb,130.000000
1933-03-01,1933,3,mar,97.900000
1933-04-01,1933,4,apr,41.100000
1933-05-01,1933,5,may,54.000000
1933-06-01,1933,6,jun,86.000000
1933-07-01,1933,7,jul,86.500000
1933-08-01,1933,8,aug,47.000000
1933-09-01,1933,9,sep,46.300000
1933-10-01,1933,10,oct,185.100000
1933-11-01,1933,11,nov,43.400000
1933-12-01,1933,12,dec,47.100000
1934-01-01,1934,1,jan,146.500000
1934-02-01,1934,2,feb,14.500000
1934-03-01,1934,3,mar,102.400000
1934-04-01,1934,4,apr,92.300000
1934-05-01,1934,5,may,82.400000
1934-06-01,1934,6,jun,54.100000
1934-07-01,1934,7,jul,38.400000
1934-08-01,1934,8,aug,134.400000
1934-09-01,1934,9,sep,114.400000
1934-10-01,1934,10,oct,160.000000
1934-11-01,1934,11,nov,63.700000
1934-12-01,1934,12,dec,283.200000
1935-01-01,1935,1,jan,55.900000
1935-02-01,1935,2,feb,167.400000
1935-03-01,1935,3,mar,38.500000
1935-04-01,1935,4,apr,142.300000
1935-05-01,1935,5,may,45.300000
1935-06-01,1935,6,jun,144.200000
1935-07-01,1935,7,jul,30.800000
1935-08-01,1935,8,aug,60.800000
1935-09-01,1935,9,sep,212.200000
1935-10-01,1935,10,oct,204.200000
1935-11-01,1935,11,nov,196.200000
1935-12-01,1935,12,dec,110.100000
1936-01-01,1936,1,jan,177.200000
1936-02-01,1936,2,feb,78.500000
1936-03-01,1936,3,mar,94.900000
1936-04-01,1936,4,apr,74.800000
1936-05-01,1936,5,may,48.700000
1936-06-01,1936,6,jun,127.200000
1936-07-01,1936,7,jul,189.300000
1936-08-01,1936,8,aug,44.500000
1936-09-01,1936,9,sep,120.100000
1936-10-01,1936,10,oct,90.100000
1936-11-01,1936,11,nov,159.100000
1936-12-01,1936,12,dec,187.600000
1937-01-01,1937,1,jan,183.300000
1937-02-01,1937,2,feb,208.000000
1937-03-01,1937,3,mar,92.000000
1937-04-01,1937,4,apr,100.800000
1937-05-01,1937,5,may,53.200000
1937-06-01,1937,6,jun,57.900000
1937-07-01,1937,7,jul,83.800000
1937-08-01,1937,8,aug,41.000000
1937-09-01,1937,9,sep,84.900000
1937-10-01,1937,10,oct,112.000000
1937-11-01,1937,11,nov,62.900000
1937-12-01,1937,12,dec,109.200000
1938-01-01,1938,1,jan,197.600000
1938-02-01,1938,2,feb,63.900000
1938-03-01,1938,3,mar,41.000000
1938-04-01,1938,4,apr,9.400000
1938-05-01,1938,5,may,95.600000
1938-06-01,1938,6,jun,120.900000
1938-07-01,1938,7,jul,138.600000
1938-08-01,1938,8,aug,111.500000
1938-09-01,1938,9,sep,64.200000
1938-10-01,1938,10,oct,216.500000
1938-11-01,1938,11,nov,210.900000
1938-12-01,1938,12,dec,143.600000
1939-01-01,1939,1,jan,213.900000
1939-02-01,1939,2,feb,131.200000
1939-03-01,1939,3,mar,83.400000
1939-04-01,1939,4,apr,88.700000
1939-05-01,1939,5,may,30.300000
1939-06-01,1939,6,jun,82.500000
1939-07-01,1939,7,jul,246.700000
1939-08-01,1939,8,aug,89.800000
1939-09-01,1939,9,sep,31.300000
1939-10-01,1939,10,oct,88.400000
1939-11-01,1939,11,nov,267.000000
1939-12-01,1939,12,dec,102.300000
1940-01-01,1940,1,jan,101.600000
1940-02-01,1940,2,feb,118.500000
1940-03-01,1940,3,mar,103.300000
1940-04-01,1940,4,apr,86.800000
1940-05-01,1940,5,may,57.000000
1940-06-01,1940,6,jun,28.400000
1940-07-01,1940,7,jul,125.900000
1940-08-01,1940,8,aug,23.600000
1940-09-01,1940,9,sep,84.800000
1940-10-01,1940,10,oct,172.600000
1940-11-01,1940,11,nov,279.900000
1940-12-01,1940,12,dec,115.600000
1941-01-01,1941,1,jan,101.400000
1941-02-01,1941,2,feb,135.100000
1941-03-01,1941,3,mar,101.900000
1941-04-01,1941,4,apr,46.300000
1941-05-01,1941,5,may,85.000000
1941-06-01,1941,6,jun,35.300000
1941-07-01,1941,7,jul,79.500000
1941-08-01,1941,8,aug,156.400000
1941-09-01,1941,9,sep,32.200000
1941-10-01,1941,10,oct,139.700000
1941-11-01,1941,11,nov,101.700000
1941-12-01,1941,12,dec,109.300000
1942-01-01,1942,1,jan,164.300000
1942-02-01,1942,2,feb,34.600000
1942-03-01,1942,3,mar,98.300000
1942-04-01,1942,4,apr,69.400000
1942-05-01,1942,5,may,152.700000
1942-06-01,1942,6,jun,13.600000
1942-07-01,1942,7,jul,115.800000
1942-08-01,1942,8,aug,134.300000
1942-09-01,1942,9,sep,116.000000
1942-10-01,1942,10,oct,134.800000
1942-11-01,1942,11,nov,30.400000
1942-12-01,1942,12,dec,194.800000
1943-01-01,1943,1,jan,223.000000
1943-02-01,1943,2,feb,101.900000
1943-03-01,1943,3,mar,40.500000
1943-04-01,1943,4,apr,52.600000
1943-05-01,1943,5,may,127.600000
1943-06-01,1943,6,jun,112.200000
1943-07-01,1943,7,jul,91.200000
1943-08-01,1943,8,aug,136.900000
1943-09-01,1943,9,sep,153.100000
1943-10-01,1943,10,oct,148.300000
1943-11-01,1943,11,nov,112.300000
1943-12-01,1943,12,dec,74.900000
1944-01-01,1944,1,jan,160.500000
1944-02-01,1944,2,feb,55.100000
1944-03-01,1944,3,mar,21.900000
1944-04-01,1944,4,apr,68.700000
1944-05-01,1944,5,may,62.200000
1944-06-01,1944,6,jun,82.400000
1944-07-01,1944,7,jul,88.500000
1944-08-01,1944,8,aug,91.600000
1944-09-01,1944,9,sep,142.200000
1944-10-01,1944,10,oct,193.100000
1944-11-01,1944,11,nov,230.900000
1944-12-01,1944,12,dec,130.900000
1945-01-01,1945,1,jan,111.600000
1945-02-01,1945,2,feb,163.400000
1945-03-01,1945,3,mar,63.100000
1945-04-01,1945,4,apr,72.600000
1945-05-01,1945,5,may,106.700000
1945-06-01,1945,6,jun,127.500000
1945-07-01,1945,7,jul,90.700000
1945-08-01,1945,8,aug,88.700000
1945-09-01,1945,9,sep,100.200000
1945-10-01,1945,10,oct,141.300000
1945-11-01,1945,11,nov,21.900000
1945-12-01,1945,12,dec,171.600000
1946-01-01,1946,1,jan,186.100000
1946-02-01,1946,2,feb,159.800000
1946-03-01,1946,3,mar,50.000000
1946-04-01,1946,4,apr,43.200000
1946-05-01,1946,5,may,84.500000
1946-06-01,1946,6,jun,129.600000
1946-07-01,1946,7,jul,80.400000
1946-08-01,1946,8,aug,191.100000
1946-09-01,1946,9,sep,196.000000
1946-10-01,1946,10,oct,49.500000
1946-11-01,1946,11,nov,235.400000
1946-12-01,1946,12,dec,158.900000
1947-01-01,1947,1,jan,137.600000
1947-02-01,1947,2,feb,55.300000
1947-03-01,1947,3,mar,245.800000
1947-04-01,1947,4,apr,124.000000
1947-05-01,1947,5,may,90.100000
1947-06-01,1947,6,jun,76.300000
1947-07-01,1947,7,jul,98.200000
1947-08-01,1947,8,aug,19.100000
1947-09-01,1947,9,sep,81.300000
1947-10-01,1947,10,oct,31.800000
1947-11-01,1947,11,nov,162.500000
1947-12-01,1947,12,dec,125.600000
1948-01-01,1948,1,jan,297.400000
1948-02-01,1948,2,feb,91.100000
1948-03-01,1948,3,mar,77.000000
1948-04-01,1948,4,apr,73.700000
1948-05-01,1948,5,may,75.400000
1948-06-01,1948,6,jun,139.400000
1948-07-01,1948,7,jul,81.100000
1948-08-01,1948,8,aug,157.800000
1948-09-01,1948,9,sep,130.900000
1948-10-01,1948,10,oct,117.500000
1948-11-01,1948,11,nov,100.400000
1948-12-01,1948,12,dec,214.300000
1949-01-01,1949,1,jan,81.100000
1949-02-01,1949,2,feb,68.100000
1949-03-01,1949,3,mar,69.700000
1949-04-01,1949,4,apr,123.600000
1949-05-01,1949,5,may,102.600000
1949-06-01,1949,6,jun,22.800000
1949-07-01,1949,7,jul,51.800000
1949-08-01,1949,8,aug,83.400000
1949-09-01,1949,9,sep,58.400000
1949-10-01,1949,10,oct,224.900000
1949-11-01,1949,11,nov,172.600000
1949-12-01,1949,12,dec,174.700000
1950-01-01,1950,1,jan,56.400000
1950-02-01,1950,2,feb,225.700000
1950-03-01,1950,3,mar,81.900000
1950-04-01,1950,4,apr,115.100000
1950-05-01,1950,5,may,46.100000
1950-06-01,1950,6,jun,65.500000
1950-07-01,1950,7,jul,125.900000
1950-08-01,1950,8,aug,216.700000
1950-09-01,1950,9,sep,245.500000
1950-10-01,1950,10,oct,102.700000
1950-11-01,1950,11,nov,176.600000
1950-12-01,1950,12,dec,109.300000
1951-01-01,1951,1,jan,151.300000
1951-02-01,1951,2,feb,142.700000
1951-03-01,1951,3,mar,165.400000
1951-04-01,1951,4,apr,106.700000
1951-05-01,1951,5,may,80.000000
1951-06-01,1951,6,jun,38.600000
1951-07-01,1951,7,jul,53.800000
1951-08-01,1951,8,aug,177.300000
1951-09-01,1951,9,sep,141.600000
1951-10-01,1951,10,oct,41.500000
1951-11-01,1951,11,nov,251.600000
1951-12-01,1951,12,dec,190.700000
1952-01-01,1952,1,jan,161.400000
1952-02-01,1952,2,feb,46.900000
1952-03-01,1952,3,mar,88.400000
1952-04-01,1952,4,apr,88.800000
1952-05-01,1952,5,may,98.200000
1952-06-01,1952,6,jun,90.700000
1952-07-01,1952,7,jul,56.500000
1952-08-01,1952,8,aug,149.000000
1952-09-01,1952,9,sep,106.600000
1952-10-01,1952,10,oct,164.100000
1952-11-01,1952,11,nov,110.000000
1952-12-01,1952,12,dec,135.300000
1953-01-01,1953,1,jan,53.400000
1953-02-01,1953,2,feb,81.600000
1953-03-01,1953,3,mar,83.800000
1953-04-01,1953,4,apr,104.600000
1953-05-01,1953,5,may,80.100000
1953-06-01,1953,6,jun,64.300000
1953-07-01,1953,7,jul,150.300000
1953-08-01,1953,8,aug,126.100000
1953-09-01,1953,9,sep,146.900000
1953-10-01,1953,10,oct,91.800000
1953-11-01,1953,11,nov,149.400000
1953-12-01,1953,12,dec,53.400000
1954-01-01,1954,1,jan,110.600000
1954-02-01,1954,2,feb,135.200000
1954-03-01,1954,3,mar,120.700000
1954-04-01,1954,4,apr,36.600000
1954-05-01,1954,5,may,98.000000
1954-06-01,1954,6,jun,134.600000
1954-07-01,1954,7,jul,135.000000
1954-08-01,1954,8,aug,149.300000
1954-09-01,1954,9,sep,157.100000
1954-10-01,1954,10,oct,259.500000
1954-11-01,1954,11,nov,277.500000
1954-12-01,1954,12,dec,152.100000
1955-01-01,1955,1,jan,110.800000
1955-02-01,1955,2,feb,75.300000
1955-03-01,1955,3,mar,86.000000
1955-04-01,1955,4,apr,85.400000
1955-05-01,1955,5,may,139.100000
1955-06-01,1955,6,jun,150.800000
1955-07-01,1955,7,jul,28.400000
1955-08-01,1955,8,aug,39.200000
1955-09-01,1955,9,sep,75.700000
1955-10-01,1955,10,oct,91.200000
1955-11-01,1955,11,nov,95.000000
1955-12-01,1955,12,dec,175.500000
1956-01-01,1956,1,jan,160.300000
1956-02-01,1956,2,feb,21.100000
1956-03-01,1956,3,mar,63.000000
1956-04-01,1956,4,apr,46.900000
1956-05-01,1956,5,may,39.800000
1956-06-01,1956,6,jun,77.400000
1956-07-01,1956,7,jul,136.600000
1956-08-01,1956,8,aug,195.100000
1956-09-01,1956,9,sep,142.500000
1956-10-01,1956,10,oct,81.900000
1956-11-01,1956,11,nov,60.900000
1956-12-01,1956,12,dec,160.800000
1957-01-01,1957,1,jan,161.400000
1957-02-01,1957,2,feb,133.700000
1957-03-01,1957,3,mar,137.700000
1957-04-01,1957,4,apr,13.300000
1957-05-01,1957,5,may,69.800000
1957-06-01,1957,6,jun,53.700000
1957-07-01,1957,7,jul,168.200000
1957-08-01,1957,8,aug,159.700000
1957-09-01,1957,9,sep,229.500000
1957-10-01,1957,10,oct,149.600000
1957-11-01,1957,11,nov,80.100000
1957-12-01,1957,12,dec,119.000000
1958-01-01,1958,1,jan,133.100000
1958-02-01,1958,2,feb,198.800000
1958-03-01,1958,3,mar,38.800000
1958-04-01,1958,4,apr,38.100000
1958-05-01,1958,5,may,119.600000
1958-06-01,1958,6,jun,116.400000
1958-07-01,1958,7,jul,139.200000
1958-08-01,1958,8,aug,124.300000
1958-09-01,1958,9,sep,230.700000
1958-10-01,1958,10,oct,138.900000
1958-11-01,1958,11,nov,87.700000
1958-12-01,1958,12,dec,124.900000
1959-01-01,1959,1,jan,163.300000
1959-02-01,1959,2,feb,22.700000
1959-03-01,1959,3,mar,104.500000
1959-04-01,1959,4,apr,129.700000
1959-05-01,1959,5,may,46.400000
1959-06-01,1959,6,jun,71.500000
1959-07-01,1959,7,jul,106.200000
1959-08-01,1959,8,aug,33.300000
1959-09-01,1959,9,sep,12.900000
1959-10-01,1959,10,oct,176.500000
1959-11-01,1959,11,nov,217.900000
1959-12-01,1959,12,dec,270.900000
1960-01-01,1960,1,jan,198.100000
1960-02-01,1960,2,feb,153.400000
1960-03-01,1960,3,mar,65.600000
1960-04-01,1960,4,apr,99.500000
1960-05-01,1960,5,may,50.500000
1960-06-01,1960,6,jun,67.100000
1960-07-01,1960,7,jul,143.900000
1960-08-01,1960,8,aug,135.500000
1960-09-01,1960,9,sep,156.600000
1960-10-01,1960,10,oct,180.700000
1960-11-01,1960,11,nov,290.700000
1960-12-01,1960,12,dec,179.800000
1961-01-01,1961,1,jan,170.200000
1961-02-01,1961,2,feb,111.900000
1961-03-01,1961,3,mar,26.400000
1961-04-01,1961,4,apr,152.900000
1961-05-01,1961,5,may,60.300000
1961-06-01,1961,6,jun,51.100000
1961-07-01,1961,7,jul,85.900000
1961-08-01,1961,8,aug,132.100000
1961-09-01,1961,9,sep,123.000000
1961-10-01,1961,10,oct,211.200000
1961-11-01,1961,11,nov,106.400000
1961-12-01,1961,12,dec,133.200000
1962-01-01,1962,1,jan,186.000000
1962-02-01,1962,2,feb,73.300000
1962-03-01,1962,3,mar,64.800000
1962-04-01,1962,4,apr,121.500000
1962-05-01,1962,5,may,98.300000
1962-06-01,1962,6,jun,48.300000
1962-07-01,1962,7,jul,66.100000
1962-08-01,1962,8,aug,170.500000
1962-09-01,1962,9,sep,165.800000
1962-10-01,1962,10,oct,57.600000
1962-11-01,1962,11,nov,96.700000
1962-12-01,1962,12,dec,110.700000
1963-01-01,1963,1,jan,28.300000
1963-02-01,1963,2,feb,47.000000
1963-03-01,1963,3,mar,175.300000
1963-04-01,1963,4,apr,127.200000
1963-05-01,1963,5,may,82.500000
1963-06-01,1963,6,jun,119.000000
1963-07-01,1963,7,jul,66.200000
1963-08-01,1963,8,aug,116.600000
1963-09-01,1963,9,sep,95.900000
1963-10-01,1963,10,oct,87.000000
1963-11-01,1963,11,nov,250.500000
1963-12-01,1963,12,dec,38.700000
1964-01-01,1964,1,jan,38.400000
1964-02-01,1964,2,feb,45.700000
1964-03-01,1964,3,mar,90.800000
1964-04-01,1964,4,apr,76.900000
1964-05-01,1964,5,may,83.600000
1964-06-01,1964,6,jun,68.300000
1964-07-01,1964,7,jul,100.400000
1964-08-01,1964,8,aug,87.100000
1964-09-01,1964,9,sep,58.400000
1964-10-01,1964,10,oct,116.600000
1964-11-01,1964,11,nov,114.600000
1964-12-01,1964,12,dec,235.000000
1965-01-01,1965,1,jan,177.700000
1965-02-01,1965,2,feb,15.300000
1965-03-01,1965,3,mar,100.500000
1965-04-01,1965,4,apr,89.100000
1965-05-01,1965,5,may,92.400000
1965-06-01,1965,6,jun,125.200000
1965-07-01,1965,7,jul,113.900000
1965-08-01,1965,8,aug,89.200000
1965-09-01,1965,9,sep,167.300000
1965-10-01,1965,10,oct,70.600000
1965-11-01,1965,11,nov,136.800000
1965-12-01,1965,12,dec,319.000000
1966-01-01,1966,1,jan,84.400000
1966-02-01,1966,2,feb,179.600000
1966-03-01,1966,3,mar,76.400000
1966-04-01,1966,4,apr,142.900000
1966-05-01,1966,5,may,106.800000
1966-06-01,1966,6,jun,112.800000
1966-07-01,1966,7,jul,94.100000
1966-08-01,1966,8,aug,107.600000
1966-09-01,1966,9,sep,82.800000
1966-10-01,1966,10,oct,171.800000
1966-11-01,1966,11,nov,131.900000
1966-12-01,1966,12,dec,217.600000
1967-01-01,1967,1,jan,107.500000
1967-02-01,1967,2,feb,162.900000
1967-03-01,1967,3,mar,78.700000
1967-04-01,1967,4,apr,49.300000
1967-05-01,1967,5,may,184.200000
1967-06-01,1967,6,jun,41.800000
1967-07-01,1967,7,jul,117.600000
1967-08-01,1967,8,aug,101.900000
1967-09-01,1967,9,sep,189.100000
1967-10-01,1967,10,oct,313.500000
1967-11-01,1967,11,nov,101.100000
1967-12-01,1967,12,dec,145.900000
1968-01-01,1968,1,jan,163.400000
1968-02-01,1968,2,feb,50.300000
1968-03-01,1968,3,mar,120.800000
1968-04-01,1968,4,apr,90.200000
1968-05-01,1968,5,may,103.700000
1968-06-01,1968,6,jun,112.000000
1968-07-01,1968,7,jul,112.400000
1968-08-01,1968,8,aug,77.400000
1968-09-01,1968,9,sep,172.400000
1968-10-01,1968,10,oct,152.700000
1968-11-01,1968,11,nov,97.000000
1968-12-01,1968,12,dec,113.300000
1969-01-01,1969,1,jan,170.300000
1969-02-01,1969,2,feb,97.500000
1969-03-01,1969,3,mar,78.600000
1969-04-01,1969,4,apr,84.100000
1969-05-01,1969,5,may,158.200000
1969-06-01,1969,6,jun,84.200000
1969-07-01,1969,7,jul,52.200000
1969-08-01,1969,8,aug,107.300000
1969-09-01,1969,9,sep,58.700000
1969-10-01,1969,10,oct,42.900000
1969-11-01,1969,11,nov,191.900000
1969-12-01,1969,12,dec,146.200000
1970-01-01,1970,1,jan,172.000000
1970-02-01,1970,2,feb,148.000000
1970-03-01,1970,3,mar,107.500000
1970-04-01,1970,4,apr,141.900000
1970-05-01,1970,5,may,30.400000
1970-06-01,1970,6,jun,71.200000
1970-07-01,1970,7,jul,101.700000
1970-08-01,1970,8,aug,119.400000
1970-09-01,1970,9,sep,104.000000
1970-10-01,1970,10,oct,142.200000
1970-11-01,1970,11,nov,261.100000
1970-12-01,1970,12,dec,73.000000
1971-01-01,1971,1,jan,177.600000
1971-02-01,1971,2,feb,71.600000
1971-03-01,1971,3,mar,96.000000
1971-04-01,1971,4,apr,61.000000
1971-05-01,1971,5,may,56.200000
1971-06-01,1971,6,jun,127.400000
1971-07-01,1971,7,jul,57.800000
1971-08-01,1971,8,aug,156.200000
1971-09-01,1971,9,sep,45.000000
1971-10-01,1971,10,oct,127.700000
1971-11-01,1971,11,nov,148.200000
1971-12-01,1971,12,dec,67.400000
1972-01-01,1972,1,jan,150.700000
1972-02-01,1972,2,feb,120.300000
1972-03-01,1972,3,mar,118.600000
1972-04-01,1972,4,apr,125.900000
1972-05-01,1972,5,may,122.300000
1972-06-01,1972,6,jun,133.100000
1972-07-01,1972,7,jul,80.800000
1972-08-01,1972,8,aug,68.400000
1972-09-01,1972,9,sep,47.900000
1972-10-01,1972,10,oct,66.800000
1972-11-01,1972,11,nov,178.200000
1972-12-01,1972,12,dec,200.900000
1973-01-01,1973,1,jan,75.600000
1973-02-01,1973,2,feb,89.100000
1973-03-01,1973,3,mar,53.700000
1973-04-01,1973,4,apr,91.000000
1973-05-01,1973,5,may,114.900000
1973-06-01,1973,6,jun,33.500000
1973-07-01,1973,7,jul,104.300000
1973-08-01,1973,8,aug,128.800000
1973-09-01,1973,9,sep,131.300000
1973-10-01,1973,10,oct,79.800000
1973-11-01,1973,11,nov,116.100000
1973-12-01,1973,12,dec,129.200000
1974-01-01,1974,1,jan,267.200000
1974-02-01,1974,2,feb,177.200000
1974-03-01,1974,3,mar,64.600000
1974-04-01,1974,4,apr,14.500000
1974-05-01,1974,5,may,71.500000
1974-06-01,1974,6,jun,80.500000
1974-07-01,1974,7,jul,132.400000
1974-08-01,1974,8,aug,99.000000
1974-09-01,1974,9,sep,240.100000
1974-10-01,1974,10,oct,122.800000
1974-11-01,1974,11,nov,177.300000
1974-12-01,1974,12,dec,166.400000
1975-01-01,1975,1,jan,226.500000
1975-02-01,1975,2,feb,50.000000
1975-03-01,1975,3,mar,80.800000
1975-04-01,1975,4,apr,104.800000
1975-05-01,1975,5,may,37.800000
1975-06-01,1975,6,jun,23.000000
1975-07-01,1975,7,jul,104.700000
1975-08-01,1975,8,aug,72.400000
1975-09-01,1975,9,sep,140.500000
1975-10-01,1975,10,oct,67.000000
1975-11-01,1975,11,nov,125.100000
1975-12-01,1975,12,dec,89.600000
1976-01-01,1976,1,jan,108.800000
1976-02-01,1976,2,feb,76.100000
1976-03-01,1976,3,mar,81.700000
1976-04-01,1976,4,apr,28.700000
1976-05-01,1976,5,may,93.100000
1976-06-01,1976,6,jun,24.300000
1976-07-01,1976,7,jul,41.900000
1976-08-01,1976,8,aug,18.800000
1976-09-01,1976,9,sep,207.800000
1976-10-01,1976,10,oct,211.700000
1976-11-01,1976,11,nov,121.600000
1976-12-01,1976,12,dec,111.900000
1977-01-01,1977,1,jan,138.500000
1977-02-01,1977,2,feb,224.400000
1977-03-01,1977,3,mar,116.200000
1977-04-01,1977,4,apr,88.300000
1977-05-01,1977,5,may,58.000000
1977-06-01,1977,6,jun,105.700000
1977-07-01,1977,7,jul,37.100000
1977-08-01,1977,8,aug,106.000000
1977-09-01,1977,9,sep,89.600000
1977-10-01,1977,10,oct,147.800000
1977-11-01,1977,11,nov,206.400000
1977-12-01,1977,12,dec,144.300000
1978-01-01,1978,1,jan,157.800000
1978-02-01,1978,2,feb,117.300000
1978-03-01,1978,3,mar,131.300000
1978-04-01,1978,4,apr,71.700000
1978-05-01,1978,5,may,34.500000
1978-06-01,1978,6,jun,71.500000
1978-07-01,1978,7,jul,123.200000
1978-08-01,1978,8,aug,91.000000
1978-09-01,1978,9,sep,83.300000
1978-10-01,1978,10,oct,35.500000
1978-11-01,1978,11,nov,143.300000
1978-12-01,1978,12,dec,216.900000
1979-01-01,1979,1,jan,128.000000
1979-02-01,1979,2,feb,71.200000
1979-03-01,1979,3,mar,177.100000
1979-04-01,1979,4,apr,87.100000
1979-05-01,1979,5,may,154.300000
1979-06-01,1979,6,jun,34.200000
1979-07-01,1979,7,jul,37.200000
1979-08-01,1979,8,aug,140.000000
1979-09-01,1979,9,sep,85.000000
1979-10-01,1979,10,oct,126.100000
1979-11-01,1979,11,nov,178.300000
1979-12-01,1979,12,dec,276.100000
1980-01-01,1980,1,jan,117.400000
1980-02-01,1980,2,feb,156.500000
1980-03-01,1980,3,mar,154.000000
1980-04-01,1980,4,apr,17.400000
1980-05-01,1980,5,may,41.700000
1980-06-01,1980,6,jun,138.600000
1980-07-01,1980,7,jul,76.700000
1980-08-01,1980,8,aug,128.100000
1980-09-01,1980,9,sep,105.600000
1980-10-01,1980,10,oct,191.200000
1980-11-01,1980,11,nov,168.500000
1980-12-01,1980,12,dec,165.300000
1981-01-01,1981,1,jan,93.000000
1981-02-01,1981,2,feb,91.200000
1981-03-01,1981,3,mar,287.500000
1981-04-01,1981,4,apr,53.500000
1981-05-01,1981,5,may,121.400000
1981-06-01,1981,6,jun,70.400000
1981-07-01,1981,7,jul,58.400000
1981-08-01,1981,8,aug,40.600000
1981-09-01,1981,9,sep,236.400000
1981-10-01,1981,10,oct,234.000000
1981-11-01,1981,11,nov,127.700000
1981-12-01,1981,12,dec,124.400000
1982-01-01,1982,1,jan,145.500000
1982-02-01,1982,2,feb,100.200000
1982-03-01,1982,3,mar,170.200000
1982-04-01,1982,4,apr,37.600000
1982-05-01,1982,5,may,46.900000
1982-06-01,1982,6,jun,133.700000
1982-07-01,1982,7,jul,45.100000
1982-08-01,1982,8,aug,130.000000
1982-09-01,1982,9,sep,151.400000
1982-10-01,1982,10,oct,168.400000
1982-11-01,1982,11,nov,226.300000
1982-12-01,1982,12,dec,194.300000
1983-01-01,1983,1,jan,214.500000
1983-02-01,1983,2,feb,55.100000
1983-03-01,1983,3,mar,110.200000
1983-04-01,1983,4,apr,116.300000
1983-05-01,1983,5,may,144.500000
1983-06-01,1983,6,jun,60.100000
1983-07-01,1983,7,jul,31.100000
1983-08-01,1983,8,aug,79.400000
1983-09-01,1983,9,sep,183.500000
1983-10-01,1983,10,oct,162.300000
1983-11-01,1983,11,nov,72.600000
1983-12-01,1983,12,dec,179.900000
1984-01-01,1984,1,jan,227.400000
1984-02-01,1984,2,feb,96.200000
1984-03-01,1984,3,mar,51.100000
1984-04-01,1984,4,apr,12.300000
1984-05-01,1984,5,may,53.500000
1984-06-01,1984,6,jun,46.500000
1984-07-01,1984,7,jul,32.600000
1984-08-01,1984,8,aug,79.000000
1984-09-01,1984,9,sep,178.000000
1984-10-01,1984,10,oct,187.500000
1984-11-01,1984,11,nov,221.200000
1984-12-01,1984,12,dec,148.400000
1985-01-01,1985,1,jan,93.400000
1985-02-01,1985,2,feb,53.400000
1985-03-01,1985,3,mar,102.300000
1985-04-01,1985,4,apr,118.800000
1985-05-01,1985,5,may,75.800000
1985-06-01,1985,6,jun,145.300000
1985-07-01,1985,7,jul,104.400000
1985-08-01,1985,8,aug,213.300000
1985-09-01,1985,9,sep,66.200000
1985-10-01,1985,10,oct,100.600000
1985-11-01,1985,11,nov,120.000000
1985-12-01,1985,12,dec,214.900000
1986-01-01,1986,1,jan,196.400000
1986-02-01,1986,2,feb,7.500000
1986-03-01,1986,3,mar,134.500000
1986-04-01,1986,4,apr,112.000000
1986-05-01,1986,5,may,123.900000
1986-06-01,1986,6,jun,58.900000
1986-07-01,1986,7,jul,91.100000
1986-08-01,1986,8,aug,161.100000
1986-09-01,1986,9,sep,18.200000
1986-10-01,1986,10,oct,153.400000
1986-11-01,1986,11,nov,239.600000
1986-12-01,1986,12,dec,272.100000
1987-01-01,1987,1,jan,41.300000
1987-02-01,1987,2,feb,108.900000
1987-03-01,1987,3,mar,147.000000
1987-04-01,1987,4,apr,89.100000
1987-05-01,1987,5,may,49.900000
1987-06-01,1987,6,jun,129.300000
1987-07-01,1987,7,jul,78.800000
1987-08-01,1987,8,aug,69.900000
1987-09-01,1987,9,sep,110.600000
1987-10-01,1987,10,oct,259.500000
1987-11-01,1987,11,nov,132.500000
1987-12-01,1987,12,dec,145.600000
1988-01-01,1988,1,jan,250.500000
1988-02-01,1988,2,feb,102.900000
1988-03-01,1988,3,mar,178.100000
1988-04-01,1988,4,apr,59.200000
1988-05-01,1988,5,may,103.400000
1988-06-01,1988,6,jun,45.900000
1988-07-01,1988,7,jul,180.700000
1988-08-01,1988,8,aug,155.700000
1988-09-01,1988,9,sep,121.000000
1988-10-01,1988,10,oct,131.100000
1988-11-01,1988,11,nov,72.400000
1988-12-01,1988,12,dec,79.800000
1989-01-01,1989,1,jan,94.800000
1989-02-01,1989,2,feb,163.900000
1989-03-01,1989,3,mar,177.200000
1989-04-01,1989,4,apr,103.000000
1989-05-01,1989,5,may,25.900000
1989-06-01,1989,6,jun,72.500000
1989-07-01,1989,7,jul,48.200000
1989-08-01,1989,8,aug,94.800000
1989-09-01,1989,9,sep,63.300000
1989-10-01,1989,10,oct,187.200000
1989-11-01,1989,11,nov,112.600000
1989-12-01,1989,12,dec,205.400000
1990-01-01,1990,1,jan,255.300000
1990-02-01,1990,2,feb,229.000000
1990-03-01,1990,3,mar,40.000000
1990-04-01,1990,4,apr,52.300000
1990-05-01,1990,5,may,36.700000
1990-06-01,1990,6,jun,104.800000
1990-07-01,1990,7,jul,57.700000
1990-08-01,1990,8,aug,70.300000
1990-09-01,1990,9,sep,89.900000
1990-10-01,1990,10,oct,162.700000
1990-11-01,1990,11,nov,118.300000
1990-12-01,1990,12,dec,173.700000
1991-01-01,1991,1,jan,157.200000
1991-02-01,1991,2,feb,101.200000
1991-03-01,1991,3,mar,131.400000
1991-04-01,1991,4,apr,134.700000
1991-05-01,1991,5,may,15.800000
1991-06-01,1991,6,jun,118.200000
1991-07-01,1991,7,jul,102.800000
1991-08-01,1991,8,aug,59.900000
1991-09-01,1991,9,sep,88.100000
1991-10-01,1991,10,oct,161.000000
1991-11-01,1991,11,nov,151.000000
1991-12-01,1991,12,dec,75.800000
1992-01-01,1992,1,jan,77.200000
1992-02-01,1992,2,feb,86.800000
1992-03-01,1992,3,mar,139.600000
1992-04-01,1992,4,apr,102.400000
1992-05-01,1992,5,may,73.900000
1992-06-01,1992,6,jun,55.400000
1992-07-01,1992,7,jul,97.600000
1992-08-01,1992,8,aug,231.100000
1992-09-01,1992,9,sep,120.200000
1992-10-01,1992,10,oct,108.300000
1992-11-01,1992,11,nov,225.200000
1992-12-01,1992,12,dec,152.100000
1993-01-01,1993,1,jan,204.700000
1993-02-01,1993,2,feb,25.400000
1993-03-01,1993,3,mar,35.800000
1993-04-01,1993,4,apr,116.600000
1993-05-01,1993,5,may,139.900000
1993-06-01,1993,6,jun,99.400000
1993-07-01,1993,7,jul,119.000000
1993-08-01,1993,8,aug,79.800000
1993-09-01,1993,9,sep,120.300000
1993-10-01,1993,10,oct,77.600000
1993-11-01,1993,11,nov,113.300000
1993-12-01,1993,12,dec,296.600000
1994-01-01,1994,1,jan,195.400000
1994-02-01,1994,2,feb,134.400000
1994-03-01,1994,3,mar,198.900000
1994-04-01,1994,4,apr,125.600000
1994-05-01,1994,5,may,67.100000
1994-06-01,1994,6,jun,62.600000
1994-07-01,1994,7,jul,68.100000
1994-08-01,1994,8,aug,96.500000
1994-09-01,1994,9,sep,135.900000
1994-10-01,1994,10,oct,142.800000
1994-11-01,1994,11,nov,136.100000
1994-12-01,1994,12,dec,270.900000
1995-01-01,1995,1,jan,250.900000
1995-02-01,1995,2,feb,192.100000
1995-03-01,1995,3,mar,93.800000
1995-04-01,1995,4,apr,38.500000
1995-05-01,1995,5,may,77.600000
1995-06-01,1995,6,jun,29.000000
1995-07-01,1995,7,jul,76.900000
1995-08-01,1995,8,aug,14.300000
1995-09-01,1995,9,sep,125.100000
1995-10-01,1995,10,oct,115.400000
1995-11-01,1995,11,nov,131.300000
1995-12-01,1995,12,dec,104.000000
1996-01-01,1996,1,jan,101.700000
1996-02-01,1996,2,feb,132.700000
1996-03-01,1996,3,mar,72.400000
1996-04-01,1996,4,apr,90.100000
1996-05-01,1996,5,may,112.500000
1996-06-01,1996,6,jun,48.200000
1996-07-01,1996,7,jul,49.900000
1996-08-01,1996,8,aug,106.500000
1996-09-01,1996,9,sep,61.800000
1996-10-01,1996,10,oct,189.100000
1996-11-01,1996,11,nov,176.500000
1996-12-01,1996,12,dec,55.600000
1997-01-01,1997,1,jan,12.000000
1997-02-01,1997,2,feb,224.800000
1997-03-01,1997,3,mar,53.800000
1997-04-01,1997,4,apr,38.100000
1997-05-01,1997,5,may,115.600000
1997-06-01,1997,6,jun,147.200000
1997-07-01,1997,7,jul,57.400000
1997-08-01,1997,8,aug,139.800000
1997-09-01,1997,9,sep,72.100000
1997-10-01,1997,10,oct,97.000000
1997-11-01,1997,11,nov,196.800000
1997-12-01,1997,12,dec,159.900000
1998-01-01,1998,1,jan,207.700000
1998-02-01,1998,2,feb,44.600000
1998-03-01,1998,3,mar,186.400000
1998-04-01,1998,4,apr,162.300000
1998-05-01,1998,5,may,32.700000
1998-06-01,1998,6,jun,192.500000
1998-07-01,1998,7,jul,90.900000
1998-08-01,1998,8,aug,83.400000
1998-09-01,1998,9,sep,138.600000
1998-10-01,1998,10,oct,280.000000
1998-11-01,1998,11,nov,139.700000
1998-12-01,1998,12,dec,156.000000
1999-01-01,1999,1,jan,250.900000
1999-02-01,1999,2,feb,104.100000
1999-03-01,1999,3,mar,100.200000
1999-04-01,1999,4,apr,122.500000
1999-05-01,1999,5,may,83.400000
1999-06-01,1999,6,jun,84.800000
1999-07-01,1999,7,jul,28.000000
1999-08-01,1999,8,aug,138.000000
1999-09-01,1999,9,sep,204.300000
1999-10-01,1999,10,oct,137.400000
1999-11-01,1999,11,nov,125.500000
1999-12-01,1999,12,dec,261.600000
2000-01-01,2000,1,jan,111.100000
2000-02-01,2000,2,feb,178.600000
2000-03-01,2000,3,mar,66.600000
2000-04-01,2000,4,apr,153.500000
2000-05-01,2000,5,may,97.700000
2000-06-01,2000,6,jun,89.000000
2000-07-01,2000,7,jul,87.600000
2000-08-01,2000,8,aug,106.800000
2000-09-01,2000,9,sep,167.300000
2000-10-01,2000,10,oct,284.500000
2000-11-01,2000,11,nov,287.200000
2000-12-01,2000,12,dec,256.100000
2001-01-01,2001,1,jan,100.600000
2001-02-01,2001,2,feb,131.300000
2001-03-01,2001,3,mar,115.500000
2001-04-01,2001,4,apr,141.400000
2001-05-01,2001,5,may,59.300000
2001-06-01,2001,6,jun,47.500000
2001-07-01,2001,7,jul,111.100000
2001-08-01,2001,8,aug,132.300000
2001-09-01,2001,9,sep,97.000000
2001-10-01,2001,10,oct,207.300000
2001-11-01,2001,11,nov,130.000000
2001-12-01,2001,12,dec,75.700000
2002-01-01,2002,1,jan,180.700000
2002-02-01,2002,2,feb,267.700000
2002-03-01,2002,3,mar,66.100000
2002-04-01,2002,4,apr,99.800000
2002-05-01,2002,5,may,149.200000
2002-06-01,2002,6,jun,76.300000
2002-07-01,2002,7,jul,73.900000
2002-08-01,2002,8,aug,75.300000
2002-09-01,2002,9,sep,36.300000
2002-10-01,2002,10,oct,199.600000
2002-11-01,2002,11,nov,231.200000
2002-12-01,2002,12,dec,173.100000
2003-01-01,2003,1,jan,114.100000
2003-02-01,2003,2,feb,63.300000
2003-03-01,2003,3,mar,78.000000
2003-04-01,2003,4,apr,78.900000
2003-05-01,2003,5,may,129.100000
2003-06-01,2003,6,jun,71.200000
2003-07-01,2003,7,jul,125.000000
2003-08-01,2003,8,aug,24.800000
2003-09-01,2003,9,sep,58.400000
2003-10-01,2003,10,oct,91.000000
2003-11-01,2003,11,nov,141.600000
2003-12-01,2003,12,dec,161.400000
2004-01-01,2004,1,jan,192.700000
2004-02-01,2004,2,feb,119.900000
2004-03-01,2004,3,mar,90.100000
2004-04-01,2004,4,apr,81.500000
2004-05-01,2004,5,may,66.500000
2004-06-01,2004,6,jun,74.100000
2004-07-01,2004,7,jul,78.800000
2004-08-01,2004,8,aug,157.100000
2004-09-01,2004,9,sep,145.100000
2004-10-01,2004,10,oct,257.000000
2004-11-01,2004,11,nov,90.500000
2004-12-01,2004,12,dec,132.900000
2005-01-01,2005,1,jan,124.000000
2005-02-01,2005,2,feb,78.300000
2005-03-01,2005,3,mar,74.800000
2005-04-01,2005,4,apr,114.700000
2005-05-01,2005,5,may,63.000000
2005-06-01,2005,6,jun,74.600000
2005-07-01,2005,7,jul,87.600000
2005-08-01,2005,8,aug,69.700000
2005-09-01,2005,9,sep,101.700000
2005-10-01,2005,10,oct,216.700000
2005-11-01,2005,11,nov,185.400000
2005-12-01,2005,12,dec,113.300000
2006-01-01,2006,1,jan,65.500000
2006-02-01,2006,2,feb,79.900000
2006-03-01,2006,3,mar,173.800000
2006-04-01,2006,4,apr,68.500000
2006-05-01,2006,5,may,164.900000
2006-06-01,2006,6,jun,35.400000
2006-07-01,2006,7,jul,51.700000
2006-08-01,2006,8,aug,103.000000
2006-09-01,2006,9,sep,83.200000
2006-10-01,2006,10,oct,188.000000
2006-11-01,2006,11,nov,198.000000
2006-12-01,2006,12,dec,258.500000
2007-01-01,2007,1,jan,203.300000
2007-02-01,2007,2,feb,145.300000
2007-03-01,2007,3,mar,104.100000
2007-04-01,2007,4,apr,24.900000
2007-05-01,2007,5,may,129.700000
2007-06-01,2007,6,jun,168.100000
2007-07-01,2007,7,jul,204.300000
2007-08-01,2007,8,aug,75.500000
2007-09-01,2007,9,sep,92.000000
2007-10-01,2007,10,oct,61.300000
2007-11-01,2007,11,nov,93.300000
2007-12-01,2007,12,dec,184.100000
2008-01-01,2008,1,jan,246.200000
2008-02-01,2008,2,feb,80.300000
2008-03-01,2008,3,mar,147.300000
2008-04-01,2008,4,apr,90.200000
2008-05-01,2008,5,may,60.900000
2008-06-01,2008,6,jun,94.200000
2008-07-01,2008,7,jul,150.500000
2008-08-01,2008,8,aug,189.700000
2008-09-01,2008,9,sep,154.600000
2008-10-01,2008,10,oct,228.700000
2008-11-01,2008,11,nov,127.900000
2008-12-01,2008,12,dec,94.900000
2009-01-01,2009,1,jan,168.400000
2009-02-01,2009,2,feb,32.800000
2009-03-01,2009,3,mar,68.000000
2009-04-01,2009,4,apr,76.900000
2009-05-01,2009,5,may,93.100000
2009-06-01,2009,6,jun,74.700000
2009-07-01,2009,7,jul,226.400000
2009-08-01,2009,8,aug,101.800000
2009-09-01,2009,9,sep,53.100000
2009-10-01,2009,10,oct,128.900000
2009-11-01,2009,11,nov,318.700000
2009-12-01,2009,12,dec,154.000000
2010-01-01,2010,1,jan,100.300000
2010-02-01,2010,2,feb,60.900000
2010-03-01,2010,3,mar,99.600000
2010-04-01,2010,4,apr,43.600000
2010-05-01,2010,5,may,53.400000
2010-06-01,2010,6,jun,42.200000
2010-07-01,2010,7,jul,158.600000
2010-08-01,2010,8,aug,105.500000
2010-09-01,2010,9,sep,152.500000
2010-10-01,2010,10,oct,119.000000
2010-11-01,2010,11,nov,140.700000
2010-12-01,2010,12,dec,52.700000
2011-01-01,2011,1,jan,149.300000
2011-02-01,2011,2,feb,130.600000
2011-03-01,2011,3,mar,30.900000
2011-04-01,2011,4,apr,30.800000
2011-05-01,2011,5,may,93.900000
2011-06-01,2011,6,jun,110.000000
2011-07-01,2011,7,jul,95.100000
2011-08-01,2011,8,aug,83.400000
2011-09-01,2011,9,sep,129.200000
2011-10-01,2011,10,oct,126.800000
2011-11-01,2011,11,nov,97.600000
2011-12-01,2011,12,dec,211.100000
2012-01-01,2012,1,jan,129.900000
2012-02-01,2012,2,feb,64.300000
2012-03-01,2012,3,mar,31.400000
2012-04-01,2012,4,apr,169.200000
2012-05-01,2012,5,may,77.000000
2012-06-01,2012,6,jun,218.600000
2012-07-01,2012,7,jul,132.700000
2012-08-01,2012,8,aug,156.800000
2012-09-01,2012,9,sep,130.800000
2012-10-01,2012,10,oct,148.800000
2012-11-01,2012,11,nov,178.000000
2012-12-01,2012,12,dec,264.900000
2013-01-01,2013,1,jan,140.300000
2013-02-01,2013,2,feb,76.200000
2013-03-01,2013,3,mar,88.100000
2013-04-01,2013,4,apr,54.000000
2013-05-01,2013,5,may,113.300000
2013-06-01,2013,6,jun,62.400000
2013-07-01,2013,7,jul,62.600000
2013-08-01,2013,8,aug,108.600000
2013-09-01,2013,9,sep,74.200000
2013-10-01,2013,10,oct,224.900000
2013-11-01,2013,11,nov,113.700000
2013-12-01,2013,12,dec,224.800000
2014-01-01,2014,1,jan,257.900000
2014-02-01,2014,2,feb,241.600000
2014-03-01,2014,3,mar,80.500000
2014-04-01,2014,4,apr,78.900000
2014-05-01,2014,5,may,129.600000
2014-06-01,2014,6,jun,57.500000
2014-07-01,2014,7,jul,57.100000
2014-08-01,2014,8,aug,143.300000
2014-09-01,2014,9,sep,16.400000
2014-10-01,2014,10,oct,177.300000
2014-11-01,2014,11,nov,151.300000
2014-12-01,2014,12,dec,159.600000
2015-01-01,2015,1,jan,187.700000
2015-02-01,2015,2,feb,87.800000
2015-03-01,2015,3,mar,97.400000
2015-04-01,2015,4,apr,35.100000
2015-05-01,2015,5,may,134.900000
2015-06-01,2015,6,jun,59.600000
2015-07-01,2015,7,jul,113.900000
2015-08-01,2015,8,aug,128.900000
2015-09-01,2015,9,sep,71.700000
2015-10-01,2015,10,oct,71.500000
2015-11-01,2015,11,nov,245.900000
2015-12-01,2015,12,dec,334.100000
2016-01-01,2016,1,jan,243.800000
2016-02-01,2016,2,feb,147.500000
2016-03-01,2016,3,mar,104.400000
2016-04-01,2016,4,apr,87.900000
2016-05-01,2016,5,may,85.200000
2016-06-01,2016,6,jun,131.400000
2016-07-01,2016,7,jul,86.300000
2016-08-01,2016,8,aug,103.700000
2016-09-01,2016,9,sep,135.300000
2016-10-01,2016,10,oct,45.000000
2016-11-01,2016,11,nov,118.100000
2016-12-01,2016,12,dec,82.400000
2017-01-01,2017,1,jan,83.300000
2017-02-01,2017,2,feb,119.100000
2017-03-01,2017,3,mar,155.100000
2017-04-01,2017,4,apr,25.500000
2017-05-01,2017,5,may,71.400000
2017-06-01,2017,6,jun,130.800000
2017-07-01,2017,7,jul,121.100000
2017-08-01,2017,8,aug,111.300000
2017-09-01,2017,9,sep,171.500000
2017-10-01,2017,10,oct,109.300000
2017-11-01,2017,11,nov,145.900000
2017-12-01,2017,12,dec,171.300000
2018-01-01,2018,1,jan,170.100000
2018-02-01,2018,2,feb,78.100000
2018-03-01,2018,3,mar,140.900000
2018-04-01,2018,4,apr,115.100000
2018-05-01,2018,5,may,60.400000
2018-06-01,2018,6,jun,20.400000
2018-07-01,2018,7,jul,62.600000
2018-08-01,2018,8,aug,99.200000
2018-09-01,2018,9,sep,134.600000
2018-10-01,2018,10,oct,132.000000
2018-11-01,2018,11,nov,164.400000
2018-12-01,2018,12,dec,189.500000
2019-01-01,2019,1,jan,81.600000
2019-02-01,2019,2,feb,87.600000
2019-03-01,2019,3,mar,176.900000
2019-04-01,2019,4,apr,98.100000
2019-05-01,2019,5,may,47.200000
2019-06-01,2019,6,jun,146.700000
2019-07-01,2019,7,jul,58.800000
2019-08-01,2019,8,aug,144.000000
2019-09-01,2019,9,sep,193.400000
2019-10-01,2019,10,oct,208.000000
2019-11-01,2019,11,nov,177.600000
2019-12-01,2019,12,dec,184.600000
2020-01-01,2020,1,jan,146.100000
2020-02-01,2020,2,feb,295.300000
2020-03-01,2020,3,mar,103.000000
2020-04-01,2020,4,apr,40.700000
2020-05-01,2020,5,may,14.500000
2020-06-01,2020,6,jun,140.900000
2020-07-01,2020,7,jul,121.300000
2020-08-01,2020,8,aug,184.400000
2020-09-01,2020,9,sep,80.800000
2020-10-01,2020,10,oct,219.800000
2020-11-01,2020,11,nov,137.000000
2020-12-01,2020,12,dec,262.900000
2021-01-01,2021,1,jan,213.300000
2021-02-01,2021,2,feb,159.600000
2021-03-01,2021,3,mar,98.400000
2021-04-01,2021,4,apr,17.100000
2021-05-01,2021,5,may,213.900000
2021-06-01,2021,6,jun,32.700000
2021-07-01,2021,7,jul,82.400000
2021-08-01,2021,8,aug,77.600000
2021-09-01,2021,9,sep,122.400000
2021-10-01,2021,10,oct,215.200000
2021-11-01,2021,11,nov,73.300000
2021-12-01,2021,12,dec,191.800000
2022-01-01,2022,1,jan,70.700000
2022-02-01,2022,2,feb,205.700000
2022-03-01,2022,3,mar,52.700000
2022-04-01,2022,4,apr,47.300000
2022-05-01,2022,5,may,63.600000
2022-06-01,2022,6,jun,75.900000
2022-07-01,2022,7,jul,53.200000
2022-08-01,2022,8,aug,42.900000
2022-09-01,2022,9,sep,121.900000
2022-10-01,2022,10,oct,180.500000
2022-11-01,2022,11,nov,210.100000
2022-12-01,2022,12,dec,169.000000
2023-01-01,2023,1,jan,198.200000
2023-02-01,2023,2,feb,26.900000
2023-03-01,2023,3,mar,210.500000
2023-04-01,2023,4,apr,83.800000
2023-05-01,2023,5,may,35.900000
2023-06-01,2023,6,jun,49.500000
2023-07-01,2023,7,jul,179.800000
2023-08-01,2023,8,aug,121.700000
2023-09-01,2023,9,sep,161.000000
2023-10-01,2023,10,oct,216.400000
2023-11-01,2023,11,nov,175.400000
2023-12-01,2023,12,dec,266.300000
2024-01-01,2024,1,jan,167.000000
2024-02-01,2024,2,feb,215.400000
2024-03-01,2024,3,mar,161.600000
2024-04-01,2024,4,apr,138.700000
2024-05-01,2024,5,may,96.700000
2024-06-01,2024,6,jun,49.600000
2024-07-01,2024,7,jul,92.700000
2024-08-01,2024,8,aug,103.400000
2024-09-01,2024,9,sep,161.100000
2024-10-01,2024,10,oct,131.100000
2024-11-01,2024,11,nov,138.400000
2024-12-01,2024,12,dec,191.500000
2025-01-01,2025,1,jan,150.100000
2025-02-01,2025,2,feb,92.400000
2025-03-01,2025,3,mar,24.300000
2025-04-01,2025,4,apr,72.100000
2025-05-01,2025,5,may,51.200000
2025-06-01,2025,6,jun,114.700000
2025-07-01,2025,7,jul,59.900000
2025-08-01,2025,8,aug,69.900000
2025-09-01,2025,9,sep,197.700000
2025-10-01,2025,10,oct,145.900000
2025-11-01,2025,11,nov,261.400000
2025-12-01,2025,12,dec,206.800000
2026-01-01,2026,1,jan,175.600000
2026-02-01,2026,2,feb,162.600000
2026-03-01,2026,3,mar,95.100000
2026-04-01,2026,4,apr,55.500000
2026-05-01,2026,5,may,69.900000
2026-06-01,2026,6,jun,97.800000
