year,jan,feb,mar,apr,may,jun,jul,aug,sep,oct,nov,dec,win,spr,sum,aut,ann
1836,120.700000,76.500000,180.900000,94.100000,6.800000,106.000000,124.200000,69.700000,132.700000,143.400000,225.200000,156.800000,,281.700000,299.800000,501.300000,1436.900000
1837,125.200000,143.900000,47.400000,57.000000,50.400000,69.300000,74.600000,119.200000,106.300000,156.600000,155.600000,121.600000,425.900000,154.800000,263.100000,418.400000,1227.000000
1838,36.300000,83.700000,71.800000,87.700000,99.600000,147.500000,84.200000,138.200000,42.800000,155.900000,210.600000,101.600000,241.600000,259.100000,369.900000,409.300000,1259.900000
1839,105.900000,93.800000,93.300000,62.700000,34.200000,144.400000,216.400000,127.100000,205.600000,146.900000,194.100000,118.100000,301.200000,190.200000,487.900000,546.600000,1542.500000
1840,159.300000,102.400000,7.700000,31.000000,89.100000,91.700000,119.600000,122.300000,117.100000,81.000000,237.700000,26.500000,379.800000,127.800000,333.700000,435.900000,1185.600000
1841,116.900000,78.700000,119.600000,79.700000,98.700000,87.400000,116.200000,171.200000,189.700000,184.200000,187.700000,208.100000,222.100000,298.000000,374.800000,561.600000,1638.200000
1842,117.000000,69.300000,148.900000,12.200000,86.400000,87.900000,100.800000,50.400000,109.100000,78.000000,269.500000,113.700000,394.400000,247.500000,239.100000,456.600000,1243.100000
1843,118.600000,62.900000,48.600000,133.700000,99.500000,111.000000,88.500000,114.100000,26.600000,254.500000,162.000000,39.900000,295.200000,281.700000,313.600000,443.100000,1259.800000
1844,88.000000,119.300000,108.800000,35.800000,4.100000,35.700000,81.600000,126.300000,86.800000,148.600000,98.900000,25.500000,247.300000,148.800000,243.500000,334.300000,959.500000
1845,108.800000,48.100000,62.700000,77.900000,48.900000,96.900000,115.800000,169.500000,113.000000,65.600000,125.000000,174.200000,182.400000,189.500000,382.300000,303.600000,1206.500000
1846,145.300000,59.000000,107.800000,134.200000,53.900000,79.500000,122.900000,143.100000,69.900000,186.600000,97.800000,54.900000,378.500000,296.000000,345.600000,354.300000,1255.000000
1847,112.700000,85.300000,83.000000,65.800000,98.000000,79.900000,51.500000,82.500000,115.400000,199.400000,109.100000,214.400000,252.900000,246.900000,213.900000,423.900000,1297.000000
1848,76.200000,180.600000,126.400000,110.500000,51.200000,138.800000,109.200000,183.000000,126.200000,169.900000,96.600000,158.300000,471.200000,288.100000,431.000000,392.700000,1526.900000
1849,136.000000,66.600000,39.600000,105.100000,98.600000,31.200000,100.200000,101.200000,131.200000,156.100000,109.300000,126.300000,360.900000,243.400000,232.700000,396.700000,1201.500000
1850,77.400000,91.100000,42.800000,134.300000,73.100000,47.700000,83.500000,106.200000,87.500000,72.400000,151.100000,117.200000,294.700000,250.200000,237.400000,311.000000,1084.300000
1851,245.000000,67.300000,151.300000,62.100000,47.600000,109.800000,114.700000,90.700000,44.200000,129.800000,74.900000,61.700000,429.600000,261.000000,315.300000,248.800000,1199.100000
1852,220.800000,140.100000,18.000000,34.900000,84.600000,145.400000,89.800000,206.300000,136.800000,144.100000,321.100000,241.300000,422.600000,137.500000,441.500000,602.100000,1783.400000
1853,159.000000,49.100000,47.500000,93.600000,55.400000,118.200000,143.900000,104.800000,75.300000,151.800000,104.700000,44.700000,449.400000,196.500000,366.900000,331.800000,1148.100000
1854,129.900000,56.000000,44.100000,19.900000,82.900000,84.100000,125.500000,83.700000,66.100000,101.200000,90.200000,116.100000,230.600000,146.900000,293.300000,257.400000,999.500000
1855,15.100000,47.500000,84.200000,23.800000,70.300000,127.000000,139.600000,84.500000,44.500000,186.600000,38.000000,80.800000,178.700000,178.300000,351.100000,269.100000,941.900000
1856,127.800000,108.700000,39.600000,106.700000,69.400000,70.500000,81.100000,122.600000,136.800000,111.000000,64.000000,156.200000,317.400000,215.600000,274.200000,311.700000,1194.300000
1857,117.800000,87.600000,123.700000,126.600000,70.700000,88.400000,101.600000,109.700000,95.200000,109.700000,66.900000,78.100000,361.600000,321.000000,299.700000,271.800000,1176.000000
1858,55.900000,31.700000,59.900000,132.200000,85.200000,66.800000,76.900000,84.100000,133.100000,167.400000,61.400000,135.500000,165.700000,277.400000,227.800000,361.900000,1090.100000
1859,97.000000,83.100000,150.800000,121.000000,33.000000,62.200000,95.400000,134.500000,184.000000,138.200000,144.200000,155.200000,315.500000,304.900000,292.200000,466.400000,1398.600000
1860,157.700000,56.700000,125.900000,64.500000,104.000000,209.800000,71.200000,241.200000,93.500000,148.500000,90.700000,132.100000,369.600000,294.400000,522.200000,332.700000,1495.900000
1861,52.700000,125.000000,119.400000,29.400000,42.300000,94.600000,164.600000,129.700000,137.900000,85.300000,189.200000,103.800000,309.800000,191.000000,389.000000,412.400000,1273.900000
1862,123.200000,32.500000,129.500000,120.800000,106.100000,111.300000,127.900000,98.300000,112.700000,194.300000,60.500000,137.700000,259.500000,356.400000,337.500000,367.500000,1354.800000
1863,151.800000,54.400000,50.200000,53.700000,56.000000,113.400000,45.000000,144.600000,180.800000,209.300000,141.500000,79.400000,343.900000,159.900000,303.000000,531.600000,1280.000000
1864,93.700000,67.900000,95.600000,45.400000,54.700000,87.300000,46.300000,69.200000,151.800000,88.000000,140.900000,85.700000,240.900000,195.800000,202.700000,380.600000,1026.400000
1865,131.300000,103.500000,69.900000,36.400000,135.000000,47.900000,90.400000,167.100000,16.700000,172.600000,155.500000,97.000000,320.400000,241.200000,305.300000,344.800000,1223.100000
1866,204.600000,149.200000,110.300000,47.900000,43.000000,120.200000,54.000000,130.600000,255.900000,72.200000,136.900000,132.900000,450.800000,201.300000,304.800000,465.000000,1457.800000
1867,176.900000,103.500000,103.500000,146.700000,92.000000,27.000000,118.400000,62.200000,101.100000,186.200000,41.300000,108.800000,413.300000,342.100000,207.600000,328.500000,1267.400000
1868,153.700000,95.500000,128.300000,76.200000,63.800000,15.400000,35.300000,126.900000,96.100000,138.300000,99.000000,297.100000,358.000000,268.300000,177.500000,333.500000,1325.500000
1869,196.200000,165.500000,63.300000,77.300000,116.100000,28.600000,39.900000,62.100000,235.200000,108.700000,135.500000,170.900000,658.700000,256.700000,130.600000,479.300000,1399.200000
1870,110.800000,111.500000,82.900000,40.900000,70.900000,31.200000,52.900000,73.200000,84.800000,272.800000,152.500000,82.200000,393.200000,194.700000,157.200000,510.100000,1166.500000
1871,114.100000,104.600000,73.500000,121.300000,28.700000,72.300000,163.900000,79.400000,143.900000,177.900000,50.300000,108.100000,300.800000,223.600000,315.600000,372.000000,1238.000000
1872,237.000000,163.700000,134.400000,85.500000,71.000000,159.400000,143.000000,101.900000,180.900000,230.600000,252.200000,226.800000,508.800000,290.900000,404.300000,663.700000,1986.400000
1873,214.500000,53.500000,109.600000,35.700000,73.700000,59.400000,113.100000,150.200000,100.800000,136.800000,86.000000,56.400000,494.800000,219.100000,322.700000,323.600000,1189.700000
1874,154.100000,108.000000,96.700000,69.000000,42.600000,38.600000,72.900000,179.400000,149.700000,168.600000,137.800000,149.300000,318.500000,208.300000,290.900000,456.100000,1366.800000
1875,196.700000,69.400000,50.100000,63.300000,81.800000,108.500000,144.000000,120.600000,153.600000,188.300000,189.600000,80.200000,415.400000,195.200000,373.100000,531.400000,1446.100000
1876,79.500000,162.600000,124.400000,99.200000,17.600000,60.100000,74.900000,135.600000,174.100000,159.300000,151.500000,240.800000,322.300000,241.200000,270.600000,484.900000,1479.500000
1877,226.900000,140.400000,104.700000,101.900000,105.800000,83.800000,149.300000,186.600000,105.600000,163.400000,234.400000,120.600000,608.100000,312.500000,419.700000,503.400000,1723.500000
1878,109.400000,74.500000,64.600000,75.200000,153.500000,105.800000,51.900000,186.700000,108.700000,182.500000,132.800000,95.500000,304.400000,293.200000,344.500000,423.900000,1341.000000
1879,76.200000,144.100000,69.100000,63.800000,84.100000,185.400000,154.200000,235.100000,139.900000,60.800000,30.800000,83.700000,315.800000,217.000000,574.700000,231.600000,1327.300000
1880,31.900000,130.900000,73.700000,72.100000,63.900000,106.300000,198.000000,42.800000,105.200000,159.400000,167.600000,196.400000,246.600000,209.600000,347.100000,432.100000,1348.100000
1881,36.000000,154.500000,113.800000,48.100000,96.500000,107.700000,79.900000,167.500000,62.100000,103.200000,185.900000,144.700000,386.900000,258.400000,355.100000,351.200000,1299.900000
1882,138.700000,119.200000,102.000000,142.500000,66.900000,140.100000,178.200000,145.200000,101.700000,176.000000,212.600000,176.200000,402.700000,311.500000,463.500000,490.200000,1699.400000
1883,182.400000,168.900000,57.600000,36.700000,61.700000,114.200000,106.100000,77.600000,180.300000,156.200000,176.500000,91.500000,527.500000,156.000000,297.900000,513.100000,1409.700000
1884,185.600000,163.200000,122.700000,53.600000,70.100000,55.300000,124.000000,66.300000,102.400000,82.100000,92.200000,183.000000,440.200000,246.300000,245.600000,276.700000,1300.300000
1885,115.400000,175.700000,68.500000,88.600000,83.100000,77.800000,49.800000,85.300000,184.700000,189.600000,149.400000,59.100000,474.000000,240.200000,212.900000,523.800000,1327.100000
1886,162.000000,48.000000,153.300000,78.400000,156.900000,48.600000,128.700000,65.300000,145.000000,211.800000,149.600000,195.900000,269.100000,388.700000,242.600000,506.400000,1543.600000
1887,111.700000,42.200000,65.900000,49.000000,65.400000,24.200000,75.500000,79.100000,120.700000,94.800000,111.800000,121.800000,349.800000,180.300000,178.800000,327.300000,962.100000
1888,59.500000,33.100000,106.700000,64.700000,51.300000,99.300000,195.400000,136.300000,38.800000,89.200000,223.300000,150.900000,214.400000,222.700000,431.000000,351.300000,1248.400000
1889,60.200000,83.900000,91.700000,122.700000,94.000000,17.200000,96.800000,134.000000,76.700000,149.200000,76.100000,106.300000,295.100000,308.400000,248.100000,301.900000,1109.000000
1890,203.200000,34.100000,82.600000,48.600000,79.100000,90.500000,95.100000,129.200000,62.200000,95.300000,213.200000,41.700000,343.700000,210.300000,314.800000,370.700000,1174.800000
1891,112.300000,8.100000,60.400000,85.900000,100.100000,95.700000,83.200000,207.000000,131.000000,257.000000,133.000000,243.000000,162.100000,246.500000,386.000000,520.900000,1516.800000
1892,96.400000,75.200000,41.100000,43.400000,74.700000,77.600000,81.400000,135.300000,125.500000,154.900000,109.500000,81.300000,414.500000,159.200000,294.300000,389.900000,1096.100000
1893,77.300000,164.500000,29.800000,13.500000,67.200000,62.600000,96.600000,97.400000,91.200000,143.600000,98.100000,168.900000,323.000000,110.500000,256.600000,332.800000,1110.600000
1894,147.800000,141.200000,104.600000,65.300000,108.000000,70.300000,119.900000,124.700000,45.700000,175.400000,179.600000,127.900000,457.900000,277.900000,314.800000,400.700000,1410.300000
1895,134.400000,10.000000,129.600000,85.600000,18.600000,32.500000,146.400000,122.700000,38.500000,148.100000,179.900000,117.400000,272.300000,233.700000,301.600000,366.500000,1163.700000
1896,56.100000,37.600000,156.200000,39.000000,7.800000,66.000000,92.900000,89.200000,217.100000,163.100000,45.100000,207.200000,211.100000,203.000000,248.200000,425.200000,1177.200000
1897,63.600000,116.400000,165.400000,115.400000,47.200000,88.600000,60.700000,161.600000,144.700000,65.900000,134.800000,211.600000,387.200000,328.100000,310.900000,345.300000,1375.900000
1898,92.700000,97.000000,45.000000,83.800000,124.900000,80.600000,34.600000,153.100000,59.900000,182.000000,116.100000,171.200000,401.400000,253.600000,268.300000,358.000000,1240.800000
1899,226.300000,125.500000,62.000000,133.500000,90.500000,57.800000,62.300000,51.300000,105.600000,117.600000,108.200000,96.900000,523.100000,286.000000,171.400000,331.400000,1237.500000
1900,150.400000,156.700000,34.600000,60.900000,81.700000,95.100000,59.100000,165.500000,61.300000,179.100000,145.600000,201.900000,404.100000,177.200000,319.600000,386.100000,1391.900000
1901,101.500000,49.900000,122.000000,110.100000,32.800000,84.700000,68.800000,124.400000,84.500000,116.200000,103.500000,188.300000,353.200000,264.900000,277.900000,304.200000,1186.600000
1902,84.700000,48.600000,85.800000,65.000000,92.100000,88.200000,65.000000,96.500000,70.100000,126.400000,117.500000,128.800000,321.600000,242.900000,249.700000,313.900000,1068.600000
1903,179.300000,123.800000,215.900000,66.000000,96.700000,54.500000,105.900000,194.700000,161.200000,326.400000,112.600000,120.100000,431.900000,378.600000,355.100000,600.200000,1757.300000
1904,164.700000,154.500000,70.800000,88.000000,75.800000,55.200000,81.400000,118.300000,82.200000,73.800000,92.200000,123.600000,439.300000,234.600000,255.000000,248.200000,1180.500000
1905,65.900000,60.800000,172.600000,116.200000,29.900000,82.000000,64.200000,169.700000,69.200000,93.300000,141.500000,47.600000,250.300000,318.700000,315.900000,303.900000,1112.900000
1906,205.100000,120.600000,105.100000,39.900000,120.500000,67.100000,40.800000,134.400000,38.700000,212.400000,116.700000,125.300000,373.200000,265.500000,242.300000,367.800000,1326.600000
1907,77.300000,70.200000,67.600000,95.000000,96.000000,147.300000,92.900000,128.900000,28.500000,226.300000,106.800000,155.300000,272.800000,258.600000,369.100000,361.600000,1292.000000
1908,101.000000,92.000000,133.200000,83.400000,91.300000,60.100000,130.900000,146.000000,115.600000,71.500000,104.000000,141.100000,348.200000,307.800000,337.000000,291.100000,1270.000000
1909,78.400000,32.600000,120.500000,110.300000,48.500000,75.200000,115.600000,69.700000,115.100000,229.900000,64.000000,208.300000,252.100000,279.300000,260.500000,409.000000,1268.200000
1910,141.500000,169.000000,52.800000,107.100000,72.100000,128.200000,119.600000,183.500000,14.700000,123.100000,178.500000,224.300000,518.800000,232.100000,431.300000,316.300000,1514.500000
1911,53.500000,111.000000,71.200000,78.600000,54.900000,97.000000,22.600000,113.600000,107.100000,124.700000,185.000000,266.900000,388.800000,204.700000,233.100000,416.900000,1286.000000
1912,128.300000,95.000000,212.900000,14.900000,49.000000,157.900000,128.200000,248.100000,31.700000,159.200000,127.200000,191.000000,490.200000,276.900000,534.200000,318.100000,1543.500000
1913,182.300000,68.600000,189.200000,171.600000,94.100000,87.400000,35.300000,66.100000,109.700000,142.600000,177.400000,87.100000,441.900000,454.900000,188.800000,429.700000,1411.400000
1914,96.900000,157.500000,178.200000,44.900000,77.300000,63.700000,144.400000,111.500000,73.400000,69.700000,158.400000,262.500000,341.400000,300.400000,319.600000,301.500000,1438.300000
1915,152.000000,204.800000,43.600000,63.200000,76.100000,47.900000,138.000000,94.400000,42.900000,97.400000,108.100000,271.700000,619.300000,182.900000,280.400000,248.400000,1340.200000
1916,109.300000,167.100000,81.500000,86.300000,107.700000,79.500000,59.300000,97.100000,96.300000,261.900000,132.100000,99.000000,548.100000,275.500000,235.800000,490.300000,1376.900000
1917,59.600000,45.900000,90.300000,74.400000,94.700000,79.800000,75.200000,275.200000,82.800000,206.600000,115.000000,53.100000,204.400000,259.400000,430.300000,404.300000,1252.600000
1918,133.300000,130.000000,71.800000,57.200000,82.700000,55.200000,136.400000,78.000000,279.100000,129.700000,109.900000,223.800000,316.300000,211.700000,269.500000,518.700000,1486.900000
1919,156.300000,88.100000,187.000000,80.400000,34.800000,73.600000,49.400000,106.800000,90.300000,80.600000,90.000000,235.000000,468.200000,302.200000,229.800000,260.800000,1272.200000
1920,182.700000,98.800000,182.700000,195.200000,120.600000,98.500000,198.400000,81.500000,121.100000,120.600000,78.400000,138.800000,516.500000,498.500000,378.500000,320.000000,1617.300000
1921,188.400000,11.300000,141.700000,41.000000,61.900000,11.800000,70.000000,164.200000,56.000000,80.700000,100.100000,139.300000,338.500000,244.600000,246.000000,236.800000,1066.500000
1922,154.100000,169.100000,116.000000,94.500000,42.300000,53.400000,152.100000,112.600000,116.800000,40.600000,70.400000,183.700000,462.500000,252.800000,318.100000,227.700000,1305.400000
1923,112.900000,261.000000,57.400000,94.800000,98.600000,35.000000,103.800000,140.900000,134.100000,230.800000,147.800000,141.200000,557.600000,250.800000,279.700000,512.800000,1558.500000
1924,143.900000,25.400000,57.000000,107.800000,146.900000,88.300000,160.200000,167.500000,189.000000,164.600000,96.500000,220.000000,310.500000,311.700000,416.000000,450.100000,1567.100000
1925,127.500000,219.700000,44.000000,89.800000,136.100000,2.400000,86.000000,134.600000,123.600000,179.100000,94.800000,130.300000,567.200000,269.800000,222.900000,397.500000,1367.800000
1926,178.600000,117.400000,38.900000,69.400000,84.500000,70.600000,128.600000,131.300000,73.700000,119.500000,250.500000,32.800000,426.300000,192.800000,330.500000,443.700000,1295.800000
1927,160.900000,108.400000,141.000000,67.100000,52.900000,142.900000,131.500000,223.300000,173.000000,133.500000,156.400000,79.000000,302.100000,261.100000,497.800000,462.900000,1570.100000
1928,266.800000,156.000000,108.100000,49.300000,29.800000,161.500000,83.500000,142.500000,51.600000,224.300000,238.100000,136.300000,501.800000,187.200000,387.500000,514.000000,1647.800000
1929,58.500000,40.000000,26.600000,30.100000,99.500000,80.700000,94.800000,114.700000,53.500000,204.200000,333.800000,301.900000,234.900000,156.100000,290.200000,591.500000,1438.300000
1930,228.700000,18.900000,94.900000,95.000000,66.100000,54.400000,133.800000,153.600000,152.100000,209.900000,175.300000,189.500000,549.400000,256.000000,341.800000,537.200000,1572.100000
1931,134.900000,136.300000,33.100000,110.700000,124.800000,128.900000,125.800000,146.100000,91.400000,60.400000,267.500000,89.100000,460.800000,268.600000,400.800000,419.300000,1449.000000
1932,202.000000,3.300000,87.200000,123.200000,136.200000,49.600000,142.900000,48.900000,132.800000,234.900000,110.500000,101.900000,294.500000,346.700000,241.400000,478.200000,1373.400000
1933,128.800000,130.000000,97.900000,41.100000,54.000000,86.000000,86.500000,47.000000,46.300000,185.100000,43.400000,47.100000,360.700000,193.000000,219.400000,274.800000,993.200000
1934,146.500000,14.500000,102.400000,92.300000,82.400000,54.100000,38.400000,134.400000,114.400000,160.000000,63.700000,283.200000,208.100000,277.100000,226.900000,338.100000,1286.300000
1935,55.900000,167.400000,38.500000,142.300000,45.300000,144.200000,30.800000,60.800000,212.200000,204.200000,196.200000,110.100000,506.500000,226.100000,235.800000,612.600000,1407.900000
1936,177.200000,78.500000,94.900000,74.800000,48.700000,127.200000,189.300000,44.500000,120.100000,90.100000,159.100000,187.600000,365.900000,218.400000,361.000000,369.400000,1392.100000
1937,183.300000,208.000000,92.000000,100.800000,53.200000,57.900000,83.800000,41.000000,84.900000,112.000000,62.900000,109.200000,578.900000,245.900000,182.700000,259.900000,1189.000000
1938,197.600000,63.900000,41.000000,9.400000,95.600000,120.900000,138.600000,111.500000,64.200000,216.500000,210.900000,143.600000,370.700000,146.000000,371.000000,491.700000,1413.700000
1939,213.900000,131.200000,83.400000,88.700000,30.300000,82.500000,246.700000,89.800000,31.300000,88.400000,267.000000,102.300000,488.700000,202.500000,419.000000,386.800000,1455.600000
1940,101.600000,118.500000,103.300000,86.800000,57.000000,28.400000,125.900000,23.600000,84.800000,172.600000,279.900000,115.600000,322.400000,247.100000,177.900000,537.300000,1298.000000
1941,101.400000,135.100000,101.900000,46.300000,85.000000,35.300000,79.500000,156.400000,32.200000,139.700000,101.700000,109.300000,352.100000,233.100000,271.200000,273.600000,1123.700000
1942,164.300000,34.600000,98.300000,69.400000,152.700000,13.600000,115.800000,134.300000,116.000000,134.800000,30.400000,194.800000,308.200000,320.400000,263.600000,281.200000,1258.900000
1943,223.000000,101.900000,40.500000,52.600000,127.600000,112.200000,91.200000,136.900000,153.100000,148.300000,112.300000,74.900000,519.700000,220.700000,340.300000,413.700000,1374.500000
1944,160.500000,55.100000,21.900000,68.700000,62.200000,82.400000,88.500000,91.600000,142.200000,193.100000,230.900000,130.900000,290.600000,152.800000,262.600000,566.200000,1328.100000
1945,111.600000,163.400000,63.100000,72.600000,106.700000,127.500000,90.700000,88.700000,100.200000,141.300000,21.900000,171.600000,405.900000,242.400000,306.800000,263.500000,1259.400000
1946,186.100000,159.800000,50.000000,43.200000,84.500000,129.600000,80.400000,191.100000,196.000000,49.500000,235.400000,158.900000,517.500000,177.600000,401.100000,481.000000,1564.500000
1947,137.600000,55.300000,245.800000,124.000000,90.100000,76.300000,98.200000,19.100000,81.300000,31.800000,162.500000,125.600000,351.800000,459.900000,193.600000,275.600000,1247.700000
1948,297.400000,91.100000,77.000000,73.700000,75.400000,139.400000,81.100000,157.800000,130.900000,117.500000,100.400000,214.300000,514.100000,226.100000,378.200000,348.900000,1556.100000
1949,81.100000,68.100000,69.700000,123.600000,102.600000,22.800000,51.800000,83.400000,58.400000,224.900000,172.600000,174.700000,363.500000,295.900000,158.000000,455.900000,1233.700000
1950,56.400000,225.700000,81.900000,115.100000,46.100000,65.500000,125.900000,216.700000,245.500000,102.700000,176.600000,109.300000,456.900000,243.000000,408.100000,524.700000,1567.300000
1951,151.300000,142.700000,165.400000,106.700000,80.000000,38.600000,53.800000,177.300000,141.600000,41.500000,251.600000,190.700000,403.200000,352.100000,269.700000,434.700000,1541.100000
1952,161.400000,46.900000,88.400000,88.800000,98.200000,90.700000,56.500000,149.000000,106.600000,164.100000,110.000000,135.300000,399.000000,275.300000,296.200000,380.700000,1295.900000
1953,53.400000,81.600000,83.800000,104.600000,80.100000,64.300000,150.300000,126.100000,146.900000,91.800000,149.400000,53.400000,270.300000,268.400000,340.700000,388.200000,1185.700000
1954,110.600000,135.200000,120.700000,36.600000,98.000000,134.600000,135.000000,149.300000,157.100000,259.500000,277.500000,152.100000,299.100000,255.300000,418.900000,694.100000,1766.100000
1955,110.800000,75.300000,86.000000,85.400000,139.100000,150.800000,28.400000,39.200000,75.700000,91.200000,95.000000,175.500000,338.200000,310.500000,218.400000,261.900000,1152.500000
1956,160.300000,21.100000,63.000000,46.900000,39.800000,77.400000,136.600000,195.100000,142.500000,81.900000,60.900000,160.800000,356.900000,149.700000,409.200000,285.300000,1186.400000
1957,161.400000,133.700000,137.700000,13.300000,69.800000,53.700000,168.200000,159.700000,229.500000,149.600000,80.100000,119.000000,455.900000,220.800000,381.600000,459.200000,1475.700000
1958,133.100000,198.800000,38.800000,38.100000,119.600000,116.400000,139.200000,124.300000,230.700000,138.900000,87.700000,124.900000,450.900000,196.500000,380.000000,457.300000,1490.500000
1959,163.300000,22.700000,104.500000,129.700000,46.400000,71.500000,106.200000,33.300000,12.900000,176.500000,217.900000,270.900000,310.900000,280.700000,211.100000,407.300000,1355.900000
1960,198.100000,153.400000,65.600000,99.500000,50.500000,67.100000,143.900000,135.500000,156.600000,180.700000,290.700000,179.800000,622.300000,215.600000,346.500000,628.000000,1721.300000
1961,170.200000,111.900000,26.400000,152.900000,60.300000,51.100000,85.900000,132.100000,123.000000,211.200000,106.400000,133.200000,461.900000,239.600000,269.100000,440.600000,1364.500000
1962,186.000000,73.300000,64.800000,121.500000,98.300000,48.300000,66.100000,170.500000,165.800000,57.600000,96.700000,110.700000,392.500000,284.700000,284.900000,320.100000,1259.600000
1963,28.300000,47.000000,175.300000,127.200000,82.500000,119.000000,66.200000,116.600000,95.900000,87.000000,250.500000,38.700000,185.900000,385.100000,301.800000,433.500000,1234.300000
1964,38.400000,45.700000,90.800000,76.900000,83.600000,68.300000,100.400000,87.100000,58.400000,116.600000,114.600000,235.000000,122.900000,251.300000,255.900000,289.600000,1115.900000
1965,177.700000,15.300000,100.500000,89.100000,92.400000,125.200000,113.900000,89.200000,167.300000,70.600000,136.800000,319.000000,428.000000,282.000000,328.300000,374.700000,1497.100000
1966,84.400000,179.600000,76.400000,142.900000,106.800000,112.800000,94.100000,107.600000,82.800000,171.800000,131.900000,217.600000,583.100000,326.100000,314.400000,386.500000,1508.800000
1967,107.500000,162.900000,78.700000,49.300000,184.200000,41.800000,117.600000,101.900000,189.100000,313.500000,101.100000,145.900000,488.100000,312.200000,261.300000,603.800000,1593.500000
1968,163.400000,50.300000,120.800000,90.200000,103.700000,112.000000,112.400000,77.400000,172.400000,152.700000,97.000000,113.300000,359.600000,314.700000,301.800000,422.100000,1365.700000
1969,170.300000,97.500000,78.600000,84.100000,158.200000,84.200000,52.200000,107.300000,58.700000,42.900000,191.900000,146.200000,381.100000,320.800000,243.700000,293.500000,1272.000000
1970,172.000000,148.000000,107.500000,141.900000,30.400000,71.200000,101.700000,119.400000,104.000000,142.200000,261.100000,73.000000,466.200000,279.800000,292.300000,507.300000,1472.400000
1971,177.600000,71.600000,96.000000,61.000000,56.200000,127.400000,57.800000,156.200000,45.000000,127.700000,148.200000,67.400000,322.100000,213.300000,341.400000,320.800000,1192.100000
1972,150.700000,120.300000,118.600000,125.900000,122.300000,133.100000,80.800000,68.400000,47.900000,66.800000,178.200000,200.900000,338.400000,366.700000,282.200000,292.900000,1413.800000
1973,75.600000,89.100000,53.700000,91.000000,114.900000,33.500000,104.300000,128.800000,131.300000,79.800000,116.100000,129.200000,365.700000,259.600000,266.600000,327.200000,1147.400000
1974,267.200000,177.200000,64.600000,14.500000,71.500000,80.500000,132.400000,99.000000,240.100000,122.800000,177.300000,166.400000,573.600000,150.600000,312.000000,540.200000,1613.700000
1975,226.500000,50.000000,80.800000,104.800000,37.800000,23.000000,104.700000,72.400000,140.500000,67.000000,125.100000,89.600000,442.800000,223.500000,200.100000,332.600000,1122.200000
1976,108.800000,76.100000,81.700000,28.700000,93.100000,24.300000,41.900000,18.800000,207.800000,211.700000,121.600000,111.900000,274.400000,203.500000,85.000000,541.200000,1126.300000
1977,138.500000,224.400000,116.200000,88.300000,58.000000,105.700000,37.100000,106.000000,89.600000,147.800000,206.400000,144.300000,474.800000,262.500000,248.900000,443.900000,1462.500000
1978,157.800000,117.300000,131.300000,71.700000,34.500000,71.500000,123.200000,91.000000,83.300000,35.500000,143.300000,216.900000,419.500000,237.500000,285.800000,262.100000,1277.400000
1979,128.000000,71.200000,177.100000,87.100000,154.300000,34.200000,37.200000,140.000000,85.000000,126.100000,178.300000,276.100000,416.000000,418.600000,211.500000,389.400000,1494.800000
1980,117.400000,156.500000,154.000000,17.400000,41.700000,138.600000,76.700000,128.100000,105.600000,191.200000,168.500000,165.300000,550.000000,213.000000,343.400000,465.300000,1461.000000
1981,93.000000,91.200000,287.500000,53.500000,121.400000,70.400000,58.400000,40.600000,236.400000,234.000000,127.700000,124.400000,349.400000,462.400000,169.400000,598.100000,1538.500000
1982,145.500000,100.200000,170.200000,37.600000,46.900000,133.700000,45.100000,130.000000,151.400000,168.400000,226.300000,194.300000,370.000000,254.700000,308.800000,546.100000,1549.600000
1983,214.500000,55.100000,110.200000,116.300000,144.500000,60.100000,31.100000,79.400000,183.500000,162.300000,72.600000,179.900000,463.900000,371.100000,170.600000,418.400000,1409.600000
1984,227.400000,96.200000,51.100000,12.300000,53.500000,46.500000,32.600000,79.000000,178.000000,187.500000,221.200000,148.400000,503.500000,116.800000,158.000000,586.700000,1333.600000
1985,93.400000,53.400000,102.300000,118.800000,75.800000,145.300000,104.400000,213.300000,66.200000,100.600000,120.000000,214.900000,295.200000,296.800000,463.000000,286.900000,1408.400000
1986,196.400000,7.500000,134.500000,112.000000,123.900000,58.900000,91.100000,161.100000,18.200000,153.400000,239.600000,272.100000,418.800000,370.400000,311.200000,411.300000,1568.800000
1987,41.300000,108.900000,147.000000,89.100000,49.900000,129.300000,78.800000,69.900000,110.600000,259.500000,132.500000,145.600000,422.200000,286.100000,278.100000,502.600000,1362.500000
1988,250.500000,102.900000,178.100000,59.200000,103.400000,45.900000,180.700000,155.700000,121.000000,131.100000,72.400000,79.800000,499.100000,340.700000,382.200000,324.500000,1480.800000
1989,94.800000,163.900000,177.200000,103.000000,25.900000,72.500000,48.200000,94.800000,63.300000,187.200000,112.600000,205.400000,338.500000,306.000000,215.600000,363.100000,1348.800000
1990,255.300000,229.000000,40.000000,52.300000,36.700000,104.800000,57.700000,70.300000,89.900000,162.700000,118.300000,173.700000,689.700000,129.000000,232.800000,370.900000,1390.700000
1991,157.200000,101.200000,131.400000,134.700000,15.800000,118.200000,102.800000,59.900000,88.100000,161.000000,151.000000,75.800000,432.100000,281.900000,280.900000,400.000000,1297.000000
1992,77.200000,86.800000,139.600000,102.400000,73.900000,55.400000,97.600000,231.100000,120.200000,108.300000,225.200000,152.100000,239.900000,315.900000,384.100000,453.700000,1469.900000
1993,204.700000,25.400000,35.800000,116.600000,139.900000,99.400000,119.000000,79.800000,120.300000,77.600000,113.300000,296.600000,382.200000,292.200000,298.200000,311.200000,1428.300000
1994,195.400000,134.400000,198.900000,125.600000,67.100000,62.600000,68.100000,96.500000,135.900000,142.800000,136.100000,270.900000,626.500000,391.500000,227.300000,414.800000,1634.400000
1995,250.900000,192.100000,93.800000,38.500000,77.600000,29.000000,76.900000,14.300000,125.100000,115.400000,131.300000,104.000000,713.900000,209.900000,120.300000,371.800000,1249.000000
1996,101.700000,132.700000,72.400000,90.100000,112.500000,48.200000,49.900000,106.500000,61.800000,189.100000,176.500000,55.600000,338.300000,275.000000,204.600000,427.400000,1196.900000
1997,12.000000,224.800000,53.800000,38.100000,115.600000,147.200000,57.400000,139.800000,72.100000,97.000000,196.800000,159.900000,292.300000,207.500000,344.500000,365.900000,1314.500000
1998,207.700000,44.600000,186.400000,162.300000,32.700000,192.500000,90.900000,83.400000,138.600000,280.000000,139.700000,156.000000,412.200000,381.400000,366.800000,558.300000,1714.900000
1999,250.900000,104.100000,100.200000,122.500000,83.400000,84.800000,28.000000,138.000000,204.300000,137.400000,125.500000,261.600000,511.000000,306.100000,250.800000,467.200000,1640.700000
2000,111.100000,178.600000,66.600000,153.500000,97.700000,89.000000,87.600000,106.800000,167.300000,284.500000,287.200000,256.100000,551.400000,317.700000,283.400000,739.000000,1885.900000
2001,100.600000,131.300000,115.500000,141.400000,59.300000,47.500000,111.100000,132.300000,97.000000,207.300000,130.000000,75.700000,488.000000,316.200000,290.900000,434.300000,1349.000000
2002,180.700000,267.700000,66.100000,99.800000,149.200000,76.300000,73.900000,75.300000,36.300000,199.600000,231.200000,173.100000,524.100000,315.200000,225.500000,467.100000,1629.200000
2003,114.100000,63.300000,78.000000,78.900000,129.100000,71.200000,125.000000,24.800000,58.400000,91.000000,141.600000,161.400000,350.500000,286.100000,221.000000,291.100000,1137.000000
2004,192.700000,119.900000,90.100000,81.500000,66.500000,74.100000,78.800000,157.100000,145.100000,257.000000,90.500000,132.900000,474.000000,238.100000,310.000000,492.600000,1486.200000
2005,124.000000,78.300000,74.800000,114.700000,63.000000,74.600000,87.600000,69.700000,101.700000,216.700000,185.400000,113.300000,335.200000,252.600000,231.800000,503.800000,1303.800000
2006,65.500000,79.900000,173.800000,68.500000,164.900000,35.400000,51.700000,103.000000,83.200000,188.000000,198.000000,258.500000,258.700000,407.200000,190.200000,469.200000,1470.600000
2007,203.300000,145.300000,104.100000,24.900000,129.700000,168.100000,204.300000,75.500000,92.000000,61.300000,93.300000,184.100000,607.100000,258.700000,448.000000,246.500000,1485.900000
2008,246.200000,80.300000,147.300000,90.200000,60.900000,94.200000,150.500000,189.700000,154.600000,228.700000,127.900000,94.900000,510.500000,298.300000,434.400000,511.300000,1665.400000
2009,168.400000,32.800000,68.000000,76.900000,93.100000,74.700000,226.400000,101.800000,53.100000,128.900000,318.700000,154.000000,296.000000,238.000000,403.000000,500.700000,1496.800000
2010,100.300000,60.900000,99.600000,43.600000,53.400000,42.200000,158.600000,105.500000,152.500000,119.000000,140.700000,52.700000,315.100000,196.500000,306.300000,412.200000,1128.900000
2011,149.300000,130.600000,30.900000,30.800000,93.900000,110.000000,95.100000,83.400000,129.200000,126.800000,97.600000,211.100000,332.700000,155.500000,288.500000,353.600000,1288.600000
2012,129.900000,64.300000,31.400000,169.200000,77.000000,218.600000,132.700000,156.800000,130.800000,148.800000,178.000000,264.900000,405.200000,277.700000,508.100000,457.500000,1702.400000
2013,140.300000,76.200000,88.100000,54.000000,113.300000,62.400000,62.600000,108.600000,74.200000,224.900000,113.700000,224.800000,481.400000,255.400000,233.600000,412.700000,1343.100000
2014,257.900000,241.600000,80.500000,78.900000,129.600000,57.500000,57.100000,143.300000,16.400000,177.300000,151.300000,159.600000,724.300000,289.000000,258.000000,344.900000,1551.000000
2015,187.700000,87.800000,97.400000,35.100000,134.900000,59.600000,113.900000,128.900000,71.700000,71.500000,245.900000,334.100000,435.100000,267.400000,302.500000,389.100000,1568.600000
2016,243.800000,147.500000,104.400000,87.900000,85.200000,131.400000,86.300000,103.700000,135.300000,45.000000,118.100000,82.400000,725.400000,277.600000,321.400000,298.400000,1371.000000
2017,83.300000,119.100000,155.100000,25.500000,71.400000,130.800000,121.100000,111.300000,171.500000,109.300000,145.900000,171.300000,284.700000,251.900000,363.100000,426.700000,1415.400000
2018,170.100000,78.100000,140.900000,115.100000,60.400000,20.400000,62.600000,99.200000,134.600000,132.000000,164.400000,189.500000,419.500000,316.400000,182.200000,430.900000,1367.200000
2019,81.600000,87.600000,176.900000,98.100000,47.200000,146.700000,58.800000,144.000000,193.400000,208.000000,177.600000,184.600000,358.700000,322.200000,349.500000,579.100000,1604.600000
2020,146.100000,295.300000,103.000000,40.700000,14.500000,140.900000,121.300000,184.400000,80.800000,219.800000,137.000000,262.900000,626.100000,158.200000,446.600000,437.600000,1746.700000
2021,213.300000,159.600000,98.400000,17.100000,213.900000,32.700000,82.400000,77.600000,122.400000,215.200000,73.300000,191.800000,635.700000,329.300000,192.700000,410.900000,1497.500000
2022,70.700000,205.700000,52.700000,47.300000,63.600000,75.900000,53.200000,42.900000,121.900000,180.500000,210.100000,169.000000,468.200000,163.500000,172.000000,512.500000,1293.400000
2023,198.200000,26.900000,210.500000,83.800000,35.900000,49.500000,179.800000,121.700000,161.000000,216.400000,175.400000,266.300000,394.000000,330.200000,351.000000,552.800000,1725.300000
2024,167.000000,215.400000,161.600000,138.700000,96.700000,49.600000,92.700000,103.400000,161.100000,131.100000,138.400000,191.500000,648.600000,397.000000,245.700000,430.600000,1647.300000
2025,150.100000,92.400000,24.300000,72.100000,51.200000,114.700000,59.900000,69.900000,197.700000,145.900000,261.400000,206.800000,434.000000,147.600000,244.500000,605.000000,1446.300000
2026,175.600000,162.600000,95.100000,55.500000,69.900000,97.800000,,,,,,,545.000000,220.500000,,,
