end_year,primary_anomaly_c,primary_mean_temperature_c,bootstrap_median_mean_temperature_c,bootstrap_95_lower_mean_temperature_c,bootstrap_95_upper_mean_temperature_c,full_record_mean_temperature_c,theil_sen_mean_temperature_c,period_kind
1885,-3.317716,6.100640,6.108077,5.202176,7.014142,8.106864,6.182111,historical-fit
1886,-3.290133,6.128224,6.134831,5.237418,7.033841,8.116797,6.209766,historical-fit
1887,-3.262549,6.155807,6.161969,5.272661,7.053320,8.126731,6.237420,historical-fit
1888,-3.234966,6.183390,6.189497,5.307734,7.071834,8.136664,6.265075,historical-fit
1889,-3.207382,6.210974,6.217125,5.342081,7.090333,8.146598,6.292730,historical-fit
1890,-3.179799,6.238557,6.244552,5.376428,7.108825,8.156531,6.320384,historical-fit
1891,-3.152215,6.266141,6.271714,5.411159,7.127316,8.166465,6.348039,historical-fit
1892,-3.124632,6.293724,6.299007,5.446193,7.145808,8.176398,6.375693,historical-fit
1893,-3.097048,6.321308,6.326168,5.481226,7.164299,8.186332,6.403348,historical-fit
1894,-3.069465,6.348891,6.353330,5.516260,7.182791,8.196265,6.431003,historical-fit
1895,-3.041882,6.376475,6.380671,5.551294,7.201282,8.206199,6.458657,historical-fit
1896,-3.014298,6.404058,6.409027,5.586345,7.219774,8.216132,6.486312,historical-fit
1897,-2.986715,6.431641,6.437690,5.621192,7.238265,8.226065,6.513967,historical-fit
1898,-2.959131,6.459225,6.465920,5.655915,7.257959,8.235999,6.541621,historical-fit
1899,-2.931548,6.486808,6.494324,5.690639,7.278076,8.245932,6.569276,historical-fit
1900,-2.903964,6.514392,6.522379,5.725362,7.298194,8.255866,6.596931,historical-fit
1901,-2.876381,6.541975,6.550402,5.760349,7.317994,8.265799,6.624585,historical-fit
1902,-2.848797,6.569559,6.578422,5.795783,7.336830,8.275733,6.652240,historical-fit
1903,-2.821214,6.597142,6.606338,5.831236,7.357152,8.285666,6.679895,historical-fit
1904,-2.793631,6.624726,6.633898,5.866691,7.377537,8.295600,6.707549,historical-fit
1905,-2.766047,6.652309,6.661271,5.901881,7.397923,8.305533,6.735204,historical-fit
1906,-2.738464,6.679892,6.688655,5.936945,7.418308,8.315467,6.762858,historical-fit
1907,-2.710880,6.707476,6.716293,5.972343,7.438694,8.325400,6.790513,historical-fit
1908,-2.683297,6.735059,6.743966,6.007868,7.459079,8.335334,6.818168,historical-fit
1909,-2.655713,6.762643,6.771841,6.043400,7.479465,8.345267,6.845822,historical-fit
1910,-2.628130,6.790226,6.799682,6.078931,7.499686,8.355201,6.873477,historical-fit
1911,-2.600546,6.817810,6.827503,6.114462,7.518975,8.365134,6.901132,historical-fit
1912,-2.572963,6.845393,6.855466,6.149993,7.539991,8.375068,6.928786,historical-fit
1913,-2.545380,6.872977,6.882935,6.185524,7.559601,8.385001,6.956441,historical-fit
1914,-2.517796,6.900560,6.910397,6.221055,7.579507,8.394934,6.984096,historical-fit
1915,-2.490213,6.928143,6.937768,6.256587,7.599836,8.404868,7.011750,historical-fit
1916,-2.462629,6.955727,6.965446,6.292118,7.620165,8.414801,7.039405,historical-fit
1917,-2.435046,6.983310,6.993335,6.327589,7.640493,8.424735,7.067059,historical-fit
1918,-2.407462,7.010894,7.020947,6.363044,7.660822,8.434668,7.094714,historical-fit
1919,-2.379879,7.038477,7.049082,6.398499,7.680502,8.444602,7.122369,historical-fit
1920,-2.352295,7.066061,7.076981,6.433522,7.699172,8.454535,7.150023,historical-fit
1921,-2.324712,7.093644,7.104846,6.469004,7.717842,8.464469,7.177678,historical-fit
1922,-2.297129,7.121228,7.132326,6.504486,7.736508,8.474402,7.205333,historical-fit
1923,-2.269545,7.148811,7.159797,6.539969,7.755153,8.484336,7.232987,historical-fit
1924,-2.241962,7.176394,7.187567,6.575451,7.773798,8.494269,7.260642,historical-fit
1925,-2.214378,7.203978,7.215932,6.610934,7.792443,8.504203,7.288297,historical-fit
1926,-2.186795,7.231561,7.243934,6.646433,7.812657,8.514136,7.315951,historical-fit
1927,-2.159211,7.259145,7.270367,6.681486,7.833006,8.524070,7.343606,historical-fit
1928,-2.131628,7.286728,7.297803,6.716250,7.854357,8.534003,7.371261,historical-fit
1929,-2.104045,7.314312,7.326288,6.750846,7.875521,8.543937,7.398915,historical-fit
1930,-2.076461,7.341895,7.354317,6.785140,7.894740,8.553870,7.426570,historical-fit
1931,-2.048878,7.369479,7.381008,6.819435,7.914036,8.563803,7.454224,historical-fit
1932,-2.021294,7.397062,7.408401,6.853729,7.934281,8.573737,7.481879,historical-fit
1933,-1.993711,7.424645,7.436236,6.888028,7.954923,8.583670,7.509534,historical-fit
1934,-1.966127,7.452229,7.463408,6.922338,7.975032,8.593604,7.537188,historical-fit
1935,-1.938544,7.479812,7.490653,6.956648,7.995607,8.603537,7.564843,historical-fit
1936,-1.910960,7.507396,7.518074,6.990958,8.016141,8.613471,7.592498,historical-fit
1937,-1.883377,7.534979,7.545738,7.026184,8.036237,8.623404,7.620152,historical-fit
1938,-1.855794,7.562563,7.572916,7.061858,8.055917,8.633338,7.647807,historical-fit
1939,-1.828210,7.590146,7.599413,7.098022,8.076197,8.643271,7.675462,historical-fit
1940,-1.800627,7.617730,7.626667,7.133531,8.096472,8.653205,7.703116,historical-fit
1941,-1.773043,7.645313,7.654345,7.168288,8.116766,8.663138,7.730771,historical-fit
1942,-1.745460,7.672896,7.682005,7.203011,8.137024,8.673072,7.758425,historical-fit
1943,-1.717876,7.700480,7.709767,7.237727,8.157065,8.683005,7.786080,historical-fit
1944,-1.690293,7.728063,7.737494,7.272298,8.176459,8.692939,7.813735,historical-fit
1945,-1.662709,7.755647,7.765712,7.306889,8.195852,8.702872,7.841389,historical-fit
1946,-1.635126,7.783230,7.793169,7.341206,8.215590,8.712806,7.869044,historical-fit
1947,-1.607543,7.810814,7.819510,7.375509,8.235738,8.722739,7.896699,historical-fit
1948,-1.579959,7.838397,7.846977,7.410145,8.254851,8.732672,7.924353,historical-fit
1949,-1.552376,7.865981,7.875059,7.445225,8.273547,8.742606,7.952008,historical-fit
1950,-1.524792,7.893564,7.902915,7.479811,8.293479,8.752539,7.979663,historical-fit
1951,-1.497209,7.921147,7.929370,7.514398,8.312036,8.762473,8.007317,historical-fit
1952,-1.469625,7.948731,7.956311,7.549329,8.331397,8.772406,8.034972,historical-fit
1953,-1.442042,7.976314,7.983990,7.584369,8.350497,8.782340,8.062626,historical-fit
1954,-1.414458,8.003898,8.011236,7.619141,8.369511,8.792273,8.090281,historical-fit
1955,-1.386875,8.031481,8.039240,7.654798,8.388525,8.802207,8.117936,historical-fit
1956,-1.359292,8.059065,8.066348,7.689642,8.407539,8.812140,8.145590,historical-fit
1957,-1.331708,8.086648,8.094205,7.724516,8.427502,8.822074,8.173245,historical-fit
1958,-1.304125,8.114232,8.122433,7.759153,8.447475,8.832007,8.200900,historical-fit
1959,-1.276541,8.141815,8.150185,7.793809,8.465953,8.841941,8.228554,historical-fit
1960,-1.248958,8.169398,8.177218,7.826974,8.486373,8.851874,8.256209,historical-fit
1961,-1.221374,8.196982,8.204625,7.861259,8.505817,8.861808,8.283864,historical-fit
1962,-1.193791,8.224565,8.232680,7.894999,8.525991,8.871741,8.311518,historical-fit
1963,-1.166207,8.252149,8.259985,7.929287,8.546996,8.881675,8.339173,historical-fit
1964,-1.138624,8.279732,8.287599,7.963840,8.568668,8.891608,8.366828,historical-fit
1965,-1.111041,8.307316,8.315367,7.998114,8.589434,8.901541,8.394482,historical-fit
1966,-1.083457,8.334899,8.342091,8.033025,8.608186,8.911475,8.422137,historical-fit
1967,-1.055874,8.362483,8.369550,8.068161,8.628769,8.921408,8.449791,historical-fit
1968,-1.028290,8.390066,8.397974,8.102121,8.649051,8.931342,8.477446,historical-fit
1969,-1.000707,8.417649,8.424413,8.136799,8.671029,8.941275,8.505101,historical-fit
1970,-0.973123,8.445233,8.451781,8.171318,8.691093,8.951209,8.532755,historical-fit
1971,-0.945540,8.472816,8.479852,8.206545,8.711033,8.961142,8.560410,historical-fit
1972,-0.917956,8.500400,8.507760,8.240442,8.730400,8.971076,8.588065,historical-fit
1973,-0.890373,8.527983,8.534501,8.275006,8.752837,8.981009,8.615719,historical-fit
1974,-0.862790,8.555567,8.561587,8.309585,8.776116,8.990943,8.643374,historical-fit
1975,-0.835206,8.583150,8.589352,8.344142,8.795500,9.000876,8.671029,historical-fit
1976,-0.807623,8.610734,8.616247,8.378635,8.818486,9.010810,8.698683,historical-fit
1977,-0.780039,8.638317,8.643572,8.411078,8.839697,9.020743,8.726338,historical-fit
1978,-0.752456,8.665900,8.670706,8.444682,8.860878,9.030677,8.753992,historical-fit
1979,-0.724872,8.693484,8.698200,8.479749,8.882829,9.040610,8.781647,historical-fit
1980,-0.697289,8.721067,8.725905,8.514778,8.904044,9.050544,8.809302,historical-fit
1981,-0.669705,8.748651,8.752449,8.549036,8.924973,9.060477,8.836956,historical-fit
1982,-0.642122,8.776234,8.779187,8.582815,8.946996,9.070410,8.864611,historical-fit
1983,-0.614539,8.803818,8.807287,8.615870,8.970726,9.080344,8.892266,historical-fit
1984,-0.586955,8.831401,8.834713,8.650807,8.993898,9.090277,8.919920,historical-fit
1985,-0.559372,8.858984,8.862569,8.684099,9.017539,9.100211,8.947575,historical-fit
1986,-0.531788,8.886568,8.890261,8.716178,9.040799,9.110144,8.975230,historical-fit
1987,-0.504205,8.914151,8.917911,8.748836,9.063823,9.120078,9.002884,historical-fit
1988,-0.476621,8.941735,8.945411,8.780552,9.088070,9.130011,9.030539,historical-fit
1989,-0.449038,8.969318,8.972542,8.812767,9.111521,9.139945,9.058194,historical-fit
1990,-0.421454,8.996902,9.000103,8.844695,9.136533,9.149878,9.085848,historical-fit
1991,-0.393871,9.024485,9.028045,8.876572,9.162696,9.159812,9.113503,historical-fit
1992,-0.366288,9.052069,9.055215,8.907542,9.187049,9.169745,9.141157,historical-fit
1993,-0.338704,9.079652,9.082389,8.939634,9.211890,9.179679,9.168812,historical-fit
1994,-0.311121,9.107235,9.109500,8.970063,9.238969,9.189612,9.196467,historical-fit
1995,-0.283537,9.134819,9.136143,9.002621,9.266013,9.199546,9.224121,historical-fit
1996,-0.255954,9.162402,9.162794,9.031021,9.292077,9.209479,9.251776,historical-fit
1997,-0.228370,9.189986,9.190288,9.058176,9.317175,9.219413,9.279431,historical-fit
1998,-0.200787,9.217569,9.216898,9.085052,9.343040,9.229346,9.307085,historical-fit
1999,-0.173203,9.245153,9.243893,9.111446,9.371316,9.239279,9.334740,historical-fit
2000,-0.145620,9.272736,9.272732,9.136900,9.399675,9.249213,9.362395,historical-fit
2001,-0.118037,9.300320,9.300600,9.161424,9.427534,9.259146,9.390049,historical-fit
2002,-0.090453,9.327903,9.327328,9.186861,9.456539,9.269080,9.417704,historical-fit
2003,-0.062870,9.355486,9.355252,9.213461,9.484773,9.279013,9.445358,historical-fit
2004,-0.035286,9.383070,9.383048,9.237549,9.514800,9.288947,9.473013,historical-fit
2005,-0.007703,9.410653,9.410430,9.262712,9.546770,9.298880,9.500668,historical-fit
2006,0.019881,9.438237,9.437739,9.287302,9.576841,9.308814,9.528322,historical-fit
2007,0.047464,9.465820,9.465489,9.311356,9.605754,9.318747,9.555977,historical-fit
2008,0.075048,9.493404,9.493059,9.332221,9.636983,9.328681,9.583632,historical-fit
2009,0.102631,9.520987,9.521072,9.355557,9.667988,9.338614,9.611286,historical-fit
2010,0.130214,9.548571,9.548363,9.377655,9.699650,9.348548,9.638941,historical-fit
2011,0.157798,9.576154,9.576103,9.399740,9.731957,9.358481,9.666596,historical-fit
2012,0.185381,9.603737,9.603446,9.421540,9.763610,9.368415,9.694250,historical-fit
2013,0.212965,9.631321,9.630511,9.444128,9.796120,9.378348,9.721905,historical-fit
2014,0.240548,9.658904,9.659516,9.467079,9.827136,9.388282,9.749560,historical-fit
2015,0.268132,9.686488,9.687393,9.489657,9.858736,9.398215,9.777214,historical-fit
2016,0.295715,9.714071,9.715140,9.510990,9.890357,9.408148,9.804869,historical-fit
2017,0.323299,9.741655,9.743704,9.532331,9.922428,9.418082,9.832523,historical-fit
2018,0.350882,9.769238,9.771812,9.553478,9.953871,9.428015,9.860178,historical-fit
2019,0.378465,9.796822,9.799978,9.572232,9.987047,9.437949,9.887833,historical-fit
2020,0.406049,9.824405,9.827315,9.591671,10.020630,9.447882,9.915487,historical-fit
2021,0.433632,9.851988,9.855503,9.610213,10.052790,9.457816,9.943142,historical-fit
2022,0.461216,9.879572,9.883713,9.631336,10.087146,9.467749,9.970797,historical-fit
2023,0.488799,9.907155,9.909916,9.652630,10.122467,9.477683,9.998451,historical-fit
2024,0.516383,9.934739,9.938791,9.674248,10.153976,9.487616,10.026106,historical-fit
2025,0.543966,9.962322,9.966744,9.694698,10.188201,9.497550,10.053761,historical-fit
2026,0.571550,9.989906,9.994661,9.715825,10.223934,9.507483,10.081415,extrapolation
2027,0.599133,10.017489,10.022246,9.735445,10.257275,9.517417,10.109070,extrapolation
2028,0.626716,10.045073,10.049710,9.755593,10.293208,9.527350,10.136724,extrapolation
2029,0.654300,10.072656,10.077343,9.776970,10.326929,9.537284,10.164379,extrapolation
2030,0.681883,10.100239,10.104973,9.795153,10.360637,9.547217,10.192034,extrapolation
2031,0.709467,10.127823,10.132099,9.814811,10.394328,9.557151,10.219688,extrapolation
2032,0.737050,10.155406,10.160907,9.834443,10.428019,9.567084,10.247343,extrapolation
2033,0.764634,10.182990,10.189124,9.854162,10.463183,9.577017,10.274998,extrapolation
2034,0.792217,10.210573,10.216855,9.873789,10.498330,9.586951,10.302652,extrapolation
2035,0.819800,10.238157,10.243716,9.893495,10.531519,9.596884,10.330307,extrapolation
2036,0.847384,10.265740,10.272037,9.914958,10.566266,9.606818,10.357962,extrapolation
2037,0.874967,10.293324,10.299989,9.933531,10.600027,9.616751,10.385616,extrapolation
2038,0.902551,10.320907,10.327582,9.953021,10.635868,9.626685,10.413271,extrapolation
2039,0.930134,10.348490,10.355631,9.973857,10.671335,9.636618,10.440926,extrapolation
2040,0.957718,10.376074,10.382914,9.994502,10.705005,9.646552,10.468580,extrapolation
2041,0.985301,10.403657,10.410254,10.014997,10.739902,9.656485,10.496235,extrapolation
2042,1.012885,10.431241,10.438239,10.035525,10.775244,9.666419,10.523889,extrapolation
2043,1.040468,10.458824,10.465771,10.056053,10.810371,9.676352,10.551544,extrapolation
2044,1.068051,10.486408,10.492866,10.077749,10.845858,9.686286,10.579199,extrapolation
2045,1.095635,10.513991,10.521151,10.097031,10.880567,9.696219,10.606853,extrapolation
2046,1.123218,10.541575,10.548449,10.117471,10.915365,9.706153,10.634508,extrapolation
2047,1.150802,10.569158,10.575958,10.136642,10.949200,9.716086,10.662163,extrapolation
2048,1.178385,10.596741,10.602227,10.155836,10.983702,9.726020,10.689817,extrapolation
2049,1.205969,10.624325,10.630410,10.174932,11.019080,9.735953,10.717472,extrapolation
2050,1.233552,10.651908,10.657676,10.193932,11.054440,9.745886,10.745127,extrapolation
2051,1.261136,10.679492,10.684919,10.213357,11.089629,9.755820,10.772781,extrapolation
2052,1.288719,10.707075,10.712835,10.232516,11.123092,9.765753,10.800436,extrapolation
2053,1.316302,10.734659,10.740577,10.251687,11.157310,9.775687,10.828090,extrapolation
2054,1.343886,10.762242,10.767758,10.271240,11.191466,9.785620,10.855745,extrapolation
2055,1.371469,10.789826,10.795068,10.290859,11.226858,9.795554,10.883400,extrapolation
2056,1.399053,10.817409,10.822062,10.311606,11.262225,9.805487,10.911054,extrapolation
2057,1.426636,10.844992,10.849475,10.331655,11.296536,9.815421,10.938709,extrapolation
2058,1.454220,10.872576,10.877052,10.351703,11.330663,9.825354,10.966364,extrapolation
2059,1.481803,10.900159,10.905312,10.371751,11.364755,9.835288,10.994018,extrapolation
2060,1.509387,10.927743,10.933146,10.391799,11.400738,9.845221,11.021673,extrapolation
2061,1.536970,10.955326,10.960950,10.410395,11.434527,9.855155,11.049328,extrapolation
2062,1.564553,10.982910,10.988055,10.428736,11.469215,9.865088,11.076982,extrapolation
2063,1.592137,11.010493,11.015730,10.449331,11.504256,9.875022,11.104637,extrapolation
2064,1.619720,11.038077,11.043606,10.470582,11.540504,9.884955,11.132291,extrapolation
2065,1.647304,11.065660,11.070363,10.491835,11.576171,9.894889,11.159946,extrapolation
2066,1.674887,11.093243,11.098249,10.512156,11.611837,9.904822,11.187601,extrapolation
2067,1.702471,11.120827,11.126198,10.532232,11.647504,9.914755,11.215255,extrapolation
2068,1.730054,11.148410,11.152837,10.552309,11.683135,9.924689,11.242910,extrapolation
2069,1.757638,11.175994,11.181048,10.572385,11.718584,9.934622,11.270565,extrapolation
2070,1.785221,11.203577,11.208161,10.592461,11.752523,9.944556,11.298219,extrapolation
2071,1.812804,11.231161,11.235511,10.612537,11.787447,9.954489,11.325874,extrapolation
2072,1.840388,11.258744,11.262634,10.632613,11.822905,9.964423,11.353529,extrapolation
2073,1.867971,11.286328,11.290839,10.652689,11.858363,9.974356,11.381183,extrapolation
2074,1.895555,11.313911,11.318014,10.672765,11.893821,9.984290,11.408838,extrapolation
2075,1.923138,11.341494,11.345926,10.692841,11.929279,9.994223,11.436493,extrapolation
2076,1.950722,11.369078,11.373681,10.712917,11.964737,10.004157,11.464147,extrapolation
2077,1.978305,11.396661,11.400793,10.732993,12.000195,10.014090,11.491802,extrapolation
2078,2.005889,11.424245,11.428359,10.753069,12.035653,10.024024,11.519456,extrapolation
2079,2.033472,11.451828,11.456568,10.773145,12.071104,10.033957,11.547111,extrapolation
2080,2.061055,11.479412,11.484367,10.793221,12.106543,10.043891,11.574766,extrapolation
2081,2.088639,11.506995,11.512372,10.811155,12.141981,10.053824,11.602420,extrapolation
2082,2.116222,11.534579,11.540410,10.829022,12.177419,10.063758,11.630075,extrapolation
2083,2.143806,11.562162,11.568624,10.848160,12.212858,10.073691,11.657730,extrapolation
2084,2.171389,11.589745,11.596917,10.867735,12.248296,10.083624,11.685384,extrapolation
2085,2.198973,11.617329,11.624968,10.886006,12.283735,10.093558,11.713039,extrapolation
2086,2.226556,11.644912,11.652441,10.904277,12.319036,10.103491,11.740694,extrapolation
2087,2.254140,11.672496,11.679570,10.922548,12.354421,10.113425,11.768348,extrapolation
2088,2.281723,11.700079,11.707121,10.940823,12.389696,10.123358,11.796003,extrapolation
2089,2.309306,11.727663,11.735018,10.959141,12.423927,10.133292,11.823657,extrapolation
2090,2.336890,11.755246,11.762330,10.977458,12.458558,10.143225,11.851312,extrapolation
2091,2.364473,11.782829,11.790138,10.995776,12.493438,10.153159,11.878967,extrapolation
2092,2.392057,11.810413,11.818163,11.014692,12.528303,10.163092,11.906621,extrapolation
2093,2.419640,11.837996,11.846113,11.034328,12.563154,10.173026,11.934276,extrapolation
2094,2.447224,11.865580,11.873445,11.054019,12.598004,10.182959,11.961931,extrapolation
2095,2.474807,11.893163,11.901170,11.073925,12.633450,10.192893,11.989585,extrapolation
2096,2.502391,11.920747,11.928597,11.094934,12.668326,10.202826,12.017240,extrapolation
2097,2.529974,11.948330,11.955629,11.115943,12.702618,10.212760,12.044895,extrapolation
2098,2.557557,11.975914,11.983088,11.136952,12.737489,10.222693,12.072549,extrapolation
2099,2.585141,12.003497,12.010464,11.157961,12.773417,10.232627,12.100204,extrapolation
2100,2.612724,12.031080,12.038099,11.178970,12.807314,10.242560,12.127859,extrapolation
2101,2.640308,12.058664,12.065654,11.199979,12.842115,10.252493,12.155513,extrapolation
2102,2.667891,12.086247,12.093705,11.220988,12.877014,10.262427,12.183168,extrapolation
2103,2.695475,12.113831,12.121273,11.241997,12.911914,10.272360,12.210822,extrapolation
2104,2.723058,12.141414,12.148975,11.263006,12.946814,10.282294,12.238477,extrapolation
2105,2.750642,12.168998,12.177283,11.283625,12.981713,10.292227,12.266132,extrapolation
2106,2.778225,12.196581,12.204784,11.303132,13.017206,10.302161,12.293786,extrapolation
2107,2.805808,12.224165,12.232872,11.322639,13.053337,10.312094,12.321441,extrapolation
2108,2.833392,12.251748,12.260981,11.342147,13.089460,10.322028,12.349096,extrapolation
2109,2.860975,12.279331,12.289320,11.361654,13.125579,10.331961,12.376750,extrapolation
2110,2.888559,12.306915,12.317592,11.381161,13.161693,10.341895,12.404405,extrapolation
2111,2.916142,12.334498,12.346077,11.400669,13.197807,10.351828,12.432060,extrapolation
2112,2.943726,12.362082,12.374441,11.420176,13.233920,10.361762,12.459714,extrapolation
2113,2.971309,12.389665,12.401886,11.439684,13.270024,10.371695,12.487369,extrapolation
2114,2.998893,12.417249,12.428889,11.459191,13.306129,10.381629,12.515023,extrapolation
2115,3.026476,12.444832,12.456193,11.478698,13.342233,10.391562,12.542678,extrapolation
2116,3.054059,12.472416,12.483642,11.498206,13.378338,10.401495,12.570333,extrapolation
2117,3.081643,12.499999,12.511177,11.517713,13.414442,10.411429,12.597987,extrapolation
2118,3.109226,12.527582,12.538623,11.537220,13.450547,10.421362,12.625642,extrapolation
2119,3.136810,12.555166,12.565857,11.556728,13.486467,10.431296,12.653297,extrapolation
2120,3.164393,12.582749,12.593464,11.576235,13.521572,10.441229,12.680951,extrapolation
2121,3.191977,12.610333,12.620405,11.595742,13.556677,10.451163,12.708606,extrapolation
2122,3.219560,12.637916,12.647325,11.615250,13.591782,10.461096,12.736261,extrapolation
2123,3.247144,12.665500,12.674244,11.634762,13.626881,10.471030,12.763915,extrapolation
2124,3.274727,12.693083,12.701163,11.654283,13.661970,10.480963,12.791570,extrapolation
2125,3.302310,12.720667,12.728083,11.673805,13.697058,10.490897,12.819225,extrapolation
