period,start_date,end_date,end_year,mean_temperature_c,days,status,rank_warmest,temperature_anomaly_c
1884-08 to 1885-07,1884-08-01,1885-07-31,1885,8.231507,365,published-inputs,117,-1.186849
1885-08 to 1886-07,1885-08-01,1886-07-31,1886,7.290685,365,published-inputs,141,-2.127671
1886-08 to 1887-07,1886-08-01,1887-07-31,1887,8.166027,365,published-inputs,123,-1.252329
1887-08 to 1888-07,1887-08-01,1888-07-31,1888,7.003005,366,published-inputs,142,-2.415351
1888-08 to 1889-07,1888-08-01,1889-07-31,1889,8.213973,365,published-inputs,119,-1.204383
1889-08 to 1890-07,1889-08-01,1890-07-31,1890,8.277260,365,published-inputs,115,-1.141096
1890-08 to 1891-07,1890-08-01,1891-07-31,1891,7.660548,365,published-inputs,139,-1.757808
1891-08 to 1892-07,1891-08-01,1892-07-31,1892,7.791803,366,published-inputs,137,-1.626553
1892-08 to 1893-07,1892-08-01,1893-07-31,1893,8.777534,365,published-inputs,63,-0.640822
1893-08 to 1894-07,1893-08-01,1894-07-31,1894,8.732603,365,published-inputs,70,-0.685753
1894-08 to 1895-07,1894-08-01,1895-07-31,1895,7.680000,365,published-inputs,138,-1.738356
1895-08 to 1896-07,1895-08-01,1896-07-31,1896,9.137978,366,published-inputs,42,-0.280378
1896-08 to 1897-07,1896-08-01,1897-07-31,1897,7.934247,365,published-inputs,133,-1.484109
1897-08 to 1898-07,1897-08-01,1898-07-31,1898,8.695342,365,published-inputs,76,-0.723014
1898-08 to 1899-07,1898-08-01,1899-07-31,1899,9.418082,365,published-inputs,30,-0.000274
1899-08 to 1900-07,1899-08-01,1900-07-31,1900,8.564932,365,published-inputs,88,-0.853424
1900-08 to 1901-07,1900-08-01,1901-07-31,1901,8.636438,365,published-inputs,79,-0.781918
1901-08 to 1902-07,1901-08-01,1902-07-31,1902,8.003014,365,published-inputs,129,-1.415342
1902-08 to 1903-07,1902-08-01,1903-07-31,1903,8.380822,365,published-inputs,110,-1.037534
1903-08 to 1904-07,1903-08-01,1904-07-31,1904,8.214754,366,published-inputs,118,-1.203602
1904-08 to 1905-07,1904-08-01,1905-07-31,1905,8.558082,365,published-inputs,90,-0.860274
1905-08 to 1906-07,1905-08-01,1906-07-31,1906,7.890411,365,published-inputs,134,-1.527945
1906-08 to 1907-07,1906-08-01,1907-07-31,1907,8.331233,365,published-inputs,113,-1.087123
1907-08 to 1908-07,1907-08-01,1908-07-31,1908,8.390984,366,published-inputs,106,-1.027372
1908-08 to 1909-07,1908-08-01,1909-07-31,1909,8.382466,365,published-inputs,109,-1.035890
1909-08 to 1910-07,1909-08-01,1910-07-31,1910,8.400000,365,published-inputs,105,-1.018356
1910-08 to 1911-07,1910-08-01,1911-07-31,1911,8.761644,365,published-inputs,65,-0.656712
1911-08 to 1912-07,1911-08-01,1912-07-31,1912,9.252732,366,published-inputs,39,-0.165624
1912-08 to 1913-07,1912-08-01,1913-07-31,1913,8.375342,365,published-inputs,111,-1.043014
1913-08 to 1914-07,1913-08-01,1914-07-31,1914,9.344384,365,published-inputs,34,-0.073972
1914-08 to 1915-07,1914-08-01,1915-07-31,1915,8.661918,365,published-inputs,77,-0.756438
1915-08 to 1916-07,1915-08-01,1916-07-31,1916,8.200273,366,published-inputs,120,-1.218083
1916-08 to 1917-07,1916-08-01,1917-07-31,1917,7.886849,365,published-inputs,135,-1.531507
1917-08 to 1918-07,1917-08-01,1918-07-31,1918,8.607945,365,published-inputs,83,-0.810411
1918-08 to 1919-07,1918-08-01,1919-07-31,1919,8.189863,365,published-inputs,121,-1.228493
1919-08 to 1920-07,1919-08-01,1920-07-31,1920,8.521311,366,published-inputs,92,-0.897045
1920-08 to 1921-07,1920-08-01,1921-07-31,1921,9.282192,365,published-inputs,37,-0.136164
1921-08 to 1922-07,1921-08-01,1922-07-31,1922,8.649863,365,published-inputs,78,-0.768493
1922-08 to 1923-07,1922-08-01,1923-07-31,1923,8.486849,365,published-inputs,96,-0.931507
1923-08 to 1924-07,1923-08-01,1924-07-31,1924,7.990984,366,published-inputs,131,-1.427372
1924-08 to 1925-07,1924-08-01,1925-07-31,1925,9.003288,365,published-inputs,49,-0.415068
1925-08 to 1926-07,1925-08-01,1926-07-31,1926,8.595068,365,published-inputs,86,-0.823288
1926-08 to 1927-07,1926-08-01,1927-07-31,1927,8.623562,365,published-inputs,80,-0.794794
1927-08 to 1928-07,1927-08-01,1928-07-31,1928,8.568579,366,published-inputs,87,-0.849777
1928-08 to 1929-07,1928-08-01,1929-07-31,1929,8.073699,365,published-inputs,126,-1.344657
1929-08 to 1930-07,1929-08-01,1930-07-31,1930,8.697534,365,published-inputs,75,-0.720822
1930-08 to 1931-07,1930-08-01,1931-07-31,1931,8.426575,365,published-inputs,102,-0.991781
1931-08 to 1932-07,1931-08-01,1932-07-31,1932,8.387705,366,published-inputs,107,-1.030651
1932-08 to 1933-07,1932-08-01,1933-07-31,1933,9.068767,365,published-inputs,45,-0.349589
1933-08 to 1934-07,1933-08-01,1934-07-31,1934,8.740548,365,published-inputs,68,-0.677808
1934-08 to 1935-07,1934-08-01,1935-07-31,1935,9.225753,365,published-inputs,40,-0.192603
1935-08 to 1936-07,1935-08-01,1936-07-31,1936,8.354645,366,published-inputs,112,-1.063711
1936-08 to 1937-07,1936-08-01,1937-07-31,1937,8.927945,365,published-inputs,52,-0.490411
1937-08 to 1938-07,1937-08-01,1938-07-31,1938,8.772603,365,published-inputs,64,-0.645753
1938-08 to 1939-07,1938-08-01,1939-07-31,1939,9.076438,365,published-inputs,44,-0.341918
1939-08 to 1940-07,1939-08-01,1940-07-31,1940,8.521038,366,published-inputs,93,-0.897318
1940-08 to 1941-07,1940-08-01,1941-07-31,1941,8.059452,365,published-inputs,127,-1.358904
1941-08 to 1942-07,1941-08-01,1942-07-31,1942,8.596164,365,published-inputs,85,-0.822192
1942-08 to 1943-07,1942-08-01,1943-07-31,1943,9.417808,365,published-inputs,31,-0.000548
1943-08 to 1944-07,1943-08-01,1944-07-31,1944,8.827049,366,published-inputs,60,-0.591307
1944-08 to 1945-07,1944-08-01,1945-07-31,1945,8.886575,365,published-inputs,55,-0.531781
1945-08 to 1946-07,1945-08-01,1946-07-31,1946,8.966849,365,published-inputs,50,-0.451507
1946-08 to 1947-07,1946-08-01,1947-07-31,1947,8.008219,365,published-inputs,128,-1.410137
1947-08 to 1948-07,1947-08-01,1948-07-31,1948,9.464481,366,published-inputs,26,0.046125
1948-08 to 1949-07,1948-08-01,1949-07-31,1949,9.404384,365,published-inputs,32,-0.013972
1949-08 to 1950-07,1949-08-01,1950-07-31,1950,9.618904,365,published-inputs,18,0.200548
1950-08 to 1951-07,1950-08-01,1951-07-31,1951,7.834795,365,published-inputs,136,-1.583561
1951-08 to 1952-07,1951-08-01,1952-07-31,1952,9.059290,366,published-inputs,46,-0.359066
1952-08 to 1953-07,1952-08-01,1953-07-31,1953,8.175616,365,published-inputs,122,-1.242740
1953-08 to 1954-07,1953-08-01,1954-07-31,1954,8.745205,365,published-inputs,66,-0.673151
1954-08 to 1955-07,1954-08-01,1955-07-31,1955,8.463014,365,published-inputs,98,-0.955342
1955-08 to 1956-07,1955-08-01,1956-07-31,1956,8.615027,366,published-inputs,81,-0.803329
1956-08 to 1957-07,1956-08-01,1957-07-31,1957,9.293425,365,published-inputs,36,-0.124931
1957-08 to 1958-07,1957-08-01,1958-07-31,1958,8.457260,365,published-inputs,99,-0.961096
1958-08 to 1959-07,1958-08-01,1959-07-31,1959,9.267397,365,published-inputs,38,-0.150959
1959-08 to 1960-07,1959-08-01,1960-07-31,1960,9.545355,366,published-inputs,24,0.126999
1960-08 to 1961-07,1960-08-01,1961-07-31,1961,8.867945,365,published-inputs,57,-0.550411
1961-08 to 1962-07,1961-08-01,1962-07-31,1962,8.142466,365,published-inputs,125,-1.275890
1962-08 to 1963-07,1962-08-01,1963-07-31,1963,7.303288,365,published-inputs,140,-2.115068
1963-08 to 1964-07,1963-08-01,1964-07-31,1964,8.502732,366,published-inputs,95,-0.915624
1964-08 to 1965-07,1964-08-01,1965-07-31,1965,8.236712,365,published-inputs,116,-1.181644
1965-08 to 1966-07,1965-08-01,1966-07-31,1966,8.423014,365,published-inputs,103,-0.995342
1966-08 to 1967-07,1966-08-01,1967-07-31,1967,8.742192,365,published-inputs,67,-0.676164
1967-08 to 1968-07,1967-08-01,1968-07-31,1968,8.292077,366,published-inputs,114,-1.126279
1968-08 to 1969-07,1968-08-01,1969-07-31,1969,8.443288,365,published-inputs,101,-0.975068
1969-08 to 1970-07,1969-08-01,1970-07-31,1970,8.562740,365,published-inputs,89,-0.855616
1970-08 to 1971-07,1970-08-01,1971-07-31,1971,8.871233,365,published-inputs,56,-0.547123
1971-08 to 1972-07,1971-08-01,1972-07-31,1972,8.704645,366,published-inputs,74,-0.713711
1972-08 to 1973-07,1972-08-01,1973-07-31,1973,8.599178,365,published-inputs,84,-0.819178
1973-08 to 1974-07,1973-08-01,1974-07-31,1974,8.864110,365,published-inputs,58,-0.554246
1974-08 to 1975-07,1974-08-01,1975-07-31,1975,8.738356,365,published-inputs,69,-0.680000
1975-08 to 1976-07,1975-08-01,1976-07-31,1976,9.187978,366,published-inputs,41,-0.230378
1976-08 to 1977-07,1976-08-01,1977-07-31,1977,8.384110,365,published-inputs,108,-1.034246
1977-08 to 1978-07,1977-08-01,1978-07-31,1978,8.455616,365,published-inputs,100,-0.962740
1978-08 to 1979-07,1978-08-01,1979-07-31,1979,7.996712,365,published-inputs,130,-1.421644
1979-08 to 1980-07,1979-08-01,1980-07-31,1980,8.555191,366,published-inputs,91,-0.863165
1980-08 to 1981-07,1980-08-01,1981-07-31,1981,8.731507,365,published-inputs,71,-0.686849
1981-08 to 1982-07,1981-08-01,1982-07-31,1982,8.612877,365,published-inputs,82,-0.805479
1982-08 to 1983-07,1982-08-01,1983-07-31,1983,8.918904,365,published-inputs,53,-0.499452
1983-08 to 1984-07,1983-08-01,1984-07-31,1984,8.909836,366,published-inputs,54,-0.508520
1984-08 to 1985-07,1984-08-01,1985-07-31,1985,8.472055,365,published-inputs,97,-0.946301
1985-08 to 1986-07,1985-08-01,1986-07-31,1986,7.982466,365,published-inputs,132,-1.435890
1986-08 to 1987-07,1986-08-01,1987-07-31,1987,8.143014,365,published-inputs,124,-1.275342
1987-08 to 1988-07,1987-08-01,1988-07-31,1988,8.930328,366,published-inputs,51,-0.488028
1988-08 to 1989-07,1988-08-01,1989-07-31,1989,9.429041,365,published-inputs,29,0.010685
1989-08 to 1990-07,1989-08-01,1990-07-31,1990,9.741370,365,published-inputs,14,0.323014
1990-08 to 1991-07,1990-08-01,1991-07-31,1991,8.715068,365,published-inputs,73,-0.703288
1991-08 to 1992-07,1991-08-01,1992-07-31,1992,9.445628,366,published-inputs,28,0.027272
1992-08 to 1993-07,1992-08-01,1993-07-31,1993,8.826027,365,published-inputs,61,-0.592329
1993-08 to 1994-07,1993-08-01,1994-07-31,1994,8.407123,365,published-inputs,104,-1.011233
1994-08 to 1995-07,1994-08-01,1995-07-31,1995,9.627671,365,published-inputs,17,0.209315
1995-08 to 1996-07,1995-08-01,1996-07-31,1996,8.823770,366,published-inputs,62,-0.594586
1996-08 to 1997-07,1996-08-01,1997-07-31,1997,9.101370,365,published-inputs,43,-0.316986
1997-08 to 1998-07,1997-08-01,1998-07-31,1998,9.904384,365,published-inputs,9,0.486028
1998-08 to 1999-07,1998-08-01,1999-07-31,1999,9.606849,365,published-inputs,19,0.188493
1999-08 to 2000-07,1999-08-01,2000-07-31,2000,9.469126,366,published-inputs,25,0.050770
2000-08 to 2001-07,2000-08-01,2001-07-31,2001,9.006027,365,published-inputs,48,-0.412329
2001-08 to 2002-07,2001-08-01,2002-07-31,2002,9.604658,365,published-inputs,20,0.186302
2002-08 to 2003-07,2002-08-01,2003-07-31,2003,9.690685,365,published-inputs,16,0.272329
2003-08 to 2004-07,2003-08-01,2004-07-31,2004,9.453552,366,published-inputs,27,0.035196
2004-08 to 2005-07,2004-08-01,2005-07-31,2005,9.794795,365,published-inputs,11,0.376439
2005-08 to 2006-07,2005-08-01,2006-07-31,2006,9.597534,365,published-inputs,21,0.179178
2006-08 to 2007-07,2006-08-01,2007-07-31,2007,10.315068,365,published-inputs,2,0.896712
2007-08 to 2008-07,2007-08-01,2008-07-31,2008,9.593716,366,published-inputs,22,0.175360
2008-08 to 2009-07,2008-08-01,2009-07-31,2009,9.017260,365,published-inputs,47,-0.401096
2009-08 to 2010-07,2009-08-01,2010-07-31,2010,8.864110,365,published-inputs,58,-0.554246
2010-08 to 2011-07,2010-08-01,2011-07-31,2011,8.730411,365,published-inputs,72,-0.687945
2011-08 to 2012-07,2011-08-01,2012-07-31,2012,9.704645,366,published-inputs,15,0.286289
2012-08 to 2013-07,2012-08-01,2013-07-31,2013,8.519726,365,published-inputs,94,-0.898630
2013-08 to 2014-07,2013-08-01,2014-07-31,2014,10.107397,365,published-inputs,7,0.689041
2014-08 to 2015-07,2014-08-01,2015-07-31,2015,9.314247,365,published-inputs,35,-0.104109
2015-08 to 2016-07,2015-08-01,2016-07-31,2016,9.830055,366,published-inputs,10,0.411699
2016-08 to 2017-07,2016-08-01,2017-07-31,2017,10.020000,365,published-inputs,8,0.601644
2017-08 to 2018-07,2017-08-01,2018-07-31,2018,9.592603,365,published-inputs,23,0.174247
2018-08 to 2019-07,2018-08-01,2019-07-31,2019,9.794795,365,published-inputs,11,0.376439
2019-08 to 2020-07,2019-08-01,2020-07-31,2020,9.785792,366,published-inputs,13,0.367436
2020-08 to 2021-07,2020-08-01,2021-07-31,2021,9.361644,365,published-inputs,33,-0.056712
2021-08 to 2022-07,2021-08-01,2022-07-31,2022,10.273699,365,published-inputs,4,0.855343
2022-08 to 2023-07,2022-08-01,2023-07-31,2023,10.221096,365,published-inputs,5,0.802740
2023-08 to 2024-07,2023-08-01,2024-07-31,2024,10.293443,366,published-inputs,3,0.875087
2024-08 to 2025-07,2024-08-01,2025-07-31,2025,10.206301,365,published-inputs,6,0.787945
2025-08 to 2026-07,2025-08-01,2026-07-31,2026,10.626849,365,provisional-scenario,1,1.208493
