latitude,longitude,acq_datetime_utc,acq_date,acq_time,satellite,instrument,confidence,confidence_label,version,frp,daynight,source,in_wales_watch_bbox,bright_ti4,bright_ti5,scan,track,community_name
51.49733,-3.40627,2026-08-15T01:56:00+00:00,2026-08-15,156,N,VIIRS,n,nominal,2.0NRT,0.5,N,VIIRS_SNPP_NRT,True,296.36,285.28,0.46,0.47,Welsh St. Donats
51.63351,-3.15618,2026-08-15T01:56:00+00:00,2026-08-15,156,N,VIIRS,n,nominal,2.0NRT,0.77,N,VIIRS_SNPP_NRT,True,301.37,285.62,0.45,0.47,Ynysddu
51.67334,-3.52066,2026-08-15T01:56:00+00:00,2026-08-15,156,N,VIIRS,n,nominal,2.0NRT,0.57,N,VIIRS_SNPP_NRT,True,300.83,285.22,0.46,0.47,Treherbert
51.6848,-5.02966,2026-08-15T01:56:00+00:00,2026-08-15,156,N,VIIRS,n,nominal,2.0NRT,1.49,N,VIIRS_SNPP_NRT,True,303.78,290.69,0.54,0.5,Angle
51.75323,-3.0515,2026-08-15T01:56:00+00:00,2026-08-15,156,N,VIIRS,n,nominal,2.0NRT,0.71,N,VIIRS_SNPP_NRT,True,296.37,285.75,0.44,0.46,"Abersychan and Cwmavon,Garndiffaith and Varteg"
51.75751,-3.05038,2026-08-15T01:56:00+00:00,2026-08-15,156,N,VIIRS,n,nominal,2.0NRT,1.56,N,VIIRS_SNPP_NRT,True,298.19,284.8,0.44,0.46,"Abersychan and Cwmavon,Garndiffaith and Varteg"
51.7618,-3.04945,2026-08-15T01:56:00+00:00,2026-08-15,156,N,VIIRS,n,nominal,2.0NRT,1.56,N,VIIRS_SNPP_NRT,True,323.14,290.11,0.44,0.46,"Goetre Wharf,Goytre,Nant-Y-Derry"
51.7623,-3.05606,2026-08-15T01:56:00+00:00,2026-08-15,156,N,VIIRS,n,nominal,2.0NRT,2.81,N,VIIRS_SNPP_NRT,True,304.94,286.06,0.44,0.46,"Abersychan and Cwmavon,Garndiffaith and Varteg"
51.76942,-3.2678,2026-08-15T01:56:00+00:00,2026-08-15,156,N,VIIRS,n,nominal,2.0NRT,1.35,N,VIIRS_SNPP_NRT,True,303.05,285.01,0.45,0.47,"Central and West,Georgetown,Sirhowy"
51.77385,-3.32805,2026-08-15T01:56:00+00:00,2026-08-15,156,N,VIIRS,n,nominal,2.0NRT,1.44,N,VIIRS_SNPP_NRT,True,306.43,286.5,0.46,0.47,"Pontlottyn,St David's,Moriah,Abertysswg,Twyn Carno"
51.77434,-3.33461,2026-08-15T01:56:00+00:00,2026-08-15,156,N,VIIRS,n,nominal,2.0NRT,2.88,N,VIIRS_SNPP_NRT,True,327.73,288.98,0.46,0.47,Pant
51.77483,-3.3414,2026-08-15T01:56:00+00:00,2026-08-15,156,N,VIIRS,n,nominal,2.0NRT,2.88,N,VIIRS_SNPP_NRT,True,303.84,285.93,0.46,0.47,Pant
51.77818,-3.32687,2026-08-15T01:56:00+00:00,2026-08-15,156,N,VIIRS,n,nominal,2.0NRT,2.24,N,VIIRS_SNPP_NRT,True,325.66,289.22,0.46,0.47,"Pontlottyn,St David's,Moriah,Abertysswg,Twyn Carno"
51.77866,-3.33342,2026-08-15T01:56:00+00:00,2026-08-15,156,N,VIIRS,n,nominal,2.0NRT,3.22,N,VIIRS_SNPP_NRT,True,332.98,289.38,0.46,0.47,Pant
51.78203,-3.31931,2026-08-15T01:56:00+00:00,2026-08-15,156,N,VIIRS,n,nominal,2.0NRT,2.24,N,VIIRS_SNPP_NRT,True,296.63,284.78,0.46,0.47,"Pontlottyn,St David's,Moriah,Abertysswg,Twyn Carno"
51.7825,-3.32567,2026-08-15T01:56:00+00:00,2026-08-15,156,N,VIIRS,n,nominal,2.0NRT,2.24,N,VIIRS_SNPP_NRT,True,312.36,286.63,0.46,0.47,"Pontlottyn,St David's,Moriah,Abertysswg,Twyn Carno"
51.78298,-3.33217,2026-08-15T01:56:00+00:00,2026-08-15,156,N,VIIRS,n,nominal,2.0NRT,3.22,N,VIIRS_SNPP_NRT,True,302.77,285.4,0.46,0.47,"Pontlottyn,St David's,Moriah,Abertysswg,Twyn Carno"
51.81257,-3.19872,2026-08-15T01:56:00+00:00,2026-08-15,156,N,VIIRS,n,nominal,2.0NRT,2.34,N,VIIRS_SNPP_NRT,True,305.95,287.13,0.45,0.47,Garnlydan
51.81304,-3.19188,2026-08-15T01:56:00+00:00,2026-08-15,156,N,VIIRS,n,nominal,2.0NRT,1.44,N,VIIRS_SNPP_NRT,True,297.05,285.61,0.45,0.47,"Brynmawr South,Brynmawr North"
51.81351,-3.1985,2026-08-15T01:56:00+00:00,2026-08-15,156,N,VIIRS,n,nominal,2.0NRT,2.4,N,VIIRS_SNPP_NRT,True,310.28,287.35,0.45,0.47,Llangattock
51.81687,-3.19763,2026-08-15T01:56:00+00:00,2026-08-15,156,N,VIIRS,n,nominal,2.0NRT,2.34,N,VIIRS_SNPP_NRT,True,322.05,288.92,0.45,0.47,Llangattock
51.81738,-3.20417,2026-08-15T01:56:00+00:00,2026-08-15,156,N,VIIRS,n,nominal,2.0NRT,2.22,N,VIIRS_SNPP_NRT,True,299.44,285.44,0.45,0.47,Llangattock
51.81783,-3.19739,2026-08-15T01:56:00+00:00,2026-08-15,156,N,VIIRS,n,nominal,2.0NRT,2.4,N,VIIRS_SNPP_NRT,True,324.22,289.35,0.45,0.47,Llangattock
51.81829,-3.20393,2026-08-15T01:56:00+00:00,2026-08-15,156,N,VIIRS,n,nominal,2.0NRT,2.4,N,VIIRS_SNPP_NRT,True,305.38,286.18,0.45,0.47,Llangattock
51.81876,-3.21049,2026-08-15T01:56:00+00:00,2026-08-15,156,N,VIIRS,n,nominal,2.0NRT,1.65,N,VIIRS_SNPP_NRT,True,303.78,285.28,0.45,0.47,Llangattock
51.82015,-3.18317,2026-08-15T01:56:00+00:00,2026-08-15,156,N,VIIRS,n,nominal,2.0NRT,0.73,N,VIIRS_SNPP_NRT,True,299.15,285.06,0.45,0.47,Llangattock
51.82116,-3.18287,2026-08-15T01:56:00+00:00,2026-08-15,156,N,VIIRS,n,nominal,2.0NRT,1.34,N,VIIRS_SNPP_NRT,True,297.69,285.01,0.45,0.47,Llangattock
51.82118,-3.19655,2026-08-15T01:56:00+00:00,2026-08-15,156,N,VIIRS,n,nominal,2.0NRT,1.3,N,VIIRS_SNPP_NRT,True,310.1,286.92,0.45,0.47,Llangattock
51.82168,-3.20304,2026-08-15T01:56:00+00:00,2026-08-15,156,N,VIIRS,n,nominal,2.0NRT,4.85,N,VIIRS_SNPP_NRT,True,322.22,289.01,0.45,0.47,Llangattock
51.82213,-3.1963,2026-08-15T01:56:00+00:00,2026-08-15,156,N,VIIRS,n,nominal,2.0NRT,1.92,N,VIIRS_SNPP_NRT,True,303.56,285.86,0.45,0.47,Llangattock
51.82218,-3.20957,2026-08-15T01:56:00+00:00,2026-08-15,156,N,VIIRS,n,nominal,2.0NRT,4.85,N,VIIRS_SNPP_NRT,True,349.23,293.56,0.45,0.47,Llangattock
51.8226,-3.20279,2026-08-15T01:56:00+00:00,2026-08-15,156,N,VIIRS,n,nominal,2.0NRT,1.92,N,VIIRS_SNPP_NRT,True,321.92,289.07,0.45,0.47,Llangattock
51.82269,-3.21623,2026-08-15T01:56:00+00:00,2026-08-15,156,N,VIIRS,n,nominal,2.0NRT,4.3,N,VIIRS_SNPP_NRT,True,298.0,284.23,0.45,0.47,Llangynidr
51.82307,-3.20935,2026-08-15T01:56:00+00:00,2026-08-15,156,N,VIIRS,n,nominal,2.0NRT,5.75,N,VIIRS_SNPP_NRT,True,349.57,295.36,0.45,0.47,Llangattock
51.82355,-3.21602,2026-08-15T01:56:00+00:00,2026-08-15,156,N,VIIRS,n,nominal,2.0NRT,5.75,N,VIIRS_SNPP_NRT,True,299.51,284.61,0.45,0.47,Llangynidr
51.82497,-3.18879,2026-08-15T01:56:00+00:00,2026-08-15,156,N,VIIRS,n,nominal,2.0NRT,1.3,N,VIIRS_SNPP_NRT,True,302.55,285.23,0.45,0.47,Llangattock
51.82549,-3.19542,2026-08-15T01:56:00+00:00,2026-08-15,156,N,VIIRS,n,nominal,2.0NRT,1.3,N,VIIRS_SNPP_NRT,True,300.04,284.94,0.45,0.47,Llangattock
51.82595,-3.1885,2026-08-15T01:56:00+00:00,2026-08-15,156,N,VIIRS,n,nominal,2.0NRT,1.34,N,VIIRS_SNPP_NRT,True,308.63,286.06,0.45,0.47,Llangattock
51.82598,-3.20192,2026-08-15T01:56:00+00:00,2026-08-15,156,N,VIIRS,n,nominal,2.0NRT,4.85,N,VIIRS_SNPP_NRT,True,317.78,288.33,0.45,0.47,Llangattock
51.82644,-3.19514,2026-08-15T01:56:00+00:00,2026-08-15,156,N,VIIRS,n,nominal,2.0NRT,1.92,N,VIIRS_SNPP_NRT,True,299.26,285.01,0.45,0.47,Llangattock
51.82649,-3.2085,2026-08-15T01:56:00+00:00,2026-08-15,156,N,VIIRS,n,nominal,2.0NRT,4.85,N,VIIRS_SNPP_NRT,True,338.34,293.49,0.45,0.47,Llangattock
51.82691,-3.20168,2026-08-15T01:56:00+00:00,2026-08-15,156,N,VIIRS,n,nominal,2.0NRT,1.92,N,VIIRS_SNPP_NRT,True,317.42,288.12,0.45,0.47,Llangattock
51.82738,-3.20826,2026-08-15T01:56:00+00:00,2026-08-15,156,N,VIIRS,n,nominal,2.0NRT,5.75,N,VIIRS_SNPP_NRT,True,334.01,291.95,0.45,0.47,Llangattock
51.83028,-3.18759,2026-08-15T01:56:00+00:00,2026-08-15,156,N,VIIRS,n,nominal,2.0NRT,1.6,N,VIIRS_SNPP_NRT,True,306.54,286.15,0.45,0.47,Llangattock
51.83123,-3.20069,2026-08-15T01:56:00+00:00,2026-08-15,156,N,VIIRS,n,nominal,2.0NRT,2.93,N,VIIRS_SNPP_NRT,True,315.13,288.03,0.45,0.47,Llangattock
51.83171,-3.20732,2026-08-15T01:56:00+00:00,2026-08-15,156,N,VIIRS,n,nominal,2.0NRT,2.45,N,VIIRS_SNPP_NRT,True,316.13,288.62,0.45,0.47,Llangattock
51.8322,-3.21405,2026-08-15T01:56:00+00:00,2026-08-15,156,N,VIIRS,n,nominal,2.0NRT,2.45,N,VIIRS_SNPP_NRT,True,307.55,285.86,0.45,0.47,Llangynidr
51.83556,-3.1999,2026-08-15T01:56:00+00:00,2026-08-15,156,N,VIIRS,n,nominal,2.0NRT,2.93,N,VIIRS_SNPP_NRT,True,325.46,288.85,0.45,0.47,Llangattock
51.83604,-3.20651,2026-08-15T01:56:00+00:00,2026-08-15,156,N,VIIRS,n,nominal,2.0NRT,2.45,N,VIIRS_SNPP_NRT,True,316.04,288.59,0.45,0.47,Llangattock
51.83653,-3.21325,2026-08-15T01:56:00+00:00,2026-08-15,156,N,VIIRS,n,nominal,2.0NRT,2.45,N,VIIRS_SNPP_NRT,True,314.31,287.7,0.45,0.47,Llangattock
51.83945,-3.19305,2026-08-15T01:56:00+00:00,2026-08-15,156,N,VIIRS,n,nominal,2.0NRT,1.21,N,VIIRS_SNPP_NRT,True,304.78,286.03,0.45,0.47,Llangattock
51.83993,-3.19962,2026-08-15T01:56:00+00:00,2026-08-15,156,N,VIIRS,n,nominal,2.0NRT,1.21,N,VIIRS_SNPP_NRT,True,300.84,286.33,0.45,0.47,Llangattock
51.8409,-3.21296,2026-08-15T01:56:00+00:00,2026-08-15,156,N,VIIRS,n,nominal,2.0NRT,2.17,N,VIIRS_SNPP_NRT,True,308.96,286.79,0.45,0.47,Llangattock
51.84137,-3.21948,2026-08-15T01:56:00+00:00,2026-08-15,156,N,VIIRS,n,nominal,2.0NRT,1.09,N,VIIRS_SNPP_NRT,True,295.62,284.44,0.45,0.47,Llangattock
51.68264,-5.02907,2026-08-15T03:36:00+00:00,2026-08-15,336,N,VIIRS,n,nominal,2.0NRT,1.37,N,VIIRS_SNPP_NRT,True,300.72,288.18,0.63,0.54,Angle
51.68338,-5.03176,2026-08-15T03:36:00+00:00,2026-08-15,336,N,VIIRS,n,nominal,2.0NRT,1.19,N,VIIRS_SNPP_NRT,True,298.8,287.88,0.63,0.54,Angle
51.73535,-3.17589,2026-08-15T03:36:00+00:00,2026-08-15,336,N,VIIRS,n,nominal,2.0NRT,0.75,N,VIIRS_SNPP_NRT,True,296.18,283.86,0.37,0.58,Cwm
51.74062,-3.17325,2026-08-15T03:36:00+00:00,2026-08-15,336,N,VIIRS,n,nominal,2.0NRT,0.75,N,VIIRS_SNPP_NRT,True,302.43,283.93,0.37,0.58,Cwm
51.75783,-3.0533,2026-08-15T03:36:00+00:00,2026-08-15,336,N,VIIRS,n,nominal,2.0NRT,1.5,N,VIIRS_SNPP_NRT,True,311.88,285.93,0.37,0.58,"Abersychan and Cwmavon,Garndiffaith and Varteg"
51.76278,-3.04958,2026-08-15T03:36:00+00:00,2026-08-15,336,N,VIIRS,n,nominal,2.0NRT,1.5,N,VIIRS_SNPP_NRT,True,310.68,287.12,0.37,0.58,"Goetre Wharf,Goytre,Nant-Y-Derry"
51.81425,-3.19478,2026-08-15T03:36:00+00:00,2026-08-15,336,N,VIIRS,n,nominal,2.0NRT,1.47,N,VIIRS_SNPP_NRT,True,305.37,285.56,0.37,0.58,Llangattock
51.81582,-3.19984,2026-08-15T03:36:00+00:00,2026-08-15,336,N,VIIRS,n,nominal,2.0NRT,1.01,N,VIIRS_SNPP_NRT,True,307.04,284.86,0.37,0.58,Llangattock
51.81741,-3.20495,2026-08-15T03:36:00+00:00,2026-08-15,336,N,VIIRS,n,nominal,2.0NRT,1.01,N,VIIRS_SNPP_NRT,True,295.71,283.78,0.37,0.58,Llangattock
51.81901,-3.21007,2026-08-15T03:36:00+00:00,2026-08-15,336,N,VIIRS,n,nominal,2.0NRT,2.25,N,VIIRS_SNPP_NRT,True,308.18,283.7,0.37,0.58,Llangattock
51.82077,-3.19625,2026-08-15T03:36:00+00:00,2026-08-15,336,N,VIIRS,n,nominal,2.0NRT,1.01,N,VIIRS_SNPP_NRT,True,299.34,284.71,0.37,0.58,Llangattock
51.82237,-3.20141,2026-08-15T03:36:00+00:00,2026-08-15,336,N,VIIRS,n,nominal,2.0NRT,1.01,N,VIIRS_SNPP_NRT,True,302.3,285.07,0.37,0.58,Llangattock
51.82396,-3.20655,2026-08-15T03:36:00+00:00,2026-08-15,336,N,VIIRS,n,nominal,2.0NRT,2.25,N,VIIRS_SNPP_NRT,True,327.18,289.85,0.37,0.58,Llangattock
51.8242,-3.18781,2026-08-15T03:36:00+00:00,2026-08-15,336,N,VIIRS,n,nominal,2.0NRT,0.61,N,VIIRS_SNPP_NRT,True,295.89,283.85,0.37,0.58,Llangattock
51.82552,-3.21155,2026-08-15T03:36:00+00:00,2026-08-15,336,N,VIIRS,n,nominal,2.0NRT,2.25,N,VIIRS_SNPP_NRT,True,315.86,286.01,0.37,0.58,Llangattock
51.82891,-3.20298,2026-08-15T03:36:00+00:00,2026-08-15,336,N,VIIRS,n,nominal,2.0NRT,1.32,N,VIIRS_SNPP_NRT,True,312.4,287.1,0.37,0.58,Llangattock
51.82912,-3.18414,2026-08-15T03:36:00+00:00,2026-08-15,336,N,VIIRS,n,nominal,2.0NRT,0.61,N,VIIRS_SNPP_NRT,True,302.42,284.96,0.37,0.58,Llangattock
51.83044,-3.20789,2026-08-15T03:36:00+00:00,2026-08-15,336,N,VIIRS,n,nominal,2.0NRT,1.32,N,VIIRS_SNPP_NRT,True,304.03,285.03,0.37,0.58,Llangattock
51.83192,-3.21267,2026-08-15T03:36:00+00:00,2026-08-15,336,N,VIIRS,n,nominal,2.0NRT,1.2,N,VIIRS_SNPP_NRT,True,302.52,284.39,0.37,0.58,Llangattock
51.83372,-3.19896,2026-08-15T03:36:00+00:00,2026-08-15,336,N,VIIRS,n,nominal,2.0NRT,1.32,N,VIIRS_SNPP_NRT,True,310.15,285.67,0.37,0.58,Llangattock
51.83524,-3.20386,2026-08-15T03:36:00+00:00,2026-08-15,336,N,VIIRS,n,nominal,2.0NRT,1.32,N,VIIRS_SNPP_NRT,True,311.68,286.4,0.37,0.58,Llangattock
51.8366,-3.19554,2026-08-15T03:36:00+00:00,2026-08-15,336,N,VIIRS,n,nominal,2.0NRT,1.22,N,VIIRS_SNPP_NRT,True,305.53,284.38,0.37,0.58,Llangattock
51.83673,-3.20867,2026-08-15T03:36:00+00:00,2026-08-15,336,N,VIIRS,n,nominal,2.0NRT,1.2,N,VIIRS_SNPP_NRT,True,296.2,284.56,0.37,0.58,Llangattock
51.83813,-3.2004,2026-08-15T03:36:00+00:00,2026-08-15,336,N,VIIRS,n,nominal,2.0NRT,1.68,N,VIIRS_SNPP_NRT,True,300.95,284.76,0.37,0.58,Llangattock
51.83816,-3.21326,2026-08-15T03:36:00+00:00,2026-08-15,336,N,VIIRS,n,nominal,2.0NRT,1.2,N,VIIRS_SNPP_NRT,True,311.49,285.79,0.37,0.58,Llangattock
51.83835,-3.19437,2026-08-15T03:36:00+00:00,2026-08-15,336,N,VIIRS,n,nominal,2.0NRT,1.09,N,VIIRS_SNPP_NRT,True,303.3,284.5,0.37,0.58,Llangattock
52.08461,-3.76372,2026-08-15T03:36:00+00:00,2026-08-15,336,N,VIIRS,n,nominal,2.0NRT,0.85,N,VIIRS_SNPP_NRT,True,298.83,285.0,0.34,0.56,"Cynghordy,Pentre-ty-gwyn,Rhandirmwyn"
52.08954,-3.76067,2026-08-15T03:36:00+00:00,2026-08-15,336,N,VIIRS,n,nominal,2.0NRT,0.85,N,VIIRS_SNPP_NRT,True,303.03,285.05,0.34,0.56,"Cynghordy,Pentre-ty-gwyn,Rhandirmwyn"
51.82063,-3.20529,2026-08-15T11:45:00+00:00,2026-08-15,1145,N,VIIRS,l,low,2.0NRT,4.86,D,VIIRS_SNPP_NRT,True,332.01,302.41,0.54,0.68,Llangattock
51.82364,-3.20614,2026-08-15T11:45:00+00:00,2026-08-15,1145,N,VIIRS,n,nominal,2.0NRT,13.93,D,VIIRS_SNPP_NRT,True,339.87,302.87,0.54,0.68,Llangattock
51.82636,-3.20977,2026-08-15T11:45:00+00:00,2026-08-15,1145,N,VIIRS,n,nominal,2.0NRT,4.86,D,VIIRS_SNPP_NRT,True,331.25,299.0,0.54,0.68,Llangattock
51.82899,-3.20254,2026-08-15T11:45:00+00:00,2026-08-15,1145,N,VIIRS,l,low,2.0NRT,13.53,D,VIIRS_SNPP_NRT,True,328.71,301.71,0.54,0.68,Llangattock
51.83185,-3.20371,2026-08-15T11:45:00+00:00,2026-08-15,1145,N,VIIRS,l,low,2.0NRT,10.24,D,VIIRS_SNPP_NRT,True,330.49,302.84,0.54,0.68,Llangattock
51.8343,-3.19687,2026-08-15T11:45:00+00:00,2026-08-15,1145,N,VIIRS,l,low,2.0NRT,11.84,D,VIIRS_SNPP_NRT,True,331.03,301.71,0.54,0.68,Llangattock
51.83447,-3.20773,2026-08-15T11:45:00+00:00,2026-08-15,1145,N,VIIRS,l,low,2.0NRT,6.23,D,VIIRS_SNPP_NRT,True,328.33,302.55,0.54,0.68,Llangattock
51.83694,-3.20094,2026-08-15T11:45:00+00:00,2026-08-15,1145,N,VIIRS,n,nominal,2.0NRT,6.23,D,VIIRS_SNPP_NRT,True,333.77,302.33,0.54,0.67,Llangattock
51.60852,-3.38763,2026-08-15T13:23:00+00:00,2026-08-15,1323,N,VIIRS,n,nominal,2.0NRT,3.14,D,VIIRS_SNPP_NRT,True,332.19,299.57,0.46,0.39,Trehafod
51.7114,-4.00228,2026-08-15T13:23:00+00:00,2026-08-15,1323,N,VIIRS,n,nominal,2.0NRT,4.17,D,VIIRS_SNPP_NRT,True,334.09,301.13,0.44,0.38,"Tal-y-bont,Goppa,Pentrebach,Dulais East,Dulais West"
51.76083,-3.05296,2026-08-15T13:23:00+00:00,2026-08-15,1323,N,VIIRS,n,nominal,2.0NRT,5.61,D,VIIRS_SNPP_NRT,True,339.29,310.04,0.47,0.4,"Abersychan and Cwmavon,Garndiffaith and Varteg"
51.82092,-3.21073,2026-08-15T13:23:00+00:00,2026-08-15,1323,N,VIIRS,l,low,2.0NRT,9.13,D,VIIRS_SNPP_NRT,True,335.31,309.26,0.46,0.39,Llangattock
51.82452,-3.21186,2026-08-15T13:23:00+00:00,2026-08-15,1323,N,VIIRS,n,nominal,2.0NRT,14.78,D,VIIRS_SNPP_NRT,True,341.7,310.54,0.46,0.39,Llangattock
51.97137,-4.01279,2026-08-15T13:23:00+00:00,2026-08-15,1323,N,VIIRS,n,nominal,2.0NRT,8.2,D,VIIRS_SNPP_NRT,True,345.19,308.64,0.44,0.39,Talley
51.97492,-4.01372,2026-08-15T13:23:00+00:00,2026-08-15,1323,N,VIIRS,n,nominal,2.0NRT,8.2,D,VIIRS_SNPP_NRT,True,342.79,300.19,0.44,0.39,Talley
52.08995,-3.76072,2026-08-15T13:23:00+00:00,2026-08-15,1323,N,VIIRS,n,nominal,2.0NRT,5.32,D,VIIRS_SNPP_NRT,True,332.23,299.16,0.45,0.39,"Cynghordy,Pentre-ty-gwyn,Rhandirmwyn"
51.67181,-3.52033,2026-08-16T01:34:00+00:00,2026-08-16,134,N,VIIRS,n,nominal,2.0NRT,2.04,N,VIIRS_SNPP_NRT,True,319.29,278.99,0.37,0.58,Treherbert
51.6732,-3.5197,2026-08-16T01:34:00+00:00,2026-08-16,134,N,VIIRS,n,nominal,2.0NRT,1.89,N,VIIRS_SNPP_NRT,True,316.96,278.22,0.37,0.58,Treherbert
51.97212,-4.01432,2026-08-16T01:34:00+00:00,2026-08-16,134,N,VIIRS,n,nominal,2.0NRT,2.49,N,VIIRS_SNPP_NRT,True,298.49,280.51,0.39,0.59,Talley
51.82838,-4.35533,2026-08-16T03:19:00+00:00,2026-08-16,319,N,VIIRS,n,nominal,2.0NRT,0.54,N,VIIRS_SNPP_NRT,True,298.78,281.24,0.44,0.46,Llangain
51.49908,-3.40947,2026-08-15T02:13:00+00:00,2026-08-15,213,N20,VIIRS,n,nominal,2.0NRT,1.11,N,VIIRS_NOAA20_NRT,True,306.18,287.79,0.42,0.37,Welsh St. Donats
51.59103,-4.07489,2026-08-15T02:13:00+00:00,2026-08-15,213,N20,VIIRS,n,nominal,2.0NRT,0.32,N,VIIRS_NOAA20_NRT,True,297.71,286.06,0.43,0.38,"Kittle,Southgate"
51.6344,-3.15778,2026-08-15T02:13:00+00:00,2026-08-15,213,N20,VIIRS,n,nominal,2.0NRT,0.79,N,VIIRS_NOAA20_NRT,True,303.46,286.06,0.41,0.37,Ynysddu
51.68357,-5.02893,2026-08-15T02:13:00+00:00,2026-08-15,213,N20,VIIRS,n,nominal,2.0NRT,1.34,N,VIIRS_NOAA20_NRT,True,306.63,291.84,0.46,0.39,Angle
51.73454,-3.17273,2026-08-15T02:13:00+00:00,2026-08-15,213,N20,VIIRS,n,nominal,2.0NRT,0.57,N,VIIRS_NOAA20_NRT,True,297.29,285.61,0.41,0.37,Cwm
51.73873,-3.17776,2026-08-15T02:13:00+00:00,2026-08-15,213,N20,VIIRS,n,nominal,2.0NRT,1.35,N,VIIRS_NOAA20_NRT,True,315.05,286.4,0.41,0.37,Cwm
51.74527,-3.0389,2026-08-15T02:13:00+00:00,2026-08-15,213,N20,VIIRS,n,nominal,2.0NRT,0.4,N,VIIRS_NOAA20_NRT,True,296.89,284.4,0.41,0.37,"Abersychan and Cwmavon,Garndiffaith and Varteg"
51.7528,-3.04251,2026-08-15T02:13:00+00:00,2026-08-15,213,N20,VIIRS,n,nominal,2.0NRT,0.54,N,VIIRS_NOAA20_NRT,True,295.76,284.69,0.41,0.37,"Abersychan and Cwmavon,Garndiffaith and Varteg"
51.75359,-3.04849,2026-08-15T02:13:00+00:00,2026-08-15,213,N20,VIIRS,n,nominal,2.0NRT,0.68,N,VIIRS_NOAA20_NRT,True,296.67,285.89,0.41,0.37,"Abersychan and Cwmavon,Garndiffaith and Varteg"
51.75439,-3.05453,2026-08-15T02:13:00+00:00,2026-08-15,213,N20,VIIRS,n,nominal,2.0NRT,0.68,N,VIIRS_NOAA20_NRT,True,297.29,286.56,0.41,0.37,"Abersychan and Cwmavon,Garndiffaith and Varteg"
51.75775,-3.05328,2026-08-15T02:13:00+00:00,2026-08-15,213,N20,VIIRS,n,nominal,2.0NRT,0.68,N,VIIRS_NOAA20_NRT,True,303.42,287.36,0.41,0.37,"Abersychan and Cwmavon,Garndiffaith and Varteg"
51.76112,-3.05208,2026-08-15T02:13:00+00:00,2026-08-15,213,N20,VIIRS,n,nominal,2.0NRT,5.49,N,VIIRS_NOAA20_NRT,True,338.84,295.91,0.41,0.37,"Abersychan and Cwmavon,Garndiffaith and Varteg"
51.76857,-3.21675,2026-08-15T02:13:00+00:00,2026-08-15,213,N20,VIIRS,n,nominal,2.0NRT,0.22,N,VIIRS_NOAA20_NRT,True,296.07,284.46,0.42,0.37,Ebbw Vale South
51.76877,-3.27276,2026-08-15T02:13:00+00:00,2026-08-15,213,N20,VIIRS,n,nominal,2.0NRT,1.36,N,VIIRS_NOAA20_NRT,True,300.22,285.05,0.42,0.37,"Pontlottyn,St David's,Moriah,Abertysswg,Twyn Carno"
51.7731,-3.33375,2026-08-15T02:13:00+00:00,2026-08-15,213,N20,VIIRS,n,nominal,2.0NRT,2.31,N,VIIRS_NOAA20_NRT,True,316.19,288.47,0.42,0.38,Pant
51.77388,-3.33976,2026-08-15T02:13:00+00:00,2026-08-15,213,N20,VIIRS,n,nominal,2.0NRT,1.49,N,VIIRS_NOAA20_NRT,True,309.03,286.16,0.42,0.38,Pant
51.77573,-3.32659,2026-08-15T02:13:00+00:00,2026-08-15,213,N20,VIIRS,n,nominal,2.0NRT,2.53,N,VIIRS_NOAA20_NRT,True,309.92,287.47,0.42,0.38,"Pontlottyn,St David's,Moriah,Abertysswg,Twyn Carno"
51.77649,-3.33253,2026-08-15T02:13:00+00:00,2026-08-15,213,N20,VIIRS,n,nominal,2.0NRT,2.53,N,VIIRS_NOAA20_NRT,True,324.56,289.37,0.42,0.38,Pant
51.77727,-3.33852,2026-08-15T02:13:00+00:00,2026-08-15,213,N20,VIIRS,n,nominal,2.0NRT,1.44,N,VIIRS_NOAA20_NRT,True,310.43,286.7,0.42,0.38,Pant
51.77912,-3.32537,2026-08-15T02:13:00+00:00,2026-08-15,213,N20,VIIRS,n,nominal,2.0NRT,2.53,N,VIIRS_NOAA20_NRT,True,319.67,289.22,0.42,0.38,"Pontlottyn,St David's,Moriah,Abertysswg,Twyn Carno"
51.77988,-3.3313,2026-08-15T02:13:00+00:00,2026-08-15,213,N20,VIIRS,n,nominal,2.0NRT,2.53,N,VIIRS_NOAA20_NRT,True,331.17,291.05,0.42,0.38,"Pontlottyn,St David's,Moriah,Abertysswg,Twyn Carno"
51.78251,-3.32414,2026-08-15T02:13:00+00:00,2026-08-15,213,N20,VIIRS,n,nominal,2.0NRT,1.93,N,VIIRS_NOAA20_NRT,True,321.83,288.7,0.42,0.38,"Pontlottyn,St David's,Moriah,Abertysswg,Twyn Carno"
51.78327,-3.33006,2026-08-15T02:13:00+00:00,2026-08-15,213,N20,VIIRS,n,nominal,2.0NRT,1.93,N,VIIRS_NOAA20_NRT,True,304.21,285.5,0.42,0.38,"Pontlottyn,St David's,Moriah,Abertysswg,Twyn Carno"
51.81186,-3.19582,2026-08-15T02:13:00+00:00,2026-08-15,213,N20,VIIRS,n,nominal,2.0NRT,0.69,N,VIIRS_NOAA20_NRT,True,298.78,286.98,0.42,0.37,Garnlydan
51.81438,-3.19384,2026-08-15T02:13:00+00:00,2026-08-15,213,N20,VIIRS,n,nominal,2.0NRT,2.26,N,VIIRS_NOAA20_NRT,True,316.3,289.36,0.42,0.37,Llangattock
51.81514,-3.19979,2026-08-15T02:13:00+00:00,2026-08-15,213,N20,VIIRS,n,nominal,2.0NRT,2.26,N,VIIRS_NOAA20_NRT,True,318.39,288.58,0.42,0.37,Llangattock
51.81852,-3.19857,2026-08-15T02:13:00+00:00,2026-08-15,213,N20,VIIRS,n,nominal,2.0NRT,1.82,N,VIIRS_NOAA20_NRT,True,323.94,290.19,0.42,0.37,Llangattock
51.81929,-3.20451,2026-08-15T02:13:00+00:00,2026-08-15,213,N20,VIIRS,n,nominal,2.0NRT,3.91,N,VIIRS_NOAA20_NRT,True,313.7,288.81,0.42,0.37,Llangattock
51.82006,-3.21045,2026-08-15T02:13:00+00:00,2026-08-15,213,N20,VIIRS,n,nominal,2.0NRT,3.91,N,VIIRS_NOAA20_NRT,True,317.59,288.23,0.42,0.37,Llangattock
51.82037,-3.18541,2026-08-15T02:13:00+00:00,2026-08-15,213,N20,VIIRS,n,nominal,2.0NRT,1.03,N,VIIRS_NOAA20_NRT,True,300.52,285.46,0.42,0.37,Llangattock
51.82191,-3.19736,2026-08-15T02:13:00+00:00,2026-08-15,213,N20,VIIRS,n,nominal,2.0NRT,1.82,N,VIIRS_NOAA20_NRT,True,297.4,285.36,0.42,0.37,Llangattock
51.82267,-3.20329,2026-08-15T02:13:00+00:00,2026-08-15,213,N20,VIIRS,n,nominal,2.0NRT,3.91,N,VIIRS_NOAA20_NRT,True,319.93,289.8,0.42,0.37,Llangattock
51.82344,-3.20923,2026-08-15T02:13:00+00:00,2026-08-15,213,N20,VIIRS,n,nominal,2.0NRT,3.91,N,VIIRS_NOAA20_NRT,True,349.82,301.21,0.42,0.37,Llangattock
51.82421,-3.21521,2026-08-15T02:13:00+00:00,2026-08-15,213,N20,VIIRS,n,nominal,2.0NRT,2.84,N,VIIRS_NOAA20_NRT,True,315.36,285.72,0.42,0.37,Llangynidr
51.82452,-3.19018,2026-08-15T02:13:00+00:00,2026-08-15,213,N20,VIIRS,n,nominal,2.0NRT,1.29,N,VIIRS_NOAA20_NRT,True,301.66,285.95,0.42,0.37,Llangattock
51.82529,-3.19614,2026-08-15T02:13:00+00:00,2026-08-15,213,N20,VIIRS,n,nominal,2.0NRT,1.29,N,VIIRS_NOAA20_NRT,True,299.86,285.8,0.42,0.37,Llangattock
51.82606,-3.20207,2026-08-15T02:13:00+00:00,2026-08-15,213,N20,VIIRS,n,nominal,2.0NRT,2.67,N,VIIRS_NOAA20_NRT,True,316.59,290.07,0.42,0.37,Llangattock
51.82683,-3.20802,2026-08-15T02:13:00+00:00,2026-08-15,213,N20,VIIRS,n,nominal,2.0NRT,2.67,N,VIIRS_NOAA20_NRT,True,336.04,292.92,0.42,0.37,Llangattock
51.82713,-3.18299,2026-08-15T02:13:00+00:00,2026-08-15,213,N20,VIIRS,n,nominal,2.0NRT,0.96,N,VIIRS_NOAA20_NRT,True,296.11,285.26,0.42,0.37,Llangattock
51.8276,-3.214,2026-08-15T02:13:00+00:00,2026-08-15,213,N20,VIIRS,n,nominal,2.0NRT,0.9,N,VIIRS_NOAA20_NRT,True,301.27,284.77,0.42,0.37,Llangynidr
51.82791,-3.18896,2026-08-15T02:13:00+00:00,2026-08-15,213,N20,VIIRS,n,nominal,2.0NRT,1.29,N,VIIRS_NOAA20_NRT,True,318.5,287.85,0.42,0.37,Llangattock
51.82944,-3.20087,2026-08-15T02:13:00+00:00,2026-08-15,213,N20,VIIRS,n,nominal,2.0NRT,2.67,N,VIIRS_NOAA20_NRT,True,311.24,288.77,0.42,0.37,Llangattock
51.83022,-3.20683,2026-08-15T02:13:00+00:00,2026-08-15,213,N20,VIIRS,n,nominal,2.0NRT,2.67,N,VIIRS_NOAA20_NRT,True,322.62,289.8,0.42,0.37,Llangattock
51.83099,-3.21284,2026-08-15T02:13:00+00:00,2026-08-15,213,N20,VIIRS,n,nominal,2.0NRT,0.9,N,VIIRS_NOAA20_NRT,True,306.66,286.2,0.42,0.37,Llangattock
51.83283,-3.19972,2026-08-15T02:13:00+00:00,2026-08-15,213,N20,VIIRS,n,nominal,2.0NRT,2.15,N,VIIRS_NOAA20_NRT,True,309.19,287.61,0.42,0.37,Llangattock
51.83361,-3.20569,2026-08-15T02:13:00+00:00,2026-08-15,213,N20,VIIRS,n,nominal,2.0NRT,2.15,N,VIIRS_NOAA20_NRT,True,320.16,290.64,0.42,0.37,Llangattock
51.83438,-3.21169,2026-08-15T02:13:00+00:00,2026-08-15,213,N20,VIIRS,n,nominal,2.0NRT,2.2,N,VIIRS_NOAA20_NRT,True,322.64,291.0,0.42,0.37,Llangattock
51.83623,-3.1986,2026-08-15T02:13:00+00:00,2026-08-15,213,N20,VIIRS,n,nominal,2.0NRT,2.15,N,VIIRS_NOAA20_NRT,True,319.8,289.46,0.42,0.37,Llangattock
51.837,-3.20456,2026-08-15T02:13:00+00:00,2026-08-15,213,N20,VIIRS,n,nominal,2.0NRT,2.15,N,VIIRS_NOAA20_NRT,True,320.44,288.99,0.42,0.37,Llangattock
51.83778,-3.21059,2026-08-15T02:13:00+00:00,2026-08-15,213,N20,VIIRS,n,nominal,2.0NRT,2.2,N,VIIRS_NOAA20_NRT,True,304.49,287.43,0.42,0.37,Llangattock
51.83855,-3.2166,2026-08-15T02:13:00+00:00,2026-08-15,213,N20,VIIRS,n,nominal,2.0NRT,2.2,N,VIIRS_NOAA20_NRT,True,319.4,288.56,0.42,0.37,Llangattock
51.83887,-3.19165,2026-08-15T02:13:00+00:00,2026-08-15,213,N20,VIIRS,n,nominal,2.0NRT,1.02,N,VIIRS_NOAA20_NRT,True,303.58,286.26,0.42,0.37,Llangattock
51.83964,-3.1976,2026-08-15T02:13:00+00:00,2026-08-15,213,N20,VIIRS,n,nominal,2.0NRT,1.65,N,VIIRS_NOAA20_NRT,True,299.38,286.46,0.42,0.37,Llangattock
51.84196,-3.2156,2026-08-15T02:13:00+00:00,2026-08-15,213,N20,VIIRS,n,nominal,2.0NRT,0.88,N,VIIRS_NOAA20_NRT,True,297.71,284.98,0.42,0.37,Llangattock
51.97107,-4.01583,2026-08-15T02:13:00+00:00,2026-08-15,213,N20,VIIRS,n,nominal,2.0NRT,0.97,N,VIIRS_NOAA20_NRT,True,299.82,285.41,0.44,0.38,Talley
52.08096,-3.76499,2026-08-15T02:13:00+00:00,2026-08-15,213,N20,VIIRS,n,nominal,2.0NRT,1.38,N,VIIRS_NOAA20_NRT,True,305.78,287.4,0.43,0.38,"Cynghordy,Pentre-ty-gwyn,Rhandirmwyn"
52.08439,-3.76371,2026-08-15T02:13:00+00:00,2026-08-15,213,N20,VIIRS,n,nominal,2.0NRT,0.99,N,VIIRS_NOAA20_NRT,True,306.08,287.47,0.43,0.38,"Cynghordy,Pentre-ty-gwyn,Rhandirmwyn"
52.08783,-3.76246,2026-08-15T02:13:00+00:00,2026-08-15,213,N20,VIIRS,n,nominal,2.0NRT,0.99,N,VIIRS_NOAA20_NRT,True,301.6,286.54,0.43,0.38,"Cynghordy,Pentre-ty-gwyn,Rhandirmwyn"
52.09127,-3.76124,2026-08-15T02:13:00+00:00,2026-08-15,213,N20,VIIRS,n,nominal,2.0NRT,1.69,N,VIIRS_NOAA20_NRT,True,312.16,286.26,0.43,0.38,"Cynghordy,Pentre-ty-gwyn,Rhandirmwyn"
52.09288,-3.77413,2026-08-15T02:13:00+00:00,2026-08-15,213,N20,VIIRS,n,nominal,2.0NRT,0.57,N,VIIRS_NOAA20_NRT,True,296.87,284.71,0.43,0.38,"Cynghordy,Pentre-ty-gwyn,Rhandirmwyn"
52.10602,-3.75662,2026-08-15T02:13:00+00:00,2026-08-15,213,N20,VIIRS,n,nominal,2.0NRT,0.43,N,VIIRS_NOAA20_NRT,True,299.91,282.82,0.43,0.38,"Cynghordy,Pentre-ty-gwyn,Rhandirmwyn"
51.68563,-5.02511,2026-08-15T03:53:00+00:00,2026-08-15,353,N20,VIIRS,n,nominal,2.0NRT,1.29,N,VIIRS_NOAA20_NRT,True,296.94,286.7,0.56,0.69,Angle
51.76184,-3.05557,2026-08-15T03:53:00+00:00,2026-08-15,353,N20,VIIRS,n,nominal,2.0NRT,2.55,N,VIIRS_NOAA20_NRT,True,296.12,282.23,0.66,0.73,"Abersychan and Cwmavon,Garndiffaith and Varteg"
51.81465,-3.19741,2026-08-15T03:53:00+00:00,2026-08-15,353,N20,VIIRS,n,nominal,2.0NRT,2.47,N,VIIRS_NOAA20_NRT,True,299.52,283.93,0.65,0.73,Llangattock
51.81593,-3.19548,2026-08-15T03:53:00+00:00,2026-08-15,353,N20,VIIRS,n,nominal,2.0NRT,3.16,N,VIIRS_NOAA20_NRT,True,300.86,284.13,0.65,0.73,Llangattock
51.81927,-3.20414,2026-08-15T03:53:00+00:00,2026-08-15,353,N20,VIIRS,n,nominal,2.0NRT,3.16,N,VIIRS_NOAA20_NRT,True,301.84,284.02,0.65,0.73,Llangattock
51.82133,-3.21449,2026-08-15T03:53:00+00:00,2026-08-15,353,N20,VIIRS,n,nominal,2.0NRT,2.48,N,VIIRS_NOAA20_NRT,True,295.63,282.1,0.65,0.73,Llangynidr
51.82256,-3.21269,2026-08-15T03:53:00+00:00,2026-08-15,353,N20,VIIRS,n,nominal,2.0NRT,2.87,N,VIIRS_NOAA20_NRT,True,310.38,283.09,0.65,0.73,Llangattock
51.824,-3.20099,2026-08-15T03:53:00+00:00,2026-08-15,353,N20,VIIRS,n,nominal,2.0NRT,2.48,N,VIIRS_NOAA20_NRT,True,301.75,284.85,0.65,0.73,Llangattock
51.8267,-3.18757,2026-08-15T03:53:00+00:00,2026-08-15,353,N20,VIIRS,n,nominal,2.0NRT,1.19,N,VIIRS_NOAA20_NRT,True,296.9,283.08,0.65,0.73,Llangattock
51.82731,-3.20948,2026-08-15T03:53:00+00:00,2026-08-15,353,N20,VIIRS,n,nominal,2.0NRT,2.48,N,VIIRS_NOAA20_NRT,True,317.34,284.84,0.65,0.73,Llangattock
51.82792,-3.18551,2026-08-15T03:53:00+00:00,2026-08-15,353,N20,VIIRS,n,nominal,2.0NRT,2.86,N,VIIRS_NOAA20_NRT,True,297.37,283.02,0.65,0.73,Llangattock
51.82851,-3.20761,2026-08-15T03:53:00+00:00,2026-08-15,353,N20,VIIRS,n,nominal,2.0NRT,2.87,N,VIIRS_NOAA20_NRT,True,309.82,284.56,0.65,0.73,Llangattock
51.83309,-3.20393,2026-08-15T03:53:00+00:00,2026-08-15,353,N20,VIIRS,n,nominal,2.0NRT,2.46,N,VIIRS_NOAA20_NRT,True,304.56,284.32,0.65,0.73,Llangattock
51.8342,-3.20184,2026-08-15T03:53:00+00:00,2026-08-15,353,N20,VIIRS,n,nominal,2.0NRT,1.74,N,VIIRS_NOAA20_NRT,True,308.72,284.64,0.65,0.73,Llangattock
51.83612,-3.21169,2026-08-15T03:53:00+00:00,2026-08-15,353,N20,VIIRS,n,nominal,2.0NRT,3.64,N,VIIRS_NOAA20_NRT,True,299.56,283.92,0.65,0.73,Llangattock
51.83718,-3.20958,2026-08-15T03:53:00+00:00,2026-08-15,353,N20,VIIRS,n,nominal,2.0NRT,1.74,N,VIIRS_NOAA20_NRT,True,298.42,283.55,0.65,0.73,Llangattock
51.83845,-3.19733,2026-08-15T03:53:00+00:00,2026-08-15,353,N20,VIIRS,n,nominal,2.0NRT,2.46,N,VIIRS_NOAA20_NRT,True,304.8,283.94,0.65,0.73,Llangattock
51.83938,-3.19473,2026-08-15T03:53:00+00:00,2026-08-15,353,N20,VIIRS,n,nominal,2.0NRT,1.74,N,VIIRS_NOAA20_NRT,True,297.53,283.1,0.65,0.73,Llangattock
51.84003,-3.21698,2026-08-15T03:53:00+00:00,2026-08-15,353,N20,VIIRS,n,nominal,2.0NRT,1.38,N,VIIRS_NOAA20_NRT,True,296.41,282.56,0.65,0.73,Llangattock
51.76771,-3.26831,2026-08-15T12:04:00+00:00,2026-08-15,1204,N20,VIIRS,n,nominal,2.0NRT,2.89,D,VIIRS_NOAA20_NRT,True,340.15,302.91,0.32,0.54,"Central and West,Georgetown,Sirhowy"
51.77834,-3.32738,2026-08-15T12:04:00+00:00,2026-08-15,1204,N20,VIIRS,l,low,2.0NRT,5.13,D,VIIRS_NOAA20_NRT,True,332.72,307.44,0.32,0.55,"Pontlottyn,St David's,Moriah,Abertysswg,Twyn Carno"
51.82498,-3.20504,2026-08-15T12:04:00+00:00,2026-08-15,1204,N20,VIIRS,n,nominal,2.0NRT,15.87,D,VIIRS_NOAA20_NRT,True,337.97,307.87,0.63,0.54,Llangattock
51.83201,-3.19986,2026-08-15T12:04:00+00:00,2026-08-15,1204,N20,VIIRS,l,low,2.0NRT,13.67,D,VIIRS_NOAA20_NRT,True,331.47,306.05,0.63,0.54,Llangattock
51.96988,-4.01439,2026-08-15T12:04:00+00:00,2026-08-15,1204,N20,VIIRS,n,nominal,2.0NRT,7.0,D,VIIRS_NOAA20_NRT,True,353.71,301.76,0.34,0.56,Talley
51.97123,-4.00983,2026-08-15T12:04:00+00:00,2026-08-15,1204,N20,VIIRS,h,high,2.0NRT,7.0,D,VIIRS_NOAA20_NRT,True,367.0,295.19,0.34,0.56,Talley
51.71233,-4.00643,2026-08-15T13:44:00+00:00,2026-08-15,1344,N20,VIIRS,n,nominal,2.0NRT,6.99,D,VIIRS_NOAA20_NRT,True,339.7,297.72,0.5,0.49,"Tal-y-bont,Goppa,Pentrebach,Dulais East,Dulais West"
51.76011,-3.05017,2026-08-15T13:44:00+00:00,2026-08-15,1344,N20,VIIRS,l,low,2.0NRT,6.29,D,VIIRS_NOAA20_NRT,True,331.41,304.62,0.55,0.51,"Abersychan and Cwmavon,Garndiffaith and Varteg"
51.81926,-3.20527,2026-08-15T13:44:00+00:00,2026-08-15,1344,N20,VIIRS,l,low,2.0NRT,9.93,D,VIIRS_NOAA20_NRT,True,332.82,305.33,0.54,0.51,Llangattock
51.82349,-3.21419,2026-08-15T13:44:00+00:00,2026-08-15,1344,N20,VIIRS,l,low,2.0NRT,5.58,D,VIIRS_NOAA20_NRT,True,332.15,303.59,0.54,0.51,Llangynidr
51.82393,-3.2063,2026-08-15T13:44:00+00:00,2026-08-15,1344,N20,VIIRS,n,nominal,2.0NRT,16.86,D,VIIRS_NOAA20_NRT,True,345.77,309.04,0.54,0.51,Llangattock
51.83373,-3.19995,2026-08-15T13:44:00+00:00,2026-08-15,1344,N20,VIIRS,l,low,2.0NRT,16.92,D,VIIRS_NOAA20_NRT,True,336.55,309.64,0.54,0.51,Llangattock
51.97019,-4.0159,2026-08-15T13:44:00+00:00,2026-08-15,1344,N20,VIIRS,n,nominal,2.0NRT,11.33,D,VIIRS_NOAA20_NRT,True,344.43,304.59,0.5,0.49,Talley
52.09156,-3.75604,2026-08-15T13:44:00+00:00,2026-08-15,1344,N20,VIIRS,n,nominal,2.0NRT,2.42,D,VIIRS_NOAA20_NRT,True,337.88,297.81,0.52,0.5,"Cynghordy,Pentre-ty-gwyn,Rhandirmwyn"
52.09205,-3.75676,2026-08-15T13:44:00+00:00,2026-08-15,1344,N20,VIIRS,n,nominal,2.0NRT,6.43,D,VIIRS_NOAA20_NRT,True,335.23,297.7,0.52,0.5,"Cynghordy,Pentre-ty-gwyn,Rhandirmwyn"
51.81759,-3.20038,2026-08-16T01:56:00+00:00,2026-08-16,156,N20,VIIRS,n,nominal,2.0NRT,1.11,N,VIIRS_NOAA20_NRT,True,295.8,276.62,0.39,0.44,Llangattock
51.82206,-3.2048,2026-08-16T01:56:00+00:00,2026-08-16,156,N20,VIIRS,n,nominal,2.0NRT,1.05,N,VIIRS_NOAA20_NRT,True,296.83,278.25,0.39,0.44,Llangattock
51.82255,-3.21041,2026-08-16T01:56:00+00:00,2026-08-16,156,N20,VIIRS,n,nominal,2.0NRT,1.7,N,VIIRS_NOAA20_NRT,True,312.29,279.42,0.39,0.44,Llangattock
51.82605,-3.20366,2026-08-16T01:56:00+00:00,2026-08-16,156,N20,VIIRS,n,nominal,2.0NRT,1.05,N,VIIRS_NOAA20_NRT,True,297.94,278.37,0.39,0.44,Llangattock
51.82654,-3.2093,2026-08-16T01:56:00+00:00,2026-08-16,156,N20,VIIRS,n,nominal,2.0NRT,1.7,N,VIIRS_NOAA20_NRT,True,303.2,277.74,0.39,0.44,Llangattock
51.83406,-3.20167,2026-08-16T01:56:00+00:00,2026-08-16,156,N20,VIIRS,n,nominal,2.0NRT,1.44,N,VIIRS_NOAA20_NRT,True,295.26,274.91,0.39,0.44,Llangattock
51.97456,-4.01157,2026-08-16T03:36:00+00:00,2026-08-16,336,N20,VIIRS,n,nominal,2.0NRT,0.48,N,VIIRS_NOAA20_NRT,True,296.65,281.33,0.4,0.6,Talley
51.68381,-5.03216,2026-08-15T01:20:00+00:00,2026-08-15,120,N21,VIIRS,n,nominal,2.0NRT,1.19,N,VIIRS_NOAA21_NRT,True,301.63,289.27,0.51,0.66,Angle
51.75817,-3.05267,2026-08-15T01:20:00+00:00,2026-08-15,120,N21,VIIRS,n,nominal,2.0NRT,2.62,N,VIIRS_NOAA21_NRT,True,308.79,280.93,0.42,0.61,"Abersychan and Cwmavon,Garndiffaith and Varteg"
51.77486,-3.32906,2026-08-15T01:20:00+00:00,2026-08-15,120,N21,VIIRS,n,nominal,2.0NRT,2.43,N,VIIRS_NOAA21_NRT,True,313.42,287.37,0.43,0.62,"Pontlottyn,St David's,Moriah,Abertysswg,Twyn Carno"
51.77497,-3.3352,2026-08-15T01:20:00+00:00,2026-08-15,120,N21,VIIRS,n,nominal,2.0NRT,2.29,N,VIIRS_NOAA21_NRT,True,321.79,287.88,0.43,0.62,Pant
51.77509,-3.3417,2026-08-15T01:20:00+00:00,2026-08-15,120,N21,VIIRS,n,nominal,2.0NRT,2.29,N,VIIRS_NOAA21_NRT,True,298.2,285.26,0.43,0.62,Pant
51.78044,-3.3221,2026-08-15T01:20:00+00:00,2026-08-15,120,N21,VIIRS,n,nominal,2.0NRT,2.43,N,VIIRS_NOAA21_NRT,True,305.28,285.75,0.43,0.62,"Pontlottyn,St David's,Moriah,Abertysswg,Twyn Carno"
51.78055,-3.328,2026-08-15T01:20:00+00:00,2026-08-15,120,N21,VIIRS,n,nominal,2.0NRT,2.43,N,VIIRS_NOAA21_NRT,True,307.1,285.97,0.43,0.62,"Pontlottyn,St David's,Moriah,Abertysswg,Twyn Carno"
51.78066,-3.33408,2026-08-15T01:20:00+00:00,2026-08-15,120,N21,VIIRS,n,nominal,2.0NRT,2.29,N,VIIRS_NOAA21_NRT,True,302.64,285.56,0.43,0.62,Pant
51.81438,-3.19359,2026-08-15T01:20:00+00:00,2026-08-15,120,N21,VIIRS,n,nominal,2.0NRT,2.29,N,VIIRS_NOAA21_NRT,True,300.87,285.47,0.42,0.61,Llangattock
51.81448,-3.19978,2026-08-15T01:20:00+00:00,2026-08-15,120,N21,VIIRS,n,nominal,2.0NRT,3.78,N,VIIRS_NOAA21_NRT,True,316.37,287.25,0.42,0.61,Llangattock
51.81773,-3.19569,2026-08-15T01:20:00+00:00,2026-08-15,120,N21,VIIRS,n,nominal,2.0NRT,1.89,N,VIIRS_NOAA21_NRT,True,300.42,285.27,0.42,0.61,Llangattock
51.81787,-3.20179,2026-08-15T01:20:00+00:00,2026-08-15,120,N21,VIIRS,n,nominal,2.0NRT,1.89,N,VIIRS_NOAA21_NRT,True,317.18,287.55,0.42,0.61,Llangattock
51.818,-3.20789,2026-08-15T01:20:00+00:00,2026-08-15,120,N21,VIIRS,n,nominal,2.0NRT,4.86,N,VIIRS_NOAA21_NRT,True,312.66,286.7,0.42,0.61,Llangattock
51.82015,-3.19888,2026-08-15T01:20:00+00:00,2026-08-15,120,N21,VIIRS,n,nominal,2.0NRT,3.79,N,VIIRS_NOAA21_NRT,True,310.57,285.92,0.42,0.61,Llangattock
51.82025,-3.20493,2026-08-15T01:20:00+00:00,2026-08-15,120,N21,VIIRS,n,nominal,2.0NRT,3.79,N,VIIRS_NOAA21_NRT,True,315.61,287.18,0.42,0.61,Llangattock
51.82035,-3.21105,2026-08-15T01:20:00+00:00,2026-08-15,120,N21,VIIRS,n,nominal,2.0NRT,6.97,N,VIIRS_NOAA21_NRT,True,334.98,290.28,0.42,0.61,Llangattock
51.82339,-3.19484,2026-08-15T01:20:00+00:00,2026-08-15,120,N21,VIIRS,n,nominal,2.0NRT,1.89,N,VIIRS_NOAA21_NRT,True,296.79,284.76,0.42,0.61,Llangattock
51.82352,-3.2009,2026-08-15T01:20:00+00:00,2026-08-15,120,N21,VIIRS,n,nominal,2.0NRT,1.89,N,VIIRS_NOAA21_NRT,True,298.38,285.0,0.42,0.61,Llangattock
51.82365,-3.20697,2026-08-15T01:20:00+00:00,2026-08-15,120,N21,VIIRS,n,nominal,2.0NRT,4.86,N,VIIRS_NOAA21_NRT,True,330.02,290.32,0.42,0.61,Llangattock
51.82379,-3.2132,2026-08-15T01:20:00+00:00,2026-08-15,120,N21,VIIRS,n,nominal,2.0NRT,4.86,N,VIIRS_NOAA21_NRT,True,334.79,290.38,0.42,0.61,Llangattock
51.8257,-3.19179,2026-08-15T01:20:00+00:00,2026-08-15,120,N21,VIIRS,n,nominal,2.0NRT,2.86,N,VIIRS_NOAA21_NRT,True,295.15,284.48,0.42,0.61,Llangattock
51.82591,-3.20402,2026-08-15T01:20:00+00:00,2026-08-15,120,N21,VIIRS,n,nominal,2.0NRT,3.79,N,VIIRS_NOAA21_NRT,True,314.92,287.55,0.42,0.61,Llangattock
51.82602,-3.21024,2026-08-15T01:20:00+00:00,2026-08-15,120,N21,VIIRS,n,nominal,2.0NRT,6.97,N,VIIRS_NOAA21_NRT,True,324.58,288.82,0.42,0.61,Llangattock
51.82919,-3.2001,2026-08-15T01:20:00+00:00,2026-08-15,120,N21,VIIRS,n,nominal,2.0NRT,1.35,N,VIIRS_NOAA21_NRT,True,298.57,285.45,0.42,0.61,Llangattock
51.82932,-3.20615,2026-08-15T01:20:00+00:00,2026-08-15,120,N21,VIIRS,n,nominal,2.0NRT,1.92,N,VIIRS_NOAA21_NRT,True,312.97,287.49,0.42,0.61,Llangattock
51.82945,-3.21255,2026-08-15T01:20:00+00:00,2026-08-15,120,N21,VIIRS,n,nominal,2.0NRT,1.92,N,VIIRS_NOAA21_NRT,True,303.78,285.89,0.42,0.61,Llangynidr
51.83158,-3.20344,2026-08-15T01:20:00+00:00,2026-08-15,120,N21,VIIRS,n,nominal,2.0NRT,2.15,N,VIIRS_NOAA21_NRT,True,309.75,286.83,0.42,0.61,Llangattock
51.83169,-3.20974,2026-08-15T01:20:00+00:00,2026-08-15,120,N21,VIIRS,n,nominal,2.0NRT,1.68,N,VIIRS_NOAA21_NRT,True,309.23,287.54,0.42,0.61,Llangattock
51.8318,-3.21605,2026-08-15T01:20:00+00:00,2026-08-15,120,N21,VIIRS,n,nominal,2.0NRT,1.68,N,VIIRS_NOAA21_NRT,True,302.61,285.51,0.42,0.61,Llangynidr
51.83485,-3.19987,2026-08-15T01:20:00+00:00,2026-08-15,120,N21,VIIRS,n,nominal,2.0NRT,1.35,N,VIIRS_NOAA21_NRT,True,299.31,284.71,0.42,0.61,Llangattock
51.83499,-3.20604,2026-08-15T01:20:00+00:00,2026-08-15,120,N21,VIIRS,n,nominal,2.0NRT,1.92,N,VIIRS_NOAA21_NRT,True,309.44,286.59,0.42,0.61,Llangattock
51.83513,-3.21234,2026-08-15T01:20:00+00:00,2026-08-15,120,N21,VIIRS,n,nominal,2.0NRT,1.92,N,VIIRS_NOAA21_NRT,True,307.43,287.12,0.42,0.61,Llangattock
51.83527,-3.21855,2026-08-15T01:20:00+00:00,2026-08-15,120,N21,VIIRS,n,nominal,2.0NRT,1.71,N,VIIRS_NOAA21_NRT,True,297.39,284.42,0.42,0.61,Llangynidr
51.83726,-3.20335,2026-08-15T01:20:00+00:00,2026-08-15,120,N21,VIIRS,n,nominal,2.0NRT,2.15,N,VIIRS_NOAA21_NRT,True,300.97,284.44,0.42,0.61,Llangattock
51.83737,-3.20972,2026-08-15T01:20:00+00:00,2026-08-15,120,N21,VIIRS,n,nominal,2.0NRT,1.68,N,VIIRS_NOAA21_NRT,True,298.8,284.9,0.42,0.61,Llangattock
51.83748,-3.21605,2026-08-15T01:20:00+00:00,2026-08-15,120,N21,VIIRS,n,nominal,2.0NRT,1.68,N,VIIRS_NOAA21_NRT,True,300.23,285.48,0.42,0.61,Llangattock
51.63161,-3.15406,2026-08-15T03:00:00+00:00,2026-08-15,300,N21,VIIRS,n,nominal,2.0NRT,0.52,N,VIIRS_NOAA21_NRT,True,299.79,285.36,0.43,0.46,Ynysddu
51.68233,-5.03171,2026-08-15T03:00:00+00:00,2026-08-15,300,N21,VIIRS,n,nominal,2.0NRT,1.67,N,VIIRS_NOAA21_NRT,True,302.85,290.84,0.55,0.43,Angle
51.73817,-3.17445,2026-08-15T03:00:00+00:00,2026-08-15,300,N21,VIIRS,n,nominal,2.0NRT,1.53,N,VIIRS_NOAA21_NRT,True,304.56,285.19,0.43,0.46,Cwm
51.74496,-3.03499,2026-08-15T03:00:00+00:00,2026-08-15,300,N21,VIIRS,n,nominal,2.0NRT,0.55,N,VIIRS_NOAA21_NRT,True,297.41,284.66,0.44,0.46,"Abersychan and Cwmavon,Garndiffaith and Varteg"
51.75852,-3.05297,2026-08-15T03:00:00+00:00,2026-08-15,300,N21,VIIRS,n,nominal,2.0NRT,2.86,N,VIIRS_NOAA21_NRT,True,327.33,292.18,0.43,0.46,"Abersychan and Cwmavon,Garndiffaith and Varteg"
51.76249,-3.05053,2026-08-15T03:00:00+00:00,2026-08-15,300,N21,VIIRS,n,nominal,2.0NRT,2.86,N,VIIRS_NOAA21_NRT,True,303.11,285.1,0.43,0.46,"Goetre Wharf,Goytre,Nant-Y-Derry"
51.77055,-3.2693,2026-08-15T03:00:00+00:00,2026-08-15,300,N21,VIIRS,n,nominal,2.0NRT,0.8,N,VIIRS_NOAA21_NRT,True,296.92,284.7,0.43,0.46,"Pontlottyn,St David's,Moriah,Abertysswg,Twyn Carno"
51.77291,-3.33441,2026-08-15T03:00:00+00:00,2026-08-15,300,N21,VIIRS,n,nominal,2.0NRT,2.4,N,VIIRS_NOAA21_NRT,True,318.5,288.32,0.42,0.45,Pant
51.77432,-3.34018,2026-08-15T03:00:00+00:00,2026-08-15,300,N21,VIIRS,n,nominal,2.0NRT,2.4,N,VIIRS_NOAA21_NRT,True,301.96,285.61,0.42,0.45,Pant
51.77542,-3.3262,2026-08-15T03:00:00+00:00,2026-08-15,300,N21,VIIRS,n,nominal,2.0NRT,3.04,N,VIIRS_NOAA21_NRT,True,309.97,287.01,0.42,0.45,"Pontlottyn,St David's,Moriah,Abertysswg,Twyn Carno"
51.77688,-3.33215,2026-08-15T03:00:00+00:00,2026-08-15,300,N21,VIIRS,n,nominal,2.0NRT,2.4,N,VIIRS_NOAA21_NRT,True,318.34,287.78,0.42,0.45,Pant
51.77938,-3.32392,2026-08-15T03:00:00+00:00,2026-08-15,300,N21,VIIRS,n,nominal,2.0NRT,1.11,N,VIIRS_NOAA21_NRT,True,305.7,286.25,0.42,0.45,"Pontlottyn,St David's,Moriah,Abertysswg,Twyn Carno"
51.78085,-3.32993,2026-08-15T03:00:00+00:00,2026-08-15,300,N21,VIIRS,n,nominal,2.0NRT,1.59,N,VIIRS_NOAA21_NRT,True,296.81,284.75,0.42,0.45,"Pontlottyn,St David's,Moriah,Abertysswg,Twyn Carno"
51.78333,-3.32158,2026-08-15T03:00:00+00:00,2026-08-15,300,N21,VIIRS,n,nominal,2.0NRT,1.11,N,VIIRS_NOAA21_NRT,True,296.37,284.84,0.42,0.45,"Pontlottyn,St David's,Moriah,Abertysswg,Twyn Carno"
51.81155,-3.19578,2026-08-15T03:00:00+00:00,2026-08-15,300,N21,VIIRS,n,nominal,2.0NRT,0.96,N,VIIRS_NOAA21_NRT,True,303.49,287.16,0.43,0.46,Garnlydan
51.81297,-3.20165,2026-08-15T03:00:00+00:00,2026-08-15,300,N21,VIIRS,n,nominal,2.0NRT,1.94,N,VIIRS_NOAA21_NRT,True,296.12,285.57,0.43,0.46,Llangattock
51.81551,-3.19341,2026-08-15T03:00:00+00:00,2026-08-15,300,N21,VIIRS,n,nominal,2.0NRT,0.96,N,VIIRS_NOAA21_NRT,True,296.56,285.24,0.43,0.46,Llangattock
51.81694,-3.19932,2026-08-15T03:00:00+00:00,2026-08-15,300,N21,VIIRS,n,nominal,2.0NRT,1.94,N,VIIRS_NOAA21_NRT,True,319.19,289.12,0.43,0.46,Llangattock
51.818,-3.19731,2026-08-15T03:00:00+00:00,2026-08-15,300,N21,VIIRS,n,nominal,2.0NRT,2.72,N,VIIRS_NOAA21_NRT,True,305.91,286.6,0.43,0.46,Llangattock
51.81807,-3.18528,2026-08-15T03:00:00+00:00,2026-08-15,300,N21,VIIRS,n,nominal,2.0NRT,0.88,N,VIIRS_NOAA21_NRT,True,295.95,284.89,0.43,0.46,Llangattock
51.81838,-3.20527,2026-08-15T03:00:00+00:00,2026-08-15,300,N21,VIIRS,n,nominal,2.0NRT,1.94,N,VIIRS_NOAA21_NRT,True,308.71,287.38,0.43,0.46,Llangattock
51.8191,-3.18339,2026-08-15T03:00:00+00:00,2026-08-15,300,N21,VIIRS,n,nominal,2.0NRT,1.02,N,VIIRS_NOAA21_NRT,True,295.41,284.72,0.43,0.46,Llangattock
51.81947,-3.20325,2026-08-15T03:00:00+00:00,2026-08-15,300,N21,VIIRS,n,nominal,2.0NRT,4.53,N,VIIRS_NOAA21_NRT,True,310.87,287.67,0.43,0.46,Llangattock
51.81982,-3.21121,2026-08-15T03:00:00+00:00,2026-08-15,300,N21,VIIRS,n,nominal,2.0NRT,4.04,N,VIIRS_NOAA21_NRT,True,324.84,289.39,0.43,0.46,Llangattock
51.82094,-3.20919,2026-08-15T03:00:00+00:00,2026-08-15,300,N21,VIIRS,n,nominal,2.0NRT,4.53,N,VIIRS_NOAA21_NRT,True,334.59,292.78,0.43,0.46,Llangattock
51.82235,-3.20295,2026-08-15T03:00:00+00:00,2026-08-15,300,N21,VIIRS,n,nominal,2.0NRT,1.38,N,VIIRS_NOAA21_NRT,True,307.19,286.78,0.43,0.46,Llangattock
51.82238,-3.21501,2026-08-15T03:00:00+00:00,2026-08-15,300,N21,VIIRS,n,nominal,2.0NRT,3.0,N,VIIRS_NOAA21_NRT,True,318.75,288.18,0.43,0.46,Llangynidr
51.82345,-3.1888,2026-08-15T03:00:00+00:00,2026-08-15,300,N21,VIIRS,n,nominal,2.0NRT,0.88,N,VIIRS_NOAA21_NRT,True,295.44,285.23,0.43,0.46,Llangattock
51.82378,-3.20888,2026-08-15T03:00:00+00:00,2026-08-15,300,N21,VIIRS,n,nominal,2.0NRT,3.04,N,VIIRS_NOAA21_NRT,True,337.99,294.86,0.43,0.46,Llangattock
51.82451,-3.18687,2026-08-15T03:00:00+00:00,2026-08-15,300,N21,VIIRS,n,nominal,2.0NRT,1.19,N,VIIRS_NOAA21_NRT,True,302.31,285.99,0.43,0.46,Llangattock
51.82487,-3.19466,2026-08-15T03:00:00+00:00,2026-08-15,300,N21,VIIRS,n,nominal,2.0NRT,1.38,N,VIIRS_NOAA21_NRT,True,296.51,285.05,0.43,0.46,Llangattock
51.82491,-3.20685,2026-08-15T03:00:00+00:00,2026-08-15,300,N21,VIIRS,n,nominal,2.0NRT,4.53,N,VIIRS_NOAA21_NRT,True,326.92,292.06,0.43,0.46,Llangattock
51.8252,-3.21472,2026-08-15T03:00:00+00:00,2026-08-15,300,N21,VIIRS,n,nominal,2.0NRT,3.04,N,VIIRS_NOAA21_NRT,True,304.37,285.55,0.43,0.46,Llangynidr
51.82595,-3.19269,2026-08-15T03:00:00+00:00,2026-08-15,300,N21,VIIRS,n,nominal,2.0NRT,1.19,N,VIIRS_NOAA21_NRT,True,299.22,285.1,0.43,0.46,Llangattock
51.82631,-3.20061,2026-08-15T03:00:00+00:00,2026-08-15,300,N21,VIIRS,n,nominal,2.0NRT,1.38,N,VIIRS_NOAA21_NRT,True,297.59,285.75,0.43,0.46,Llangattock
51.82634,-3.21267,2026-08-15T03:00:00+00:00,2026-08-15,300,N21,VIIRS,n,nominal,2.0NRT,3.0,N,VIIRS_NOAA21_NRT,True,311.71,286.66,0.43,0.46,Llangattock
51.82774,-3.20655,2026-08-15T03:00:00+00:00,2026-08-15,300,N21,VIIRS,n,nominal,2.0NRT,3.04,N,VIIRS_NOAA21_NRT,True,321.31,289.64,0.43,0.46,Llangattock
51.82846,-3.18451,2026-08-15T03:00:00+00:00,2026-08-15,300,N21,VIIRS,n,nominal,2.0NRT,1.19,N,VIIRS_NOAA21_NRT,True,300.8,285.38,0.43,0.46,Llangattock
51.82887,-3.20452,2026-08-15T03:00:00+00:00,2026-08-15,300,N21,VIIRS,n,nominal,2.0NRT,2.97,N,VIIRS_NOAA21_NRT,True,316.53,289.22,0.43,0.46,Llangattock
51.82914,-3.21233,2026-08-15T03:00:00+00:00,2026-08-15,300,N21,VIIRS,n,nominal,2.0NRT,3.04,N,VIIRS_NOAA21_NRT,True,299.59,285.42,0.43,0.46,Llangattock
51.83029,-3.21026,2026-08-15T03:00:00+00:00,2026-08-15,300,N21,VIIRS,n,nominal,2.0NRT,1.89,N,VIIRS_NOAA21_NRT,True,307.37,287.16,0.43,0.46,Llangattock
51.83171,-3.21601,2026-08-15T03:00:00+00:00,2026-08-15,300,N21,VIIRS,n,nominal,2.0NRT,1.89,N,VIIRS_NOAA21_NRT,True,299.13,285.15,0.43,0.46,Llangynidr
51.83278,-3.20197,2026-08-15T03:00:00+00:00,2026-08-15,300,N21,VIIRS,n,nominal,2.0NRT,2.97,N,VIIRS_NOAA21_NRT,True,318.63,288.51,0.43,0.46,Llangattock
51.83421,-3.20775,2026-08-15T03:00:00+00:00,2026-08-15,300,N21,VIIRS,n,nominal,2.0NRT,1.89,N,VIIRS_NOAA21_NRT,True,313.22,288.64,0.43,0.46,Llangattock
51.83562,-3.21348,2026-08-15T03:00:00+00:00,2026-08-15,300,N21,VIIRS,n,nominal,2.0NRT,1.89,N,VIIRS_NOAA21_NRT,True,307.51,287.11,0.43,0.46,Llangattock
51.83667,-3.19933,2026-08-15T03:00:00+00:00,2026-08-15,300,N21,VIIRS,n,nominal,2.0NRT,3.5,N,VIIRS_NOAA21_NRT,True,310.09,287.04,0.43,0.46,Llangattock
51.83704,-3.21921,2026-08-15T03:00:00+00:00,2026-08-15,300,N21,VIIRS,n,nominal,2.0NRT,1.43,N,VIIRS_NOAA21_NRT,True,304.37,285.38,0.43,0.46,Llangynidr
51.83945,-3.2106,2026-08-15T03:00:00+00:00,2026-08-15,300,N21,VIIRS,n,nominal,2.0NRT,2.11,N,VIIRS_NOAA21_NRT,True,297.08,285.32,0.43,0.46,Llangattock
51.84085,-3.21631,2026-08-15T03:00:00+00:00,2026-08-15,300,N21,VIIRS,n,nominal,2.0NRT,1.14,N,VIIRS_NOAA21_NRT,True,299.53,284.91,0.43,0.46,Llangattock
52.07949,-3.76037,2026-08-15T03:00:00+00:00,2026-08-15,300,N21,VIIRS,n,nominal,2.0NRT,0.99,N,VIIRS_NOAA21_NRT,True,297.72,284.86,0.4,0.44,"Cynghordy,Pentre-ty-gwyn,Rhandirmwyn"
52.08073,-3.76554,2026-08-15T03:00:00+00:00,2026-08-15,300,N21,VIIRS,n,nominal,2.0NRT,0.99,N,VIIRS_NOAA21_NRT,True,300.09,286.73,0.4,0.44,"Cynghordy,Pentre-ty-gwyn,Rhandirmwyn"
52.08464,-3.76355,2026-08-15T03:00:00+00:00,2026-08-15,300,N21,VIIRS,n,nominal,2.0NRT,0.99,N,VIIRS_NOAA21_NRT,True,305.07,287.09,0.4,0.44,"Cynghordy,Pentre-ty-gwyn,Rhandirmwyn"
52.08854,-3.76146,2026-08-15T03:00:00+00:00,2026-08-15,300,N21,VIIRS,n,nominal,2.0NRT,1.07,N,VIIRS_NOAA21_NRT,True,305.84,286.44,0.4,0.44,"Cynghordy,Pentre-ty-gwyn,Rhandirmwyn"
52.09224,-3.77687,2026-08-15T03:00:00+00:00,2026-08-15,300,N21,VIIRS,n,nominal,2.0NRT,0.63,N,VIIRS_NOAA21_NRT,True,295.69,283.97,0.4,0.44,"Cynghordy,Pentre-ty-gwyn,Rhandirmwyn"
52.09241,-3.75924,2026-08-15T03:00:00+00:00,2026-08-15,300,N21,VIIRS,n,nominal,2.0NRT,1.07,N,VIIRS_NOAA21_NRT,True,297.59,284.12,0.4,0.44,"Cynghordy,Pentre-ty-gwyn,Rhandirmwyn"
52.10516,-3.75738,2026-08-15T03:00:00+00:00,2026-08-15,300,N21,VIIRS,n,nominal,2.0NRT,0.52,N,VIIRS_NOAA21_NRT,True,301.16,282.87,0.4,0.44,"Cynghordy,Pentre-ty-gwyn,Rhandirmwyn"
51.70585,-3.17695,2026-08-15T12:46:00+00:00,2026-08-15,1246,N21,VIIRS,n,nominal,2.0NRT,5.1,D,VIIRS_NOAA21_NRT,True,341.91,304.17,0.39,0.36,"Hollybush,Markham,Argoed,Manmoel"
51.76089,-3.05385,2026-08-15T12:46:00+00:00,2026-08-15,1246,N21,VIIRS,l,low,2.0NRT,5.23,D,VIIRS_NOAA21_NRT,True,339.11,309.81,0.39,0.36,"Abersychan and Cwmavon,Garndiffaith and Varteg"
51.76655,-3.27014,2026-08-15T12:46:00+00:00,2026-08-15,1246,N21,VIIRS,n,nominal,2.0NRT,4.74,D,VIIRS_NOAA21_NRT,True,334.25,302.61,0.39,0.36,"Pontlottyn,St David's,Moriah,Abertysswg,Twyn Carno"
51.82145,-3.21139,2026-08-15T12:46:00+00:00,2026-08-15,1246,N21,VIIRS,n,nominal,2.0NRT,5.71,D,VIIRS_NOAA21_NRT,True,343.76,310.57,0.39,0.36,Llangattock
51.82468,-3.21278,2026-08-15T12:46:00+00:00,2026-08-15,1246,N21,VIIRS,n,nominal,2.0NRT,4.22,D,VIIRS_NOAA21_NRT,True,339.96,309.79,0.39,0.36,Llangattock
51.8256,-3.20728,2026-08-15T12:46:00+00:00,2026-08-15,1246,N21,VIIRS,l,low,2.0NRT,15.27,D,VIIRS_NOAA21_NRT,True,343.52,317.05,0.39,0.36,Llangattock
51.97328,-4.01127,2026-08-15T12:46:00+00:00,2026-08-15,1246,N21,VIIRS,n,nominal,2.0NRT,6.08,D,VIIRS_NOAA21_NRT,True,331.67,291.58,0.4,0.37,Talley
