incident_id,latitude,longitude,detection_count,satellite_count,satellites,sources,first_detected_utc,last_detected_utc,duration_hours,peak_frp_mw,mean_frp_mw,max_confidence,daynight,in_wales_watch_bbox,community_name,satellite_evidence_band,external_confirmation_status,coordinate,openstreetmap_url,google_maps_url,location_precision_note,external_status,external_match_count,nearest_external_incident,nearest_external_distance_km
HC-TA-20260812-9D9EB66,51.83039,-3.20107,665,3,"N, N20, N21","VIIRS_NOAA20_NRT, VIIRS_NOAA21_NRT, VIIRS_SNPP_NRT",2026-08-12T01:09:00+00:00,2026-08-13T14:22:00+00:00,37.22,209.75,14.77,high,"D,N",True,Llangattock,strong satellite evidence,not assessed,"51.83039, -3.20107",https://www.openstreetmap.org/?mlat=51.83039&mlon=-3.20107#map=15/51.83039/-3.20107,"https://www.google.com/maps?q=51.83039,-3.20107",thermal-anomaly cluster centroid; not a confirmed fire origin,known_recent_wildfire_site,2,Blaenavon wildfire,10.235
HC-TA-20260812-6F3E560,52.09116,-3.77843,219,3,"N, N20, N21","VIIRS_NOAA20_NRT, VIIRS_NOAA21_NRT, VIIRS_SNPP_NRT",2026-08-12T12:04:00+00:00,2026-08-13T14:22:00+00:00,26.3,297.62,21.58,high,"D,N",True,"Cynghordy,Pentre-ty-gwyn,Rhandirmwyn",strong satellite evidence,not assessed,"52.09116, -3.77843",https://www.openstreetmap.org/?mlat=52.09116&mlon=-3.77843#map=15/52.09116/-3.77843,"https://www.google.com/maps?q=52.09116,-3.77843",thermal-anomaly cluster centroid; not a confirmed fire origin,no_current_match,0,,
HC-TA-20260812-A574779,52.28107,-3.50019,130,3,"N, N20, N21","VIIRS_NOAA20_NRT, VIIRS_NOAA21_NRT, VIIRS_SNPP_NRT",2026-08-12T13:46:00+00:00,2026-08-13T14:22:00+00:00,24.6,195.38,13.41,high,"D,N",True,Nantmel,strong satellite evidence,not assessed,"52.28107, -3.50019",https://www.openstreetmap.org/?mlat=52.28107&mlon=-3.50019#map=15/52.28107/-3.50019,"https://www.google.com/maps?q=52.28107,-3.50019",thermal-anomaly cluster centroid; not a confirmed fire origin,no_current_match,0,,
HC-TA-20260812-3BDAC7A,51.7689,-3.34423,43,3,"N, N20, N21","VIIRS_NOAA20_NRT, VIIRS_NOAA21_NRT, VIIRS_SNPP_NRT",2026-08-12T01:11:00+00:00,2026-08-13T14:01:00+00:00,36.83,17.08,4.54,nominal,"D,N",True,Pant,plausible,not assessed,"51.76890, -3.34423",https://www.openstreetmap.org/?mlat=51.76890&mlon=-3.34423#map=15/51.76890/-3.34423,"https://www.google.com/maps?q=51.76890,-3.34423",thermal-anomaly cluster centroid; not a confirmed fire origin,no_current_match,0,,
HC-TA-20260812-9EBC5A7,51.75452,-3.05329,33,3,"N, N20, N21","VIIRS_NOAA20_NRT, VIIRS_NOAA21_NRT, VIIRS_SNPP_NRT",2026-08-12T13:46:00+00:00,2026-08-13T14:22:00+00:00,24.6,16.21,7.2,high,"D,N",True,"Abersychan and Cwmavon,Garndiffaith and Varteg",strong satellite evidence,not assessed,"51.75452, -3.05329",https://www.openstreetmap.org/?mlat=51.75452&mlon=-3.05329#map=15/51.75452/-3.05329,"https://www.google.com/maps?q=51.75452,-3.05329",thermal-anomaly cluster centroid; not a confirmed fire origin,known_recent_wildfire_site,2,Blaenavon wildfire,2.974
HC-TA-20260813-C6523DE,51.63189,-3.42365,20,3,"N, N20, N21","VIIRS_NOAA20_NRT, VIIRS_NOAA21_NRT, VIIRS_SNPP_NRT",2026-08-13T11:47:00+00:00,2026-08-13T14:01:00+00:00,2.23,55.49,15.31,high,D,True,Ynyshir,strong satellite evidence,not assessed,"51.63189, -3.42365",https://www.openstreetmap.org/?mlat=51.63189&mlon=-3.42365#map=15/51.63189/-3.42365,"https://www.google.com/maps?q=51.63189,-3.42365",thermal-anomaly cluster centroid; not a confirmed fire origin,no_current_match,0,,
HC-TA-20260813-1A5AF17,51.57956,-3.73363,19,3,"N, N20, N21","VIIRS_NOAA20_NRT, VIIRS_NOAA21_NRT, VIIRS_SNPP_NRT",2026-08-13T01:11:00+00:00,2026-08-13T12:40:00+00:00,11.48,10.74,4.26,nominal,"D,N",True,Margam,plausible,not assessed,"51.57956, -3.73363",https://www.openstreetmap.org/?mlat=51.57956&mlon=-3.73363#map=15/51.57956/-3.73363,"https://www.google.com/maps?q=51.57956,-3.73363",thermal-anomaly cluster centroid; not a confirmed fire origin,no_current_match,0,,
HC-TA-20260812-0A23BDD,51.68423,-5.02971,12,3,"N, N20, N21","VIIRS_NOAA20_NRT, VIIRS_NOAA21_NRT, VIIRS_SNPP_NRT",2026-08-12T01:30:00+00:00,2026-08-13T03:38:00+00:00,26.13,2.4,1.56,nominal,"D,N",True,Angle,plausible,not assessed,"51.68423, -5.02971",https://www.openstreetmap.org/?mlat=51.68423&mlon=-5.02971#map=15/51.68423/-5.02971,"https://www.google.com/maps?q=51.68423,-5.02971",thermal-anomaly cluster centroid; not a confirmed fire origin,no_current_match,0,,
HC-TA-20260812-3E83B08,51.67452,-3.45188,11,3,"N, N20, N21","VIIRS_NOAA20_NRT, VIIRS_NOAA21_NRT, VIIRS_SNPP_NRT",2026-08-12T01:11:00+00:00,2026-08-12T12:59:00+00:00,11.8,6.23,2.2,nominal,"D,N",True,Ferndale,plausible,not assessed,"51.67452, -3.45188",https://www.openstreetmap.org/?mlat=51.67452&mlon=-3.45188#map=15/51.67452/-3.45188,"https://www.google.com/maps?q=51.67452,-3.45188",thermal-anomaly cluster centroid; not a confirmed fire origin,no_current_match,0,,
HC-TA-20260813-B51B3F3,51.49798,-3.40884,5,3,"N, N20, N21","VIIRS_NOAA20_NRT, VIIRS_NOAA21_NRT, VIIRS_SNPP_NRT",2026-08-13T11:47:00+00:00,2026-08-13T12:40:00+00:00,0.88,9.02,6.38,nominal,D,True,Welsh St. Donats,plausible,not assessed,"51.49798, -3.40884",https://www.openstreetmap.org/?mlat=51.49798&mlon=-3.40884#map=15/51.49798/-3.40884,"https://www.google.com/maps?q=51.49798,-3.40884",thermal-anomaly cluster centroid; not a confirmed fire origin,no_current_match,0,,
HC-TA-20260812-631BF88,51.39794,-3.39573,5,3,"N, N20, N21","VIIRS_NOAA20_NRT, VIIRS_NOAA21_NRT, VIIRS_SNPP_NRT",2026-08-12T02:15:00+00:00,2026-08-12T03:13:00+00:00,0.97,1.35,0.85,nominal,N,True,"Gileston,St. Athan,Flemingston",plausible,not assessed,"51.39794, -3.39573",https://www.openstreetmap.org/?mlat=51.39794&mlon=-3.39573#map=15/51.39794/-3.39573,"https://www.google.com/maps?q=51.39794,-3.39573",thermal-anomaly cluster centroid; not a confirmed fire origin,no_current_match,0,,
HC-TA-20260813-0A1D515,52.15832,-3.5517,4,3,"N, N20, N21","VIIRS_NOAA20_NRT, VIIRS_NOAA21_NRT, VIIRS_SNPP_NRT",2026-08-13T12:21:00+00:00,2026-08-13T13:25:00+00:00,1.07,4.16,3.53,nominal,D,True,"Llanfihangel Brynpabuan and Llysdin,Llanafanfawr",plausible,not assessed,"52.15832, -3.55170",https://www.openstreetmap.org/?mlat=52.15832&mlon=-3.55170#map=15/52.15832/-3.55170,"https://www.google.com/maps?q=52.15832,-3.55170",thermal-anomaly cluster centroid; not a confirmed fire origin,no_current_match,0,,
HC-TA-20260813-5B5BE4A,51.39727,-3.39344,4,3,"N, N20, N21","VIIRS_NOAA20_NRT, VIIRS_NOAA21_NRT, VIIRS_SNPP_NRT",2026-08-13T01:58:00+00:00,2026-08-13T03:38:00+00:00,1.67,1.29,0.98,nominal,N,True,Rhoose,plausible,not assessed,"51.39727, -3.39344",https://www.openstreetmap.org/?mlat=51.39727&mlon=-3.39344#map=15/51.39727/-3.39344,"https://www.google.com/maps?q=51.39727,-3.39344",thermal-anomaly cluster centroid; not a confirmed fire origin,no_current_match,0,,
HC-TA-20260813-A89900B,51.63208,-3.15633,4,3,"N, N20, N21","VIIRS_NOAA20_NRT, VIIRS_NOAA21_NRT, VIIRS_SNPP_NRT",2026-08-13T01:58:00+00:00,2026-08-13T02:51:00+00:00,0.88,1.23,0.88,nominal,N,True,Ynysddu,plausible,not assessed,"51.63208, -3.15633",https://www.openstreetmap.org/?mlat=51.63208&mlon=-3.15633#map=15/51.63208/-3.15633,"https://www.google.com/maps?q=51.63208,-3.15633",thermal-anomaly cluster centroid; not a confirmed fire origin,no_current_match,0,,
HC-TA-20260812-38E435C,52.90134,-4.46007,2,1,N20,VIIRS_NOAA20_NRT,2026-08-12T12:59:00+00:00,2026-08-12T12:59:00+00:00,0.0,3.14,2.67,nominal,D,True,"Abererch,Efail-newydd,Pentre-uchaf,Y Ffr",plausible,not assessed,"52.90134, -4.46007",https://www.openstreetmap.org/?mlat=52.90134&mlon=-4.46007#map=15/52.90134/-4.46007,"https://www.google.com/maps?q=52.90134,-4.46007",thermal-anomaly cluster centroid; not a confirmed fire origin,no_current_match,0,,
HC-TA-20260813-4052B22,52.11184,-3.63681,1,1,N21,VIIRS_NOAA21_NRT,2026-08-13T11:47:00+00:00,2026-08-13T11:47:00+00:00,0.0,4.92,4.92,nominal,D,True,Llanwrtyd Wells,low,not assessed,"52.11184, -3.63681",https://www.openstreetmap.org/?mlat=52.11184&mlon=-3.63681#map=15/52.11184/-3.63681,"https://www.google.com/maps?q=52.11184,-3.63681",thermal-anomaly cluster centroid; not a confirmed fire origin,no_current_match,0,,
HC-TA-20260812-27B6973,51.78561,-3.73241,1,1,N20,VIIRS_NOAA20_NRT,2026-08-12T12:59:00+00:00,2026-08-12T12:59:00+00:00,0.0,4.58,4.58,nominal,D,True,"Aber-Craf,Ystradgynlais,Ynyscedwyn,Cwm-Twrch",low,not assessed,"51.78561, -3.73241",https://www.openstreetmap.org/?mlat=51.78561&mlon=-3.73241#map=15/51.78561/-3.73241,"https://www.google.com/maps?q=51.78561,-3.73241",thermal-anomaly cluster centroid; not a confirmed fire origin,no_current_match,0,,
HC-TA-20260813-C966462,51.57409,-3.1856,1,1,N21,VIIRS_NOAA21_NRT,2026-08-13T13:25:00+00:00,2026-08-13T13:25:00+00:00,0.0,3.23,3.23,nominal,D,True,"Llanfedw,Rhydygwern,Rudry",low,not assessed,"51.57409, -3.18560",https://www.openstreetmap.org/?mlat=51.57409&mlon=-3.18560#map=15/51.57409/-3.18560,"https://www.google.com/maps?q=51.57409,-3.18560",thermal-anomaly cluster centroid; not a confirmed fire origin,no_current_match,0,,
HC-TA-20260813-B3D05BB,51.55576,-2.95817,1,1,N20,VIIRS_NOAA20_NRT,2026-08-13T12:40:00+00:00,2026-08-13T12:40:00+00:00,0.0,1.35,1.35,nominal,D,True,Nash,low,not assessed,"51.55576, -2.95817",https://www.openstreetmap.org/?mlat=51.55576&mlon=-2.95817#map=15/51.55576/-2.95817,"https://www.google.com/maps?q=51.55576,-2.95817",thermal-anomaly cluster centroid; not a confirmed fire origin,no_current_match,0,,
HC-TA-20260812-056CFE8,51.57549,-3.18547,1,1,N21,VIIRS_NOAA21_NRT,2026-08-12T02:15:00+00:00,2026-08-12T02:15:00+00:00,0.0,0.83,0.83,nominal,N,True,"Llanfedw,Rhydygwern,Rudry",low,not assessed,"51.57549, -3.18547",https://www.openstreetmap.org/?mlat=51.57549&mlon=-3.18547#map=15/51.57549/-3.18547,"https://www.google.com/maps?q=51.57549,-3.18547",thermal-anomaly cluster centroid; not a confirmed fire origin,no_current_match,0,,
HC-TA-20260812-321564F,51.48139,-3.14003,1,1,N,VIIRS_SNPP_NRT,2026-08-12T02:51:00+00:00,2026-08-12T02:51:00+00:00,0.0,0.59,0.59,nominal,N,True,Tremorfa,low,not assessed,"51.48139, -3.14003",https://www.openstreetmap.org/?mlat=51.48139&mlon=-3.14003#map=15/51.48139/-3.14003,"https://www.google.com/maps?q=51.48139,-3.14003",thermal-anomaly cluster centroid; not a confirmed fire origin,no_current_match,0,,
HC-TA-20260812-044F5EA,53.15109,-3.05939,1,1,N21,VIIRS_NOAA21_NRT,2026-08-12T02:15:00+00:00,2026-08-12T02:15:00+00:00,0.0,0.45,0.45,nominal,N,True,"Bistre West,Bistre East,Pentrobin,Mountain",low,not assessed,"53.15109, -3.05939",https://www.openstreetmap.org/?mlat=53.15109&mlon=-3.05939#map=15/53.15109/-3.05939,"https://www.google.com/maps?q=53.15109,-3.05939",thermal-anomaly cluster centroid; not a confirmed fire origin,known_recent_wildfire_site,2,Hope Mountain wildfire,5.244
HC-TA-20260813-47E7D28,51.64457,-3.93045,1,1,N,VIIRS_SNPP_NRT,2026-08-13T02:34:00+00:00,2026-08-13T02:34:00+00:00,0.0,0.35,0.35,nominal,N,True,Bonymaen,low,not assessed,"51.64457, -3.93045",https://www.openstreetmap.org/?mlat=51.64457&mlon=-3.93045#map=15/51.64457/-3.93045,"https://www.google.com/maps?q=51.64457,-3.93045",thermal-anomaly cluster centroid; not a confirmed fire origin,no_current_match,0,,
