date,sst_c,clim_sst_c,anomaly_c
1870-01-01 00:00:00+00:00,8.7317,9.8286,-1.0970
1870-02-01 00:00:00+00:00,7.7424,8.9794,-1.2370
1870-03-01 00:00:00+00:00,7.8641,8.7042,-0.8401
1870-04-01 00:00:00+00:00,8.7469,9.5414,-0.7945
1870-05-01 00:00:00+00:00,10.3754,11.1406,-0.7652
1870-06-01 00:00:00+00:00,12.6280,13.4325,-0.8045
1870-07-01 00:00:00+00:00,14.8085,15.3079,-0.4994
1870-08-01 00:00:00+00:00,15.9519,16.2735,-0.3216
1870-09-01 00:00:00+00:00,16.0064,15.7145,0.2918
1870-10-01 00:00:00+00:00,14.5547,14.4542,0.1005
1870-11-01 00:00:00+00:00,12.4507,12.6608,-0.2100
1870-12-01 00:00:00+00:00,10.2950,11.0241,-0.7291
1871-01-01 00:00:00+00:00,9.0224,9.8286,-0.8062
1871-02-01 00:00:00+00:00,7.9049,8.9794,-1.0744
1871-03-01 00:00:00+00:00,8.1832,8.7042,-0.5210
1871-04-01 00:00:00+00:00,8.9427,9.5414,-0.5987
1871-05-01 00:00:00+00:00,10.2763,11.1406,-0.8643
1871-06-01 00:00:00+00:00,12.3669,13.4325,-1.0656
1871-07-01 00:00:00+00:00,14.6152,15.3079,-0.6927
1871-08-01 00:00:00+00:00,15.7072,16.2735,-0.5663
1871-09-01 00:00:00+00:00,15.0575,15.7145,-0.6570
1871-10-01 00:00:00+00:00,13.5097,14.4542,-0.9445
1871-11-01 00:00:00+00:00,11.6825,12.6608,-0.9783
1871-12-01 00:00:00+00:00,10.2339,11.0241,-0.7901
1872-01-01 00:00:00+00:00,9.1566,9.8286,-0.6721
1872-02-01 00:00:00+00:00,8.4601,8.9794,-0.5192
1872-03-01 00:00:00+00:00,8.1976,8.7042,-0.5066
1872-04-01 00:00:00+00:00,8.7053,9.5414,-0.8361
1872-05-01 00:00:00+00:00,10.5172,11.1406,-0.6233
1872-06-01 00:00:00+00:00,12.8264,13.4325,-0.6061
1872-07-01 00:00:00+00:00,14.7390,15.3079,-0.5689
1872-08-01 00:00:00+00:00,15.9168,16.2735,-0.3567
1872-09-01 00:00:00+00:00,14.8677,15.7145,-0.8468
1872-10-01 00:00:00+00:00,13.6483,14.4542,-0.8059
1872-11-01 00:00:00+00:00,11.4615,12.6608,-1.1992
1872-12-01 00:00:00+00:00,10.1455,11.0241,-0.8786
1873-01-01 00:00:00+00:00,9.0725,9.8286,-0.7561
1873-02-01 00:00:00+00:00,8.0077,8.9794,-0.9717
1873-03-01 00:00:00+00:00,7.7064,8.7042,-0.9979
1873-04-01 00:00:00+00:00,8.6382,9.5414,-0.9032
1873-05-01 00:00:00+00:00,10.4416,11.1406,-0.6989
1873-06-01 00:00:00+00:00,12.8472,13.4325,-0.5852
1873-07-01 00:00:00+00:00,14.8205,15.3079,-0.4874
1873-08-01 00:00:00+00:00,15.5583,16.2735,-0.7152
1873-09-01 00:00:00+00:00,15.1762,15.7145,-0.5383
1873-10-01 00:00:00+00:00,13.7867,14.4542,-0.6676
1873-11-01 00:00:00+00:00,11.9525,12.6608,-0.7083
1873-12-01 00:00:00+00:00,10.2411,11.0241,-0.7830
1874-01-01 00:00:00+00:00,9.5839,9.8286,-0.2447
1874-02-01 00:00:00+00:00,8.6868,8.9794,-0.2925
1874-03-01 00:00:00+00:00,8.7482,8.7042,0.0440
1874-04-01 00:00:00+00:00,9.4250,9.5414,-0.1164
1874-05-01 00:00:00+00:00,10.9367,11.1406,-0.2039
1874-06-01 00:00:00+00:00,13.1240,13.4325,-0.3085
1874-07-01 00:00:00+00:00,14.7715,15.3079,-0.5364
1874-08-01 00:00:00+00:00,15.2452,16.2735,-1.0283
1874-09-01 00:00:00+00:00,14.6597,15.7145,-1.0548
1874-10-01 00:00:00+00:00,13.6836,14.4542,-0.7706
1874-11-01 00:00:00+00:00,11.5398,12.6608,-1.1210
1874-12-01 00:00:00+00:00,10.1917,11.0241,-0.8324
1875-01-01 00:00:00+00:00,9.1008,9.8286,-0.7278
1875-02-01 00:00:00+00:00,8.7703,8.9794,-0.2091
1875-03-01 00:00:00+00:00,8.1992,8.7042,-0.5050
1875-04-01 00:00:00+00:00,9.0339,9.5414,-0.5075
1875-05-01 00:00:00+00:00,10.4871,11.1406,-0.6535
1875-06-01 00:00:00+00:00,12.7207,13.4325,-0.7118
1875-07-01 00:00:00+00:00,14.5835,15.3079,-0.7244
1875-08-01 00:00:00+00:00,15.9944,16.2735,-0.2790
1875-09-01 00:00:00+00:00,15.4851,15.7145,-0.2294
1875-10-01 00:00:00+00:00,14.2665,14.4542,-0.1877
1875-11-01 00:00:00+00:00,12.2227,12.6608,-0.4381
1875-12-01 00:00:00+00:00,10.7751,11.0241,-0.2490
1876-01-01 00:00:00+00:00,9.7973,9.8286,-0.0314
1876-02-01 00:00:00+00:00,8.7265,8.9794,-0.2529
1876-03-01 00:00:00+00:00,8.3112,8.7042,-0.3930
1876-04-01 00:00:00+00:00,8.6346,9.5414,-0.9068
1876-05-01 00:00:00+00:00,9.9872,11.1406,-1.1533
1876-06-01 00:00:00+00:00,12.0399,13.4325,-1.3926
1876-07-01 00:00:00+00:00,14.1429,15.3079,-1.1650
1876-08-01 00:00:00+00:00,15.3859,16.2735,-0.8876
1876-09-01 00:00:00+00:00,14.7826,15.7145,-0.9320
1876-10-01 00:00:00+00:00,13.6065,14.4542,-0.8477
1876-11-01 00:00:00+00:00,12.0374,12.6608,-0.6234
1876-12-01 00:00:00+00:00,10.5723,11.0241,-0.4518
1877-01-01 00:00:00+00:00,9.5130,9.8286,-0.3156
1877-02-01 00:00:00+00:00,8.6768,8.9794,-0.3026
1877-03-01 00:00:00+00:00,7.9223,8.7042,-0.7819
1877-04-01 00:00:00+00:00,8.3618,9.5414,-1.1796
1877-05-01 00:00:00+00:00,10.3434,11.1406,-0.7972
1877-06-01 00:00:00+00:00,12.6194,13.4325,-0.8131
1877-07-01 00:00:00+00:00,14.4729,15.3079,-0.8350
1877-08-01 00:00:00+00:00,14.8846,16.2735,-1.3889
1877-09-01 00:00:00+00:00,14.4687,15.7145,-1.2458
1877-10-01 00:00:00+00:00,13.5029,14.4542,-0.9513
1877-11-01 00:00:00+00:00,11.8490,12.6608,-0.8117
1877-12-01 00:00:00+00:00,10.7286,11.0241,-0.2955
1878-01-01 00:00:00+00:00,9.4688,9.8286,-0.3598
1878-02-01 00:00:00+00:00,8.7328,8.9794,-0.2465
1878-03-01 00:00:00+00:00,8.7163,8.7042,0.0120
1878-04-01 00:00:00+00:00,9.4454,9.5414,-0.0960
1878-05-01 00:00:00+00:00,10.7991,11.1406,-0.3414
1878-06-01 00:00:00+00:00,13.1548,13.4325,-0.2777
1878-07-01 00:00:00+00:00,15.1555,15.3079,-0.1524
1878-08-01 00:00:00+00:00,16.1621,16.2735,-0.1114
1878-09-01 00:00:00+00:00,15.7098,15.7145,-0.0047
1878-10-01 00:00:00+00:00,14.2072,14.4542,-0.2470
1878-11-01 00:00:00+00:00,12.0210,12.6608,-0.6397
1878-12-01 00:00:00+00:00,10.4202,11.0241,-0.6039
1879-01-01 00:00:00+00:00,9.0285,9.8286,-0.8001
1879-02-01 00:00:00+00:00,7.8999,8.9794,-1.0795
1879-03-01 00:00:00+00:00,7.4789,8.7042,-1.2253
1879-04-01 00:00:00+00:00,8.0023,9.5414,-1.5391
1879-05-01 00:00:00+00:00,9.8937,11.1406,-1.2469
1879-06-01 00:00:00+00:00,11.9077,13.4325,-1.5248
1879-07-01 00:00:00+00:00,14.0280,15.3079,-1.2799
1879-08-01 00:00:00+00:00,14.9242,16.2735,-1.3493
1879-09-01 00:00:00+00:00,14.9342,15.7145,-0.7803
1879-10-01 00:00:00+00:00,13.7052,14.4542,-0.7491
1879-11-01 00:00:00+00:00,11.9836,12.6608,-0.6772
1879-12-01 00:00:00+00:00,10.7844,11.0241,-0.2397
1880-01-01 00:00:00+00:00,9.7711,9.8286,-0.0575
1880-02-01 00:00:00+00:00,9.2723,8.9794,0.2929
1880-03-01 00:00:00+00:00,8.7721,8.7042,0.0679
1880-04-01 00:00:00+00:00,9.1711,9.5414,-0.3703
1880-05-01 00:00:00+00:00,10.3877,11.1406,-0.7528
1880-06-01 00:00:00+00:00,12.6104,13.4325,-0.8221
1880-07-01 00:00:00+00:00,14.7360,15.3079,-0.5719
1880-08-01 00:00:00+00:00,15.9255,16.2735,-0.3480
1880-09-01 00:00:00+00:00,15.3098,15.7145,-0.4047
1880-10-01 00:00:00+00:00,14.1075,14.4542,-0.3467
1880-11-01 00:00:00+00:00,12.0269,12.6608,-0.6339
1880-12-01 00:00:00+00:00,10.4708,11.0241,-0.5533
1881-01-01 00:00:00+00:00,9.3899,9.8286,-0.4387
1881-02-01 00:00:00+00:00,8.3258,8.9794,-0.6536
1881-03-01 00:00:00+00:00,8.2195,8.7042,-0.4848
1881-04-01 00:00:00+00:00,8.9310,9.5414,-0.6103
1881-05-01 00:00:00+00:00,10.1502,11.1406,-0.9904
1881-06-01 00:00:00+00:00,12.5788,13.4325,-0.8537
1881-07-01 00:00:00+00:00,14.4138,15.3079,-0.8941
1881-08-01 00:00:00+00:00,15.3407,16.2735,-0.9328
1881-09-01 00:00:00+00:00,14.8485,15.7145,-0.8660
1881-10-01 00:00:00+00:00,13.8628,14.4542,-0.5914
1881-11-01 00:00:00+00:00,12.1667,12.6608,-0.4941
1881-12-01 00:00:00+00:00,10.9605,11.0241,-0.0635
1882-01-01 00:00:00+00:00,9.8227,9.8286,-0.0060
1882-02-01 00:00:00+00:00,8.8261,8.9794,-0.1533
1882-03-01 00:00:00+00:00,8.3206,8.7042,-0.3836
1882-04-01 00:00:00+00:00,9.0703,9.5414,-0.4711
1882-05-01 00:00:00+00:00,10.4757,11.1406,-0.6648
1882-06-01 00:00:00+00:00,12.7085,13.4325,-0.7240
1882-07-01 00:00:00+00:00,14.4328,15.3079,-0.8751
1882-08-01 00:00:00+00:00,14.9299,16.2735,-1.3436
1882-09-01 00:00:00+00:00,14.5710,15.7145,-1.1435
1882-10-01 00:00:00+00:00,13.4252,14.4542,-1.0290
1882-11-01 00:00:00+00:00,11.9551,12.6608,-0.7057
1882-12-01 00:00:00+00:00,10.5537,11.0241,-0.4704
1883-01-01 00:00:00+00:00,9.9606,9.8286,0.1320
1883-02-01 00:00:00+00:00,8.8730,8.9794,-0.1064
1883-03-01 00:00:00+00:00,8.2896,8.7042,-0.4146
1883-04-01 00:00:00+00:00,8.8214,9.5414,-0.7200
1883-05-01 00:00:00+00:00,10.0706,11.1406,-1.0699
1883-06-01 00:00:00+00:00,12.2576,13.4325,-1.1749
1883-07-01 00:00:00+00:00,13.9949,15.3079,-1.3130
1883-08-01 00:00:00+00:00,14.8011,16.2735,-1.4724
1883-09-01 00:00:00+00:00,14.3602,15.7145,-1.3543
1883-10-01 00:00:00+00:00,13.4173,14.4542,-1.0370
1883-11-01 00:00:00+00:00,11.7960,12.6608,-0.8647
1883-12-01 00:00:00+00:00,10.3010,11.0241,-0.7231
1884-01-01 00:00:00+00:00,9.3916,9.8286,-0.4371
1884-02-01 00:00:00+00:00,8.6608,8.9794,-0.3186
1884-03-01 00:00:00+00:00,8.6851,8.7042,-0.0191
1884-04-01 00:00:00+00:00,8.9060,9.5414,-0.6354
1884-05-01 00:00:00+00:00,10.2371,11.1406,-0.9035
1884-06-01 00:00:00+00:00,12.7075,13.4325,-0.7250
1884-07-01 00:00:00+00:00,14.7379,15.3079,-0.5700
1884-08-01 00:00:00+00:00,15.8332,16.2735,-0.4402
1884-09-01 00:00:00+00:00,15.2255,15.7145,-0.4891
1884-10-01 00:00:00+00:00,14.0061,14.4542,-0.4481
1884-11-01 00:00:00+00:00,12.0235,12.6608,-0.6373
1884-12-01 00:00:00+00:00,10.3547,11.0241,-0.6694
1885-01-01 00:00:00+00:00,9.0962,9.8286,-0.7325
1885-02-01 00:00:00+00:00,8.1583,8.9794,-0.8210
1885-03-01 00:00:00+00:00,7.7603,8.7042,-0.9439
1885-04-01 00:00:00+00:00,8.1822,9.5414,-1.3592
1885-05-01 00:00:00+00:00,9.7289,11.1406,-1.4117
1885-06-01 00:00:00+00:00,11.9607,13.4325,-1.4718
1885-07-01 00:00:00+00:00,13.9438,15.3079,-1.3641
1885-08-01 00:00:00+00:00,14.9348,16.2735,-1.3387
1885-09-01 00:00:00+00:00,14.5570,15.7145,-1.1575
1885-10-01 00:00:00+00:00,13.0919,14.4542,-1.3624
1885-11-01 00:00:00+00:00,11.2658,12.6608,-1.3950
1885-12-01 00:00:00+00:00,10.1191,11.0241,-0.9050
1886-01-01 00:00:00+00:00,9.1798,9.8286,-0.6488
1886-02-01 00:00:00+00:00,7.9640,8.9794,-1.0154
1886-03-01 00:00:00+00:00,7.9304,8.7042,-0.7739
1886-04-01 00:00:00+00:00,8.8172,9.5414,-0.7242
1886-05-01 00:00:00+00:00,9.9345,11.1406,-1.2061
1886-06-01 00:00:00+00:00,12.2608,13.4325,-1.1717
1886-07-01 00:00:00+00:00,14.7479,15.3079,-0.5600
1886-08-01 00:00:00+00:00,15.1575,16.2735,-1.1160
1886-09-01 00:00:00+00:00,15.0441,15.7145,-0.6704
1886-10-01 00:00:00+00:00,13.6225,14.4542,-0.8317
1886-11-01 00:00:00+00:00,11.8341,12.6608,-0.8266
1886-12-01 00:00:00+00:00,10.3450,11.0241,-0.6791
1887-01-01 00:00:00+00:00,9.3548,9.8286,-0.4738
1887-02-01 00:00:00+00:00,8.7797,8.9794,-0.1997
1887-03-01 00:00:00+00:00,8.1033,8.7042,-0.6010
1887-04-01 00:00:00+00:00,8.6372,9.5414,-0.9042
1887-05-01 00:00:00+00:00,10.0080,11.1406,-1.1326
1887-06-01 00:00:00+00:00,13.5302,13.4325,0.0977
1887-07-01 00:00:00+00:00,15.8724,15.3079,0.5645
1887-08-01 00:00:00+00:00,16.5210,16.2735,0.2475
1887-09-01 00:00:00+00:00,14.8453,15.7145,-0.8693
1887-10-01 00:00:00+00:00,13.3348,14.4542,-1.1195
1887-11-01 00:00:00+00:00,11.2464,12.6608,-1.4144
1887-12-01 00:00:00+00:00,10.1790,11.0241,-0.8450
1888-01-01 00:00:00+00:00,8.5272,9.8286,-1.3014
1888-02-01 00:00:00+00:00,7.5306,8.9794,-1.4488
1888-03-01 00:00:00+00:00,7.1841,8.7042,-1.5202
1888-04-01 00:00:00+00:00,7.7333,9.5414,-1.8081
1888-05-01 00:00:00+00:00,9.6789,11.1406,-1.4616
1888-06-01 00:00:00+00:00,12.0827,13.4325,-1.3498
1888-07-01 00:00:00+00:00,13.7940,15.3079,-1.5139
1888-08-01 00:00:00+00:00,14.7969,16.2735,-1.4766
1888-09-01 00:00:00+00:00,14.7186,15.7145,-0.9960
1888-10-01 00:00:00+00:00,13.8625,14.4542,-0.5918
1888-11-01 00:00:00+00:00,12.5786,12.6608,-0.0821
1888-12-01 00:00:00+00:00,11.1608,11.0241,0.1367
1889-01-01 00:00:00+00:00,9.8276,9.8286,-0.0010
1889-02-01 00:00:00+00:00,8.8732,8.9794,-0.1062
1889-03-01 00:00:00+00:00,7.8202,8.7042,-0.8840
1889-04-01 00:00:00+00:00,8.5194,9.5414,-1.0220
1889-05-01 00:00:00+00:00,10.8305,11.1406,-0.3101
1889-06-01 00:00:00+00:00,12.6475,13.4325,-0.7850
1889-07-01 00:00:00+00:00,15.1521,15.3079,-0.1558
1889-08-01 00:00:00+00:00,15.1008,16.2735,-1.1727
1889-09-01 00:00:00+00:00,14.6675,15.7145,-1.0470
1889-10-01 00:00:00+00:00,13.5354,14.4542,-0.9189
1889-11-01 00:00:00+00:00,11.8050,12.6608,-0.8557
1889-12-01 00:00:00+00:00,10.5920,11.0241,-0.4321
1890-01-01 00:00:00+00:00,10.2088,9.8286,0.3801
1890-02-01 00:00:00+00:00,9.0287,8.9794,0.0493
1890-03-01 00:00:00+00:00,8.2966,8.7042,-0.4076
1890-04-01 00:00:00+00:00,8.5431,9.5414,-0.9983
1890-05-01 00:00:00+00:00,10.1242,11.1406,-1.0163
1890-06-01 00:00:00+00:00,12.5041,13.4325,-0.9284
1890-07-01 00:00:00+00:00,13.9017,15.3079,-1.4062
1890-08-01 00:00:00+00:00,15.1179,16.2735,-1.1556
1890-09-01 00:00:00+00:00,14.9478,15.7145,-0.7667
1890-10-01 00:00:00+00:00,13.8398,14.4542,-0.6145
1890-11-01 00:00:00+00:00,11.8034,12.6608,-0.8574
1890-12-01 00:00:00+00:00,9.7176,11.0241,-1.3064
1891-01-01 00:00:00+00:00,8.5591,9.8286,-1.2695
1891-02-01 00:00:00+00:00,8.4545,8.9794,-0.5249
1891-03-01 00:00:00+00:00,7.6369,8.7042,-1.0674
1891-04-01 00:00:00+00:00,8.4960,9.5414,-1.0453
1891-05-01 00:00:00+00:00,10.1732,11.1406,-0.9674
1891-06-01 00:00:00+00:00,12.7466,13.4325,-0.6859
1891-07-01 00:00:00+00:00,14.5930,15.3079,-0.7149
1891-08-01 00:00:00+00:00,15.3859,16.2735,-0.8875
1891-09-01 00:00:00+00:00,14.6859,15.7145,-1.0286
1891-10-01 00:00:00+00:00,13.5053,14.4542,-0.9490
1891-11-01 00:00:00+00:00,11.8618,12.6608,-0.7989
1891-12-01 00:00:00+00:00,10.4784,11.0241,-0.5457
1892-01-01 00:00:00+00:00,9.3154,9.8286,-0.5132
1892-02-01 00:00:00+00:00,8.1326,8.9794,-0.8468
1892-03-01 00:00:00+00:00,7.7339,8.7042,-0.9703
1892-04-01 00:00:00+00:00,8.6939,9.5414,-0.8475
1892-05-01 00:00:00+00:00,10.4906,11.1406,-0.6500
1892-06-01 00:00:00+00:00,12.9340,13.4325,-0.4985
1892-07-01 00:00:00+00:00,14.4320,15.3079,-0.8759
1892-08-01 00:00:00+00:00,15.0690,16.2735,-1.2045
1892-09-01 00:00:00+00:00,14.5052,15.7145,-1.2093
1892-10-01 00:00:00+00:00,13.2986,14.4542,-1.1557
1892-11-01 00:00:00+00:00,11.6190,12.6608,-1.0418
1892-12-01 00:00:00+00:00,10.2927,11.0241,-0.7314
1893-01-01 00:00:00+00:00,9.1911,9.8286,-0.6376
1893-02-01 00:00:00+00:00,8.4493,8.9794,-0.5301
1893-03-01 00:00:00+00:00,8.6570,8.7042,-0.0472
1893-04-01 00:00:00+00:00,9.7462,9.5414,0.2048
1893-05-01 00:00:00+00:00,11.7644,11.1406,0.6238
1893-06-01 00:00:00+00:00,14.0743,13.4325,0.6418
1893-07-01 00:00:00+00:00,15.5439,15.3079,0.2359
1893-08-01 00:00:00+00:00,16.5999,16.2735,0.3264
1893-09-01 00:00:00+00:00,15.7438,15.7145,0.0293
1893-10-01 00:00:00+00:00,14.3899,14.4542,-0.0643
1893-11-01 00:00:00+00:00,12.0179,12.6608,-0.6428
1893-12-01 00:00:00+00:00,10.1591,11.0241,-0.8650
1894-01-01 00:00:00+00:00,8.8958,9.8286,-0.9328
1894-02-01 00:00:00+00:00,8.5453,8.9794,-0.4341
1894-03-01 00:00:00+00:00,8.3325,8.7042,-0.3717
1894-04-01 00:00:00+00:00,9.5099,9.5414,-0.0315
1894-05-01 00:00:00+00:00,10.2451,11.1406,-0.8955
1894-06-01 00:00:00+00:00,12.2686,13.4325,-1.1639
1894-07-01 00:00:00+00:00,14.2502,15.3079,-1.0578
1894-08-01 00:00:00+00:00,15.3664,16.2735,-0.9071
1894-09-01 00:00:00+00:00,14.8191,15.7145,-0.8954
1894-10-01 00:00:00+00:00,13.8119,14.4542,-0.6423
1894-11-01 00:00:00+00:00,12.3762,12.6608,-0.2846
1894-12-01 00:00:00+00:00,10.7176,11.0241,-0.3065
1895-01-01 00:00:00+00:00,8.9546,9.8286,-0.8740
1895-02-01 00:00:00+00:00,7.5770,8.9794,-1.4024
1895-03-01 00:00:00+00:00,7.2670,8.7042,-1.4372
1895-04-01 00:00:00+00:00,8.2983,9.5414,-1.2431
1895-05-01 00:00:00+00:00,10.4193,11.1406,-0.7213
1895-06-01 00:00:00+00:00,13.1908,13.4325,-0.2417
1895-07-01 00:00:00+00:00,14.5216,15.3079,-0.7863
1895-08-01 00:00:00+00:00,15.0350,16.2735,-1.2385
1895-09-01 00:00:00+00:00,15.9056,15.7145,0.1911
1895-10-01 00:00:00+00:00,14.3775,14.4542,-0.0767
1895-11-01 00:00:00+00:00,12.3518,12.6608,-0.3089
1895-12-01 00:00:00+00:00,10.6556,11.0241,-0.3684
1896-01-01 00:00:00+00:00,10.2767,9.8286,0.4480
1896-02-01 00:00:00+00:00,9.7447,8.9794,0.7653
1896-03-01 00:00:00+00:00,9.0965,8.7042,0.3923
1896-04-01 00:00:00+00:00,9.8391,9.5414,0.2977
1896-05-01 00:00:00+00:00,11.5024,11.1406,0.3618
1896-06-01 00:00:00+00:00,13.8127,13.4325,0.3802
1896-07-01 00:00:00+00:00,15.2297,15.3079,-0.0783
1896-08-01 00:00:00+00:00,15.6668,16.2735,-0.6067
1896-09-01 00:00:00+00:00,14.7591,15.7145,-0.9554
1896-10-01 00:00:00+00:00,12.8007,14.4542,-1.6536
1896-11-01 00:00:00+00:00,11.0377,12.6608,-1.6231
1896-12-01 00:00:00+00:00,9.6347,11.0241,-1.3894
1897-01-01 00:00:00+00:00,8.8493,9.8286,-0.9793
1897-02-01 00:00:00+00:00,7.9053,8.9794,-1.0740
1897-03-01 00:00:00+00:00,8.2644,8.7042,-0.4398
1897-04-01 00:00:00+00:00,8.9525,9.5414,-0.5889
1897-05-01 00:00:00+00:00,10.4904,11.1406,-0.6502
1897-06-01 00:00:00+00:00,13.0042,13.4325,-0.4283
1897-07-01 00:00:00+00:00,14.9762,15.3079,-0.3317
1897-08-01 00:00:00+00:00,15.8790,16.2735,-0.3945
1897-09-01 00:00:00+00:00,14.5272,15.7145,-1.1873
1897-10-01 00:00:00+00:00,14.0515,14.4542,-0.4028
1897-11-01 00:00:00+00:00,12.5234,12.6608,-0.1374
1897-12-01 00:00:00+00:00,11.1806,11.0241,0.1565
1898-01-01 00:00:00+00:00,10.1478,9.8286,0.3192
1898-02-01 00:00:00+00:00,9.3796,8.9794,0.4002
1898-03-01 00:00:00+00:00,8.4544,8.7042,-0.2498
1898-04-01 00:00:00+00:00,9.5321,9.5414,-0.0093
1898-05-01 00:00:00+00:00,10.2264,11.1406,-0.9141
1898-06-01 00:00:00+00:00,12.9247,13.4325,-0.5077
1898-07-01 00:00:00+00:00,14.5243,15.3079,-0.7836
1898-08-01 00:00:00+00:00,15.7807,16.2735,-0.4928
1898-09-01 00:00:00+00:00,15.9112,15.7145,0.1967
1898-10-01 00:00:00+00:00,14.6993,14.4542,0.2451
1898-11-01 00:00:00+00:00,12.4598,12.6608,-0.2010
1898-12-01 00:00:00+00:00,10.5316,11.0241,-0.4925
1899-01-01 00:00:00+00:00,10.3100,9.8286,0.4813
1899-02-01 00:00:00+00:00,9.0311,8.9794,0.0517
1899-03-01 00:00:00+00:00,8.7399,8.7042,0.0357
1899-04-01 00:00:00+00:00,9.4085,9.5414,-0.1329
1899-05-01 00:00:00+00:00,11.0361,11.1406,-0.1045
1899-06-01 00:00:00+00:00,13.6090,13.4325,0.1765
1899-07-01 00:00:00+00:00,15.2198,15.3079,-0.0881
1899-08-01 00:00:00+00:00,17.1050,16.2735,0.8315
1899-09-01 00:00:00+00:00,15.7292,15.7145,0.0147
1899-10-01 00:00:00+00:00,13.8753,14.4542,-0.5789
1899-11-01 00:00:00+00:00,12.5499,12.6608,-0.1108
1899-12-01 00:00:00+00:00,10.9548,11.0241,-0.0692
1900-01-01 00:00:00+00:00,9.7260,9.8286,-0.1027
1900-02-01 00:00:00+00:00,8.6516,8.9794,-0.3278
1900-03-01 00:00:00+00:00,7.9663,8.7042,-0.7379
1900-04-01 00:00:00+00:00,8.6914,9.5414,-0.8499
1900-05-01 00:00:00+00:00,10.0961,11.1406,-1.0444
1900-06-01 00:00:00+00:00,12.5456,13.4325,-0.8868
1900-07-01 00:00:00+00:00,14.6408,15.3079,-0.6671
1900-08-01 00:00:00+00:00,15.8411,16.2735,-0.4324
1900-09-01 00:00:00+00:00,15.2460,15.7145,-0.4685
1900-10-01 00:00:00+00:00,14.0900,14.4542,-0.3642
1900-11-01 00:00:00+00:00,12.4188,12.6608,-0.2419
1900-12-01 00:00:00+00:00,10.7272,11.0241,-0.2969
1901-01-01 00:00:00+00:00,9.3466,9.8286,-0.4821
1901-02-01 00:00:00+00:00,8.0035,8.9794,-0.9759
1901-03-01 00:00:00+00:00,7.5917,8.7042,-1.1125
1901-04-01 00:00:00+00:00,8.5901,9.5414,-0.9513
1901-05-01 00:00:00+00:00,10.0508,11.1406,-1.0898
1901-06-01 00:00:00+00:00,12.7536,13.4325,-0.6789
1901-07-01 00:00:00+00:00,14.6509,15.3079,-0.6571
1901-08-01 00:00:00+00:00,15.3311,16.2735,-0.9424
1901-09-01 00:00:00+00:00,14.9209,15.7145,-0.7936
1901-10-01 00:00:00+00:00,13.6622,14.4542,-0.7920
1901-11-01 00:00:00+00:00,11.7496,12.6608,-0.9112
1901-12-01 00:00:00+00:00,10.0822,11.0241,-0.9419
1902-01-01 00:00:00+00:00,8.5837,9.8286,-1.2449
1902-02-01 00:00:00+00:00,7.7581,8.9794,-1.2213
1902-03-01 00:00:00+00:00,7.8056,8.7042,-0.8986
1902-04-01 00:00:00+00:00,8.4109,9.5414,-1.1305
1902-05-01 00:00:00+00:00,9.5826,11.1406,-1.5580
1902-06-01 00:00:00+00:00,11.6648,13.4325,-1.7677
1902-07-01 00:00:00+00:00,14.0329,15.3079,-1.2750
1902-08-01 00:00:00+00:00,14.9545,16.2735,-1.3190
1902-09-01 00:00:00+00:00,14.5688,15.7145,-1.1457
1902-10-01 00:00:00+00:00,13.3966,14.4542,-1.0577
1902-11-01 00:00:00+00:00,12.0400,12.6608,-0.6208
1902-12-01 00:00:00+00:00,9.9000,11.0241,-1.1240
1903-01-01 00:00:00+00:00,9.1719,9.8286,-0.6567
1903-02-01 00:00:00+00:00,8.8275,8.9794,-0.1519
1903-03-01 00:00:00+00:00,8.1342,8.7042,-0.5700
1903-04-01 00:00:00+00:00,8.5772,9.5414,-0.9642
1903-05-01 00:00:00+00:00,9.8548,11.1406,-1.2858
1903-06-01 00:00:00+00:00,12.2422,13.4325,-1.1903
1903-07-01 00:00:00+00:00,14.6375,15.3079,-0.6704
1903-08-01 00:00:00+00:00,14.8495,16.2735,-1.4240
1903-09-01 00:00:00+00:00,14.0888,15.7145,-1.6257
1903-10-01 00:00:00+00:00,13.4828,14.4542,-0.9714
1903-11-01 00:00:00+00:00,12.2315,12.6608,-0.4293
1903-12-01 00:00:00+00:00,9.8538,11.0241,-1.1703
1904-01-01 00:00:00+00:00,9.0776,9.8286,-0.7510
1904-02-01 00:00:00+00:00,8.1181,8.9794,-0.8613
1904-03-01 00:00:00+00:00,7.4674,8.7042,-1.2368
1904-04-01 00:00:00+00:00,8.4000,9.5414,-1.1414
1904-05-01 00:00:00+00:00,9.9482,11.1406,-1.1923
1904-06-01 00:00:00+00:00,11.9890,13.4325,-1.4435
1904-07-01 00:00:00+00:00,14.1842,15.3079,-1.1237
1904-08-01 00:00:00+00:00,15.4440,16.2735,-0.8295
1904-09-01 00:00:00+00:00,14.6631,15.7145,-1.0514
1904-10-01 00:00:00+00:00,13.5863,14.4542,-0.8679
1904-11-01 00:00:00+00:00,12.2366,12.6608,-0.4242
1904-12-01 00:00:00+00:00,10.8103,11.0241,-0.2137
1905-01-01 00:00:00+00:00,9.2855,9.8286,-0.5431
1905-02-01 00:00:00+00:00,8.8416,8.9794,-0.1378
1905-03-01 00:00:00+00:00,8.2047,8.7042,-0.4995
1905-04-01 00:00:00+00:00,8.8662,9.5414,-0.6752
1905-05-01 00:00:00+00:00,10.1226,11.1406,-1.0179
1905-06-01 00:00:00+00:00,12.9111,13.4325,-0.5214
1905-07-01 00:00:00+00:00,15.5099,15.3079,0.2020
1905-08-01 00:00:00+00:00,15.1297,16.2735,-1.1438
1905-09-01 00:00:00+00:00,14.1565,15.7145,-1.5581
1905-10-01 00:00:00+00:00,12.6996,14.4542,-1.7546
1905-11-01 00:00:00+00:00,11.1052,12.6608,-1.5555
1905-12-01 00:00:00+00:00,10.0658,11.0241,-0.9582
1906-01-01 00:00:00+00:00,9.3655,9.8286,-0.4631
1906-02-01 00:00:00+00:00,8.3886,8.9794,-0.5908
1906-03-01 00:00:00+00:00,7.7398,8.7042,-0.9644
1906-04-01 00:00:00+00:00,8.0875,9.5414,-1.4539
1906-05-01 00:00:00+00:00,9.3737,11.1406,-1.7668
1906-06-01 00:00:00+00:00,12.5071,13.4325,-0.9254
1906-07-01 00:00:00+00:00,14.2441,15.3079,-1.0638
1906-08-01 00:00:00+00:00,15.4056,16.2735,-0.8679
1906-09-01 00:00:00+00:00,15.3032,15.7145,-0.4114
1906-10-01 00:00:00+00:00,14.0086,14.4542,-0.4456
1906-11-01 00:00:00+00:00,11.8284,12.6608,-0.8323
1906-12-01 00:00:00+00:00,10.4434,11.0241,-0.5806
1907-01-01 00:00:00+00:00,9.4294,9.8286,-0.3993
1907-02-01 00:00:00+00:00,7.9615,8.9794,-1.0179
1907-03-01 00:00:00+00:00,7.8311,8.7042,-0.8731
1907-04-01 00:00:00+00:00,8.6227,9.5414,-0.9186
1907-05-01 00:00:00+00:00,9.7348,11.1406,-1.4058
1907-06-01 00:00:00+00:00,11.9516,13.4325,-1.4809
1907-07-01 00:00:00+00:00,13.3352,15.3079,-1.9727
1907-08-01 00:00:00+00:00,14.4385,16.2735,-1.8350
1907-09-01 00:00:00+00:00,15.1333,15.7145,-0.5812
1907-10-01 00:00:00+00:00,13.6646,14.4542,-0.7896
1907-11-01 00:00:00+00:00,12.1008,12.6608,-0.5600
1907-12-01 00:00:00+00:00,10.6790,11.0241,-0.3450
1908-01-01 00:00:00+00:00,9.3009,9.8286,-0.5277
1908-02-01 00:00:00+00:00,8.5961,8.9794,-0.3833
1908-03-01 00:00:00+00:00,7.9140,8.7042,-0.7902
1908-04-01 00:00:00+00:00,8.2879,9.5414,-1.2535
1908-05-01 00:00:00+00:00,10.0455,11.1406,-1.0951
1908-06-01 00:00:00+00:00,12.1806,13.4325,-1.2519
1908-07-01 00:00:00+00:00,14.2454,15.3079,-1.0625
1908-08-01 00:00:00+00:00,15.1345,16.2735,-1.1390
1908-09-01 00:00:00+00:00,14.4559,15.7145,-1.2587
1908-10-01 00:00:00+00:00,14.4556,14.4542,0.0014
1908-11-01 00:00:00+00:00,12.8335,12.6608,0.1727
1908-12-01 00:00:00+00:00,11.2121,11.0241,0.1880
1909-01-01 00:00:00+00:00,10.0568,9.8286,0.2282
1909-02-01 00:00:00+00:00,8.8920,8.9794,-0.0873
1909-03-01 00:00:00+00:00,7.8809,8.7042,-0.8233
1909-04-01 00:00:00+00:00,8.8910,9.5414,-0.6504
1909-05-01 00:00:00+00:00,10.2134,11.1406,-0.9272
1909-06-01 00:00:00+00:00,12.1507,13.4325,-1.2818
1909-07-01 00:00:00+00:00,13.5169,15.3079,-1.7910
1909-08-01 00:00:00+00:00,15.0633,16.2735,-1.2102
1909-09-01 00:00:00+00:00,14.4902,15.7145,-1.2243
1909-10-01 00:00:00+00:00,13.9477,14.4542,-0.5065
1909-11-01 00:00:00+00:00,11.6379,12.6608,-1.0229
1909-12-01 00:00:00+00:00,10.0905,11.0241,-0.9336
1910-01-01 00:00:00+00:00,9.3449,9.8286,-0.4837
1910-02-01 00:00:00+00:00,8.5834,8.9794,-0.3960
1910-03-01 00:00:00+00:00,8.4209,8.7042,-0.2833
1910-04-01 00:00:00+00:00,8.8030,9.5414,-0.7384
1910-05-01 00:00:00+00:00,10.1567,11.1406,-0.9838
1910-06-01 00:00:00+00:00,12.6182,13.4325,-0.8142
1910-07-01 00:00:00+00:00,13.5845,15.3079,-1.7234
1910-08-01 00:00:00+00:00,14.6945,16.2735,-1.5790
1910-09-01 00:00:00+00:00,14.7551,15.7145,-0.9594
1910-10-01 00:00:00+00:00,13.9110,14.4542,-0.5433
1910-11-01 00:00:00+00:00,11.8412,12.6608,-0.8196
1910-12-01 00:00:00+00:00,10.3913,11.0241,-0.6328
1911-01-01 00:00:00+00:00,9.2850,9.8286,-0.5437
1911-02-01 00:00:00+00:00,8.5044,8.9794,-0.4750
1911-03-01 00:00:00+00:00,8.1972,8.7042,-0.5070
1911-04-01 00:00:00+00:00,8.6136,9.5414,-0.9278
1911-05-01 00:00:00+00:00,10.6168,11.1406,-0.5238
1911-06-01 00:00:00+00:00,13.1234,13.4325,-0.3091
1911-07-01 00:00:00+00:00,14.9698,15.3079,-0.3381
1911-08-01 00:00:00+00:00,16.6862,16.2735,0.4127
1911-09-01 00:00:00+00:00,15.7961,15.7145,0.0816
1911-10-01 00:00:00+00:00,14.1006,14.4542,-0.3537
1911-11-01 00:00:00+00:00,11.6638,12.6608,-0.9970
1911-12-01 00:00:00+00:00,10.3736,11.0241,-0.6505
1912-01-01 00:00:00+00:00,9.6374,9.8286,-0.1913
1912-02-01 00:00:00+00:00,8.9991,8.9794,0.0197
1912-03-01 00:00:00+00:00,8.9064,8.7042,0.2022
1912-04-01 00:00:00+00:00,9.8257,9.5414,0.2843
1912-05-01 00:00:00+00:00,11.4022,11.1406,0.2616
1912-06-01 00:00:00+00:00,13.2224,13.4325,-0.2100
1912-07-01 00:00:00+00:00,14.3843,15.3079,-0.9236
1912-08-01 00:00:00+00:00,14.3301,16.2735,-1.9434
1912-09-01 00:00:00+00:00,14.0257,15.7145,-1.6889
1912-10-01 00:00:00+00:00,13.0745,14.4542,-1.3797
1912-11-01 00:00:00+00:00,11.6533,12.6608,-1.0074
1912-12-01 00:00:00+00:00,10.7089,11.0241,-0.3152
1913-01-01 00:00:00+00:00,9.9391,9.8286,0.1105
1913-02-01 00:00:00+00:00,8.9472,8.9794,-0.0322
1913-03-01 00:00:00+00:00,8.6069,8.7042,-0.0973
1913-04-01 00:00:00+00:00,8.7797,9.5414,-0.7617
1913-05-01 00:00:00+00:00,10.1987,11.1406,-0.9418
1913-06-01 00:00:00+00:00,12.1060,13.4325,-1.3265
1913-07-01 00:00:00+00:00,14.1784,15.3079,-1.1295
1913-08-01 00:00:00+00:00,15.7819,16.2735,-0.4916
1913-09-01 00:00:00+00:00,15.1749,15.7145,-0.5396
1913-10-01 00:00:00+00:00,14.1267,14.4542,-0.3275
1913-11-01 00:00:00+00:00,12.1901,12.6608,-0.4707
1913-12-01 00:00:00+00:00,10.7980,11.0241,-0.2260
1914-01-01 00:00:00+00:00,9.7330,9.8286,-0.0956
1914-02-01 00:00:00+00:00,9.2432,8.9794,0.2638
1914-03-01 00:00:00+00:00,8.5022,8.7042,-0.2020
1914-04-01 00:00:00+00:00,9.3824,9.5414,-0.1590
1914-05-01 00:00:00+00:00,10.5341,11.1406,-0.6064
1914-06-01 00:00:00+00:00,12.4417,13.4325,-0.9908
1914-07-01 00:00:00+00:00,14.7345,15.3079,-0.5734
1914-08-01 00:00:00+00:00,15.6139,16.2735,-0.6596
1914-09-01 00:00:00+00:00,15.2861,15.7145,-0.4284
1914-10-01 00:00:00+00:00,14.3344,14.4542,-0.1199
1914-11-01 00:00:00+00:00,12.2243,12.6608,-0.4364
1914-12-01 00:00:00+00:00,10.3773,11.0241,-0.6467
1915-01-01 00:00:00+00:00,9.1725,9.8286,-0.6561
1915-02-01 00:00:00+00:00,8.1460,8.9794,-0.8334
1915-03-01 00:00:00+00:00,7.8939,8.7042,-0.8103
1915-04-01 00:00:00+00:00,8.6771,9.5414,-0.8643
1915-05-01 00:00:00+00:00,10.5126,11.1406,-0.6279
1915-06-01 00:00:00+00:00,13.0293,13.4325,-0.4032
1915-07-01 00:00:00+00:00,14.9457,15.3079,-0.3622
1915-08-01 00:00:00+00:00,15.9971,16.2735,-0.2764
1915-09-01 00:00:00+00:00,15.6340,15.7145,-0.0805
1915-10-01 00:00:00+00:00,14.1557,14.4542,-0.2985
1915-11-01 00:00:00+00:00,11.9491,12.6608,-0.7117
1915-12-01 00:00:00+00:00,10.5950,11.0241,-0.4291
1916-01-01 00:00:00+00:00,9.4393,9.8286,-0.3894
1916-02-01 00:00:00+00:00,8.7171,8.9794,-0.2623
1916-03-01 00:00:00+00:00,8.2341,8.7042,-0.4702
1916-04-01 00:00:00+00:00,9.0594,9.5414,-0.4820
1916-05-01 00:00:00+00:00,10.3395,11.1406,-0.8010
1916-06-01 00:00:00+00:00,12.4366,13.4325,-0.9959
1916-07-01 00:00:00+00:00,14.2033,15.3079,-1.1046
1916-08-01 00:00:00+00:00,15.5060,16.2735,-0.7675
1916-09-01 00:00:00+00:00,15.4624,15.7145,-0.2521
1916-10-01 00:00:00+00:00,14.1480,14.4542,-0.3063
1916-11-01 00:00:00+00:00,11.9614,12.6608,-0.6994
1916-12-01 00:00:00+00:00,9.9960,11.0241,-1.0281
1917-01-01 00:00:00+00:00,8.7885,9.8286,-1.0401
1917-02-01 00:00:00+00:00,7.6519,8.9794,-1.3275
1917-03-01 00:00:00+00:00,7.2054,8.7042,-1.4988
1917-04-01 00:00:00+00:00,8.1492,9.5414,-1.3921
1917-05-01 00:00:00+00:00,9.9980,11.1406,-1.1426
1917-06-01 00:00:00+00:00,12.4960,13.4325,-0.9365
1917-07-01 00:00:00+00:00,14.4592,15.3079,-0.8488
1917-08-01 00:00:00+00:00,15.1733,16.2735,-1.1002
1917-09-01 00:00:00+00:00,14.6567,15.7145,-1.0578
1917-10-01 00:00:00+00:00,13.2297,14.4542,-1.2245
1917-11-01 00:00:00+00:00,11.1786,12.6608,-1.4822
1917-12-01 00:00:00+00:00,9.5171,11.0241,-1.5070
1918-01-01 00:00:00+00:00,8.0949,9.8286,-1.7338
1918-02-01 00:00:00+00:00,7.4114,8.9794,-1.5680
1918-03-01 00:00:00+00:00,7.5910,8.7042,-1.1132
1918-04-01 00:00:00+00:00,8.5232,9.5414,-1.0182
1918-05-01 00:00:00+00:00,10.3567,11.1406,-0.7839
1918-06-01 00:00:00+00:00,12.9365,13.4325,-0.4960
1918-07-01 00:00:00+00:00,14.8479,15.3079,-0.4600
1918-08-01 00:00:00+00:00,15.5765,16.2735,-0.6970
1918-09-01 00:00:00+00:00,14.4588,15.7145,-1.2557
1918-10-01 00:00:00+00:00,13.3265,14.4542,-1.1278
1918-11-01 00:00:00+00:00,12.2531,12.6608,-0.4076
1918-12-01 00:00:00+00:00,10.3085,11.0241,-0.7156
1919-01-01 00:00:00+00:00,9.3896,9.8286,-0.4390
1919-02-01 00:00:00+00:00,8.1619,8.9794,-0.8175
1919-03-01 00:00:00+00:00,7.8912,8.7042,-0.8130
1919-04-01 00:00:00+00:00,8.6359,9.5414,-0.9055
1919-05-01 00:00:00+00:00,10.4194,11.1406,-0.7212
1919-06-01 00:00:00+00:00,12.7817,13.4325,-0.6508
1919-07-01 00:00:00+00:00,14.5511,15.3079,-0.7568
1919-08-01 00:00:00+00:00,15.4017,16.2735,-0.8718
1919-09-01 00:00:00+00:00,15.0340,15.7145,-0.6805
1919-10-01 00:00:00+00:00,13.2983,14.4542,-1.1559
1919-11-01 00:00:00+00:00,10.9074,12.6608,-1.7533
1919-12-01 00:00:00+00:00,9.7845,11.0241,-1.2396
1920-01-01 00:00:00+00:00,8.7682,9.8286,-1.0604
1920-02-01 00:00:00+00:00,8.6391,8.9794,-0.3403
1920-03-01 00:00:00+00:00,7.8881,8.7042,-0.8161
1920-04-01 00:00:00+00:00,8.9221,9.5414,-0.6193
1920-05-01 00:00:00+00:00,10.6782,11.1406,-0.4623
1920-06-01 00:00:00+00:00,12.7568,13.4325,-0.6756
1920-07-01 00:00:00+00:00,13.6623,15.3079,-1.6456
1920-08-01 00:00:00+00:00,14.5540,16.2735,-1.7195
1920-09-01 00:00:00+00:00,14.7703,15.7145,-0.9442
1920-10-01 00:00:00+00:00,14.1908,14.4542,-0.2634
1920-11-01 00:00:00+00:00,12.5512,12.6608,-0.1095
1920-12-01 00:00:00+00:00,10.8051,11.0241,-0.2190
1921-01-01 00:00:00+00:00,10.5191,9.8286,0.6904
1921-02-01 00:00:00+00:00,9.5781,8.9794,0.5987
1921-03-01 00:00:00+00:00,9.1046,8.7042,0.4004
1921-04-01 00:00:00+00:00,9.6640,9.5414,0.1226
1921-05-01 00:00:00+00:00,11.2753,11.1406,0.1347
1921-06-01 00:00:00+00:00,13.5309,13.4325,0.0984
1921-07-01 00:00:00+00:00,16.2950,15.3079,0.9871
1921-08-01 00:00:00+00:00,15.5939,16.2735,-0.6796
1921-09-01 00:00:00+00:00,15.5025,15.7145,-0.2121
1921-10-01 00:00:00+00:00,15.2304,14.4542,0.7762
1921-11-01 00:00:00+00:00,12.9907,12.6608,0.3300
1921-12-01 00:00:00+00:00,11.3896,11.0241,0.3655
1922-01-01 00:00:00+00:00,10.2664,9.8286,0.4378
1922-02-01 00:00:00+00:00,9.5461,8.9794,0.5668
1922-03-01 00:00:00+00:00,8.7186,8.7042,0.0144
1922-04-01 00:00:00+00:00,8.7199,9.5414,-0.8215
1922-05-01 00:00:00+00:00,10.5374,11.1406,-0.6031
1922-06-01 00:00:00+00:00,12.7209,13.4325,-0.7116
1922-07-01 00:00:00+00:00,12.9637,15.3079,-2.3442
1922-08-01 00:00:00+00:00,14.1484,16.2735,-2.1251
1922-09-01 00:00:00+00:00,14.0155,15.7145,-1.6990
1922-10-01 00:00:00+00:00,12.9157,14.4542,-1.5385
1922-11-01 00:00:00+00:00,11.3969,12.6608,-1.2638
1922-12-01 00:00:00+00:00,10.6689,11.0241,-0.3551
1923-01-01 00:00:00+00:00,9.7246,9.8286,-0.1040
1923-02-01 00:00:00+00:00,9.0379,8.9794,0.0585
1923-03-01 00:00:00+00:00,8.6212,8.7042,-0.0830
1923-04-01 00:00:00+00:00,9.1514,9.5414,-0.3900
1923-05-01 00:00:00+00:00,10.4726,11.1406,-0.6679
1923-06-01 00:00:00+00:00,11.7413,13.4325,-1.6912
1923-07-01 00:00:00+00:00,14.5632,15.3079,-0.7447
1923-08-01 00:00:00+00:00,14.7469,16.2735,-1.5266
1923-09-01 00:00:00+00:00,13.8420,15.7145,-1.8725
1923-10-01 00:00:00+00:00,13.0157,14.4542,-1.4386
1923-11-01 00:00:00+00:00,10.7989,12.6608,-1.8618
1923-12-01 00:00:00+00:00,9.7521,11.0241,-1.2720
1924-01-01 00:00:00+00:00,9.3961,9.8286,-0.4326
1924-02-01 00:00:00+00:00,8.7589,8.9794,-0.2205
1924-03-01 00:00:00+00:00,8.0102,8.7042,-0.6940
1924-04-01 00:00:00+00:00,8.3999,9.5414,-1.1415
1924-05-01 00:00:00+00:00,10.2550,11.1406,-0.8856
1924-06-01 00:00:00+00:00,12.5675,13.4325,-0.8650
1924-07-01 00:00:00+00:00,13.9611,15.3079,-1.3468
1924-08-01 00:00:00+00:00,14.6175,16.2735,-1.6560
1924-09-01 00:00:00+00:00,14.1400,15.7145,-1.5745
1924-10-01 00:00:00+00:00,13.3059,14.4542,-1.1483
1924-11-01 00:00:00+00:00,11.9603,12.6608,-0.7004
1924-12-01 00:00:00+00:00,10.8946,11.0241,-0.1295
1925-01-01 00:00:00+00:00,10.2509,9.8286,0.4223
1925-02-01 00:00:00+00:00,9.1522,8.9794,0.1729
1925-03-01 00:00:00+00:00,8.3688,8.7042,-0.3354
1925-04-01 00:00:00+00:00,8.9546,9.5414,-0.5868
1925-05-01 00:00:00+00:00,10.1889,11.1406,-0.9516
1925-06-01 00:00:00+00:00,13.1141,13.4325,-0.3184
1925-07-01 00:00:00+00:00,14.7865,15.3079,-0.5214
1925-08-01 00:00:00+00:00,15.3126,16.2735,-0.9608
1925-09-01 00:00:00+00:00,14.1800,15.7145,-1.5345
1925-10-01 00:00:00+00:00,13.6096,14.4542,-0.8447
1925-11-01 00:00:00+00:00,11.5646,12.6608,-1.0961
1925-12-01 00:00:00+00:00,10.0328,11.0241,-0.9912
1926-01-01 00:00:00+00:00,9.4332,9.8286,-0.3955
1926-02-01 00:00:00+00:00,8.8817,8.9794,-0.0977
1926-03-01 00:00:00+00:00,9.0006,8.7042,0.2963
1926-04-01 00:00:00+00:00,9.6775,9.5414,0.1361
1926-05-01 00:00:00+00:00,10.7697,11.1406,-0.3709
1926-06-01 00:00:00+00:00,12.7120,13.4325,-0.7205
1926-07-01 00:00:00+00:00,15.3215,15.3079,0.0136
1926-08-01 00:00:00+00:00,16.0571,16.2735,-0.2164
1926-09-01 00:00:00+00:00,15.8765,15.7145,0.1620
1926-10-01 00:00:00+00:00,14.3244,14.4542,-0.1298
1926-11-01 00:00:00+00:00,11.6176,12.6608,-1.0431
1926-12-01 00:00:00+00:00,10.4269,11.0241,-0.5972
1927-01-01 00:00:00+00:00,9.7054,9.8286,-0.1233
1927-02-01 00:00:00+00:00,8.7775,8.9794,-0.2019
1927-03-01 00:00:00+00:00,8.8411,8.7042,0.1369
1927-04-01 00:00:00+00:00,9.5546,9.5414,0.0132
1927-05-01 00:00:00+00:00,10.9121,11.1406,-0.2284
1927-06-01 00:00:00+00:00,12.7188,13.4325,-0.7137
1927-07-01 00:00:00+00:00,14.2903,15.3079,-1.0176
1927-08-01 00:00:00+00:00,15.3319,16.2735,-0.9416
1927-09-01 00:00:00+00:00,14.3580,15.7145,-1.3566
1927-10-01 00:00:00+00:00,13.5407,14.4542,-0.9136
1927-11-01 00:00:00+00:00,11.6525,12.6608,-1.0082
1927-12-01 00:00:00+00:00,10.3326,11.0241,-0.6915
1928-01-01 00:00:00+00:00,9.3612,9.8286,-0.4674
1928-02-01 00:00:00+00:00,8.8719,8.9794,-0.1075
1928-03-01 00:00:00+00:00,8.5557,8.7042,-0.1485
1928-04-01 00:00:00+00:00,9.1879,9.5414,-0.3535
1928-05-01 00:00:00+00:00,10.4670,11.1406,-0.6735
1928-06-01 00:00:00+00:00,12.5869,13.4325,-0.8456
1928-07-01 00:00:00+00:00,14.1549,15.3079,-1.1530
1928-08-01 00:00:00+00:00,15.5287,16.2735,-0.7447
1928-09-01 00:00:00+00:00,15.1750,15.7145,-0.5395
1928-10-01 00:00:00+00:00,14.0775,14.4542,-0.3767
1928-11-01 00:00:00+00:00,12.2073,12.6608,-0.4535
1928-12-01 00:00:00+00:00,10.6517,11.0241,-0.3724
1929-01-01 00:00:00+00:00,9.2592,9.8286,-0.5694
1929-02-01 00:00:00+00:00,8.7624,8.9794,-0.2170
1929-03-01 00:00:00+00:00,8.2882,8.7042,-0.4160
1929-04-01 00:00:00+00:00,8.8370,9.5414,-0.7043
1929-05-01 00:00:00+00:00,10.0588,11.1406,-1.0817
1929-06-01 00:00:00+00:00,12.4603,13.4325,-0.9721
1929-07-01 00:00:00+00:00,14.4684,15.3079,-0.8395
1929-08-01 00:00:00+00:00,15.1854,16.2735,-1.0881
1929-09-01 00:00:00+00:00,15.8433,15.7145,0.1287
1929-10-01 00:00:00+00:00,13.8403,14.4542,-0.6139
1929-11-01 00:00:00+00:00,12.0072,12.6608,-0.6536
1929-12-01 00:00:00+00:00,10.6809,11.0241,-0.3432
1930-01-01 00:00:00+00:00,9.5103,9.8286,-0.3183
1930-02-01 00:00:00+00:00,8.2516,8.9794,-0.7278
1930-03-01 00:00:00+00:00,7.9924,8.7042,-0.7118
1930-04-01 00:00:00+00:00,8.8307,9.5414,-0.7107
1930-05-01 00:00:00+00:00,10.4857,11.1406,-0.6549
1930-06-01 00:00:00+00:00,13.4069,13.4325,-0.0256
1930-07-01 00:00:00+00:00,14.4038,15.3079,-0.9041
1930-08-01 00:00:00+00:00,14.8237,16.2735,-1.4498
1930-09-01 00:00:00+00:00,14.7856,15.7145,-0.9290
1930-10-01 00:00:00+00:00,13.6472,14.4542,-0.8070
1930-11-01 00:00:00+00:00,11.8977,12.6608,-0.7630
1930-12-01 00:00:00+00:00,10.5950,11.0241,-0.4290
1931-01-01 00:00:00+00:00,9.3539,9.8286,-0.4747
1931-02-01 00:00:00+00:00,8.2533,8.9794,-0.7261
1931-03-01 00:00:00+00:00,8.0593,8.7042,-0.6449
1931-04-01 00:00:00+00:00,8.5591,9.5414,-0.9823
1931-05-01 00:00:00+00:00,10.3174,11.1406,-0.8231
1931-06-01 00:00:00+00:00,12.5953,13.4325,-0.8372
1931-07-01 00:00:00+00:00,14.2692,15.3079,-1.0387
1931-08-01 00:00:00+00:00,14.8577,16.2735,-1.4158
1931-09-01 00:00:00+00:00,14.0726,15.7145,-1.6419
1931-10-01 00:00:00+00:00,13.8398,14.4542,-0.6144
1931-11-01 00:00:00+00:00,12.3644,12.6608,-0.2963
1931-12-01 00:00:00+00:00,10.9747,11.0241,-0.0493
1932-01-01 00:00:00+00:00,10.2841,9.8286,0.4555
1932-02-01 00:00:00+00:00,9.3263,8.9794,0.3469
1932-03-01 00:00:00+00:00,8.5046,8.7042,-0.1997
1932-04-01 00:00:00+00:00,8.7991,9.5414,-0.7423
1932-05-01 00:00:00+00:00,10.3659,11.1406,-0.7747
1932-06-01 00:00:00+00:00,12.9089,13.4325,-0.5236
1932-07-01 00:00:00+00:00,14.7996,15.3079,-0.5083
1932-08-01 00:00:00+00:00,16.0987,16.2735,-0.1748
1932-09-01 00:00:00+00:00,15.3131,15.7145,-0.4014
1932-10-01 00:00:00+00:00,13.5572,14.4542,-0.8970
1932-11-01 00:00:00+00:00,12.1003,12.6608,-0.5604
1932-12-01 00:00:00+00:00,10.7093,11.0241,-0.3148
1933-01-01 00:00:00+00:00,9.5846,9.8286,-0.2440
1933-02-01 00:00:00+00:00,8.5800,8.9794,-0.3994
1933-03-01 00:00:00+00:00,8.6007,8.7042,-0.1035
1933-04-01 00:00:00+00:00,9.6888,9.5414,0.1474
1933-05-01 00:00:00+00:00,11.0465,11.1406,-0.0941
1933-06-01 00:00:00+00:00,13.4132,13.4325,-0.0193
1933-07-01 00:00:00+00:00,15.3612,15.3079,0.0533
1933-08-01 00:00:00+00:00,16.2734,16.2735,-0.0001
1933-09-01 00:00:00+00:00,16.2530,15.7145,0.5384
1933-10-01 00:00:00+00:00,14.6473,14.4542,0.1931
1933-11-01 00:00:00+00:00,11.9581,12.6608,-0.7026
1933-12-01 00:00:00+00:00,10.3773,11.0241,-0.6468
1934-01-01 00:00:00+00:00,9.8152,9.8286,-0.0134
1934-02-01 00:00:00+00:00,8.5894,8.9794,-0.3900
1934-03-01 00:00:00+00:00,8.3255,8.7042,-0.3787
1934-04-01 00:00:00+00:00,8.4006,9.5414,-1.1407
1934-05-01 00:00:00+00:00,9.8764,11.1406,-1.2642
1934-06-01 00:00:00+00:00,12.6460,13.4325,-0.7865
1934-07-01 00:00:00+00:00,15.4534,15.3079,0.1455
1934-08-01 00:00:00+00:00,15.4199,16.2735,-0.8536
1934-09-01 00:00:00+00:00,15.0284,15.7145,-0.6861
1934-10-01 00:00:00+00:00,13.7288,14.4542,-0.7254
1934-11-01 00:00:00+00:00,11.6477,12.6608,-1.0130
1934-12-01 00:00:00+00:00,11.1757,11.0241,0.1517
1935-01-01 00:00:00+00:00,10.0226,9.8286,0.1940
1935-02-01 00:00:00+00:00,9.3033,8.9794,0.3239
1935-03-01 00:00:00+00:00,8.4995,8.7042,-0.2047
1935-04-01 00:00:00+00:00,9.2906,9.5414,-0.2508
1935-05-01 00:00:00+00:00,10.5686,11.1406,-0.5719
1935-06-01 00:00:00+00:00,11.7607,13.4325,-1.6718
1935-07-01 00:00:00+00:00,14.3827,15.3079,-0.9252
1935-08-01 00:00:00+00:00,15.4902,16.2735,-0.7833
1935-09-01 00:00:00+00:00,14.7707,15.7145,-0.9439
1935-10-01 00:00:00+00:00,13.4012,14.4542,-1.0531
1935-11-01 00:00:00+00:00,11.6178,12.6608,-1.0430
1935-12-01 00:00:00+00:00,10.2391,11.0241,-0.7850
1936-01-01 00:00:00+00:00,9.3435,9.8286,-0.4851
1936-02-01 00:00:00+00:00,8.6646,8.9794,-0.3147
1936-03-01 00:00:00+00:00,8.5561,8.7042,-0.1481
1936-04-01 00:00:00+00:00,8.8628,9.5414,-0.6786
1936-05-01 00:00:00+00:00,10.2335,11.1406,-0.9070
1936-06-01 00:00:00+00:00,12.4754,13.4325,-0.9571
1936-07-01 00:00:00+00:00,14.5230,15.3079,-0.7849
1936-08-01 00:00:00+00:00,15.2523,16.2735,-1.0212
1936-09-01 00:00:00+00:00,15.7840,15.7145,0.0695
1936-10-01 00:00:00+00:00,14.1286,14.4542,-0.3257
1936-11-01 00:00:00+00:00,11.7806,12.6608,-0.8801
1936-12-01 00:00:00+00:00,10.4451,11.0241,-0.5790
1937-01-01 00:00:00+00:00,9.7809,9.8286,-0.0477
1937-02-01 00:00:00+00:00,8.9308,8.9794,-0.0486
1937-03-01 00:00:00+00:00,8.2347,8.7042,-0.4696
1937-04-01 00:00:00+00:00,9.0406,9.5414,-0.5007
1937-05-01 00:00:00+00:00,10.6390,11.1406,-0.5015
1937-06-01 00:00:00+00:00,12.6981,13.4325,-0.7344
1937-07-01 00:00:00+00:00,14.7804,15.3079,-0.5275
1937-08-01 00:00:00+00:00,16.3503,16.2735,0.0768
1937-09-01 00:00:00+00:00,15.1061,15.7145,-0.6085
1937-10-01 00:00:00+00:00,14.0553,14.4542,-0.3989
1937-11-01 00:00:00+00:00,12.5378,12.6608,-0.1229
1937-12-01 00:00:00+00:00,10.5830,11.0241,-0.4411
1938-01-01 00:00:00+00:00,9.7806,9.8286,-0.0480
1938-02-01 00:00:00+00:00,9.0526,8.9794,0.0733
1938-03-01 00:00:00+00:00,9.0946,8.7042,0.3903
1938-04-01 00:00:00+00:00,9.6805,9.5414,0.1391
1938-05-01 00:00:00+00:00,10.7213,11.1406,-0.4193
1938-06-01 00:00:00+00:00,12.4156,13.4325,-1.0169
1938-07-01 00:00:00+00:00,13.9280,15.3079,-1.3799
1938-08-01 00:00:00+00:00,15.5996,16.2735,-0.6739
1938-09-01 00:00:00+00:00,15.1597,15.7145,-0.5548
1938-10-01 00:00:00+00:00,14.0793,14.4542,-0.3749
1938-11-01 00:00:00+00:00,13.1345,12.6608,0.4737
1938-12-01 00:00:00+00:00,11.0418,11.0241,0.0178
1939-01-01 00:00:00+00:00,9.9195,9.8286,0.0909
1939-02-01 00:00:00+00:00,9.2660,8.9794,0.2866
1939-03-01 00:00:00+00:00,8.7822,8.7042,0.0779
1939-04-01 00:00:00+00:00,9.3458,9.5414,-0.1956
1939-05-01 00:00:00+00:00,11.0345,11.1406,-0.1061
1939-06-01 00:00:00+00:00,13.6120,13.4325,0.1795
1939-07-01 00:00:00+00:00,14.8832,15.3079,-0.4247
1939-08-01 00:00:00+00:00,16.2508,16.2735,-0.0227
1939-09-01 00:00:00+00:00,16.1421,15.7145,0.4275
1939-10-01 00:00:00+00:00,13.9415,14.4542,-0.5127
1939-11-01 00:00:00+00:00,12.2342,12.6608,-0.4266
1939-12-01 00:00:00+00:00,10.6369,11.0241,-0.3871
1940-01-01 00:00:00+00:00,9.2806,9.8286,-0.5480
1940-02-01 00:00:00+00:00,7.9249,8.9794,-1.0545
1940-03-01 00:00:00+00:00,7.7471,8.7042,-0.9571
1940-04-01 00:00:00+00:00,8.6519,9.5414,-0.8894
1940-05-01 00:00:00+00:00,10.4998,11.1406,-0.6408
1940-06-01 00:00:00+00:00,13.1328,13.4325,-0.2997
1940-07-01 00:00:00+00:00,14.5437,15.3079,-0.7642
1940-08-01 00:00:00+00:00,15.5581,16.2735,-0.7154
1940-09-01 00:00:00+00:00,15.0154,15.7145,-0.6992
1940-10-01 00:00:00+00:00,13.8550,14.4542,-0.5992
1940-11-01 00:00:00+00:00,11.5240,12.6608,-1.1368
1940-12-01 00:00:00+00:00,9.7984,11.0241,-1.2257
1941-01-01 00:00:00+00:00,8.6092,9.8286,-1.2194
1941-02-01 00:00:00+00:00,7.8252,8.9794,-1.1541
1941-03-01 00:00:00+00:00,7.8422,8.7042,-0.8621
1941-04-01 00:00:00+00:00,8.5759,9.5414,-0.9655
1941-05-01 00:00:00+00:00,10.0439,11.1406,-1.0967
1941-06-01 00:00:00+00:00,12.4583,13.4325,-0.9742
1941-07-01 00:00:00+00:00,14.2021,15.3079,-1.1058
1941-08-01 00:00:00+00:00,15.4956,16.2735,-0.7779
1941-09-01 00:00:00+00:00,15.4025,15.7145,-0.3121
1941-10-01 00:00:00+00:00,14.2048,14.4542,-0.2494
1941-11-01 00:00:00+00:00,12.2523,12.6608,-0.4085
1941-12-01 00:00:00+00:00,9.9943,11.0241,-1.0297
1942-01-01 00:00:00+00:00,8.6917,9.8286,-1.1369
1942-02-01 00:00:00+00:00,7.5844,8.9794,-1.3950
1942-03-01 00:00:00+00:00,7.3181,8.7042,-1.3862
1942-04-01 00:00:00+00:00,8.8304,9.5414,-0.7110
1942-05-01 00:00:00+00:00,10.5564,11.1406,-0.5841
1942-06-01 00:00:00+00:00,12.6595,13.4325,-0.7729
1942-07-01 00:00:00+00:00,14.0698,15.3079,-1.2381
1942-08-01 00:00:00+00:00,15.1472,16.2735,-1.1263
1942-09-01 00:00:00+00:00,14.8148,15.7145,-0.8998
1942-10-01 00:00:00+00:00,13.6896,14.4542,-0.7646
1942-11-01 00:00:00+00:00,11.9857,12.6608,-0.6751
1942-12-01 00:00:00+00:00,10.4292,11.0241,-0.5949
1943-01-01 00:00:00+00:00,9.1335,9.8286,-0.6951
1943-02-01 00:00:00+00:00,8.2442,8.9794,-0.7352
1943-03-01 00:00:00+00:00,8.1284,8.7042,-0.5758
1943-04-01 00:00:00+00:00,9.1776,9.5414,-0.3638
1943-05-01 00:00:00+00:00,11.1820,11.1406,0.0415
1943-06-01 00:00:00+00:00,13.4006,13.4325,-0.0319
1943-07-01 00:00:00+00:00,15.1122,15.3079,-0.1957
1943-08-01 00:00:00+00:00,15.3458,16.2735,-0.9277
1943-09-01 00:00:00+00:00,15.0259,15.7145,-0.6886
1943-10-01 00:00:00+00:00,13.8236,14.4542,-0.6307
1943-11-01 00:00:00+00:00,12.2906,12.6608,-0.3701
1943-12-01 00:00:00+00:00,10.8239,11.0241,-0.2002
1944-01-01 00:00:00+00:00,9.2592,9.8286,-0.5694
1944-02-01 00:00:00+00:00,8.1044,8.9794,-0.8750
1944-03-01 00:00:00+00:00,7.9709,8.7042,-0.7334
1944-04-01 00:00:00+00:00,9.5777,9.5414,0.0363
1944-05-01 00:00:00+00:00,10.9031,11.1406,-0.2375
1944-06-01 00:00:00+00:00,13.0037,13.4325,-0.4287
1944-07-01 00:00:00+00:00,14.8540,15.3079,-0.4540
1944-08-01 00:00:00+00:00,16.7114,16.2735,0.4379
1944-09-01 00:00:00+00:00,15.3646,15.7145,-0.3499
1944-10-01 00:00:00+00:00,13.6489,14.4542,-0.8053
1944-11-01 00:00:00+00:00,11.9970,12.6608,-0.6638
1944-12-01 00:00:00+00:00,10.3487,11.0241,-0.6754
1945-01-01 00:00:00+00:00,9.2874,9.8286,-0.5412
1945-02-01 00:00:00+00:00,8.2383,8.9794,-0.7411
1945-03-01 00:00:00+00:00,8.2300,8.7042,-0.4743
1945-04-01 00:00:00+00:00,9.4439,9.5414,-0.0975
1945-05-01 00:00:00+00:00,11.1517,11.1406,0.0111
1945-06-01 00:00:00+00:00,13.4023,13.4325,-0.0302
1945-07-01 00:00:00+00:00,14.9471,15.3079,-0.3609
1945-08-01 00:00:00+00:00,15.7911,16.2735,-0.4824
1945-09-01 00:00:00+00:00,15.0810,15.7145,-0.6335
1945-10-01 00:00:00+00:00,14.5226,14.4542,0.0684
1945-11-01 00:00:00+00:00,13.0913,12.6608,0.4306
1945-12-01 00:00:00+00:00,11.6588,11.0241,0.6347
1946-01-01 00:00:00+00:00,10.5239,9.8286,0.6953
1946-02-01 00:00:00+00:00,9.7310,8.9794,0.7516
1946-03-01 00:00:00+00:00,8.7540,8.7042,0.0498
1946-04-01 00:00:00+00:00,9.8841,9.5414,0.3427
1946-05-01 00:00:00+00:00,10.7306,11.1406,-0.4100
1946-06-01 00:00:00+00:00,12.4736,13.4325,-0.9589
1946-07-01 00:00:00+00:00,14.6077,15.3079,-0.7002
1946-08-01 00:00:00+00:00,14.9088,16.2735,-1.3647
1946-09-01 00:00:00+00:00,14.6272,15.7145,-1.0874
1946-10-01 00:00:00+00:00,13.8973,14.4542,-0.5569
1946-11-01 00:00:00+00:00,12.3789,12.6608,-0.2818
1946-12-01 00:00:00+00:00,10.7740,11.0241,-0.2501
1947-01-01 00:00:00+00:00,9.5106,9.8286,-0.3180
1947-02-01 00:00:00+00:00,8.0708,8.9794,-0.9086
1947-03-01 00:00:00+00:00,7.3616,8.7042,-1.3426
1947-04-01 00:00:00+00:00,8.6115,9.5414,-0.9299
1947-05-01 00:00:00+00:00,10.1335,11.1406,-1.0071
1947-06-01 00:00:00+00:00,12.4898,13.4325,-0.9427
1947-07-01 00:00:00+00:00,14.0253,15.3079,-1.2826
1947-08-01 00:00:00+00:00,16.7366,16.2735,0.4631
1947-09-01 00:00:00+00:00,15.8334,15.7145,0.1188
1947-10-01 00:00:00+00:00,14.6656,14.4542,0.2114
1947-11-01 00:00:00+00:00,12.8233,12.6608,0.1626
1947-12-01 00:00:00+00:00,11.0270,11.0241,0.0029
1948-01-01 00:00:00+00:00,9.8812,9.8286,0.0526
1948-02-01 00:00:00+00:00,8.8522,8.9794,-0.1272
1948-03-01 00:00:00+00:00,8.9218,8.7042,0.2176
1948-04-01 00:00:00+00:00,9.6580,9.5414,0.1166
1948-05-01 00:00:00+00:00,11.3198,11.1406,0.1792
1948-06-01 00:00:00+00:00,12.8618,13.4325,-0.5707
1948-07-01 00:00:00+00:00,13.9678,15.3079,-1.3401
1948-08-01 00:00:00+00:00,15.4719,16.2735,-0.8015
1948-09-01 00:00:00+00:00,14.5879,15.7145,-1.1267
1948-10-01 00:00:00+00:00,14.1699,14.4542,-0.2843
1948-11-01 00:00:00+00:00,12.3795,12.6608,-0.2812
1948-12-01 00:00:00+00:00,11.1329,11.0241,0.1088
1949-01-01 00:00:00+00:00,10.2890,9.8286,0.4603
1949-02-01 00:00:00+00:00,9.2818,8.9794,0.3024
1949-03-01 00:00:00+00:00,8.8511,8.7042,0.1468
1949-04-01 00:00:00+00:00,9.6813,9.5414,0.1399
1949-05-01 00:00:00+00:00,10.8283,11.1406,-0.3122
1949-06-01 00:00:00+00:00,13.0880,13.4325,-0.3445
1949-07-01 00:00:00+00:00,15.6292,15.3079,0.3213
1949-08-01 00:00:00+00:00,16.2463,16.2735,-0.0272
1949-09-01 00:00:00+00:00,16.6830,15.7145,0.9684
1949-10-01 00:00:00+00:00,15.5155,14.4542,1.0613
1949-11-01 00:00:00+00:00,12.6386,12.6608,-0.0222
1949-12-01 00:00:00+00:00,10.6451,11.0241,-0.3790
1950-01-01 00:00:00+00:00,10.2014,9.8286,0.3727
1950-02-01 00:00:00+00:00,9.0881,8.9794,0.1087
1950-03-01 00:00:00+00:00,9.1689,8.7042,0.4647
1950-04-01 00:00:00+00:00,9.5624,9.5414,0.0210
1950-05-01 00:00:00+00:00,11.0409,11.1406,-0.0997
1950-06-01 00:00:00+00:00,13.3165,13.4325,-0.1159
1950-07-01 00:00:00+00:00,15.1659,15.3079,-0.1420
1950-08-01 00:00:00+00:00,15.4130,16.2735,-0.8605
1950-09-01 00:00:00+00:00,14.5626,15.7145,-1.1519
1950-10-01 00:00:00+00:00,13.6074,14.4542,-0.8469
1950-11-01 00:00:00+00:00,11.8987,12.6608,-0.7621
1950-12-01 00:00:00+00:00,10.0825,11.0241,-0.9415
1951-01-01 00:00:00+00:00,9.0823,9.8286,-0.7463
1951-02-01 00:00:00+00:00,8.4418,8.9794,-0.5376
1951-03-01 00:00:00+00:00,7.8939,8.7042,-0.8103
1951-04-01 00:00:00+00:00,8.6451,9.5414,-0.8963
1951-05-01 00:00:00+00:00,9.8612,11.1406,-1.2794
1951-06-01 00:00:00+00:00,12.5301,13.4325,-0.9024
1951-07-01 00:00:00+00:00,14.6348,15.3079,-0.6731
1951-08-01 00:00:00+00:00,15.2100,16.2735,-1.0635
1951-09-01 00:00:00+00:00,14.9628,15.7145,-0.7518
1951-10-01 00:00:00+00:00,14.0833,14.4542,-0.3709
1951-11-01 00:00:00+00:00,12.3819,12.6608,-0.2789
1951-12-01 00:00:00+00:00,11.2163,11.0241,0.1922
1952-01-01 00:00:00+00:00,9.6574,9.8286,-0.1712
1952-02-01 00:00:00+00:00,8.5298,8.9794,-0.4496
1952-03-01 00:00:00+00:00,8.3911,8.7042,-0.3131
1952-04-01 00:00:00+00:00,9.1227,9.5414,-0.4187
1952-05-01 00:00:00+00:00,10.8631,11.1406,-0.2774
1952-06-01 00:00:00+00:00,13.0862,13.4325,-0.3463
1952-07-01 00:00:00+00:00,15.2001,15.3079,-0.1078
1952-08-01 00:00:00+00:00,15.7823,16.2735,-0.4912
1952-09-01 00:00:00+00:00,14.8220,15.7145,-0.8926
1952-10-01 00:00:00+00:00,13.3959,14.4542,-1.0584
1952-11-01 00:00:00+00:00,11.8216,12.6608,-0.8392
1952-12-01 00:00:00+00:00,10.1514,11.0241,-0.8727
1953-01-01 00:00:00+00:00,9.5796,9.8286,-0.2491
1953-02-01 00:00:00+00:00,8.7780,8.9794,-0.2014
1953-03-01 00:00:00+00:00,8.4532,8.7042,-0.2510
1953-04-01 00:00:00+00:00,8.9888,9.5414,-0.5526
1953-05-01 00:00:00+00:00,10.8627,11.1406,-0.2778
1953-06-01 00:00:00+00:00,12.7960,13.4325,-0.6365
1953-07-01 00:00:00+00:00,14.7056,15.3079,-0.6023
1953-08-01 00:00:00+00:00,15.5635,16.2735,-0.7100
1953-09-01 00:00:00+00:00,15.1784,15.7145,-0.5361
1953-10-01 00:00:00+00:00,14.1405,14.4542,-0.3137
1953-11-01 00:00:00+00:00,12.8972,12.6608,0.2364
1953-12-01 00:00:00+00:00,12.0775,11.0241,1.0534
1954-01-01 00:00:00+00:00,10.6182,9.8286,0.7895
1954-02-01 00:00:00+00:00,9.3244,8.9794,0.3450
1954-03-01 00:00:00+00:00,8.7991,8.7042,0.0949
1954-04-01 00:00:00+00:00,9.5625,9.5414,0.0211
1954-05-01 00:00:00+00:00,10.7498,11.1406,-0.3907
1954-06-01 00:00:00+00:00,12.5539,13.4325,-0.8786
1954-07-01 00:00:00+00:00,13.8545,15.3079,-1.4534
1954-08-01 00:00:00+00:00,14.3387,16.2735,-1.9348
1954-09-01 00:00:00+00:00,14.2033,15.7145,-1.5112
1954-10-01 00:00:00+00:00,13.9006,14.4542,-0.5536
1954-11-01 00:00:00+00:00,12.5147,12.6608,-0.1460
1954-12-01 00:00:00+00:00,11.2202,11.0241,0.1962
1955-01-01 00:00:00+00:00,10.0077,9.8286,0.1791
1955-02-01 00:00:00+00:00,8.7431,8.9794,-0.2363
1955-03-01 00:00:00+00:00,7.8062,8.7042,-0.8980
1955-04-01 00:00:00+00:00,8.8773,9.5414,-0.6641
1955-05-01 00:00:00+00:00,9.9873,11.1406,-1.1532
1955-06-01 00:00:00+00:00,12.1835,13.4325,-1.2490
1955-07-01 00:00:00+00:00,15.1820,15.3079,-0.1259
1955-08-01 00:00:00+00:00,16.5846,16.2735,0.3111
1955-09-01 00:00:00+00:00,15.8343,15.7145,0.1197
1955-10-01 00:00:00+00:00,14.3001,14.4542,-0.1542
1955-11-01 00:00:00+00:00,12.6742,12.6608,0.0135
1955-12-01 00:00:00+00:00,11.5856,11.0241,0.5615
1956-01-01 00:00:00+00:00,10.0251,9.8286,0.1965
1956-02-01 00:00:00+00:00,8.5223,8.9794,-0.4571
1956-03-01 00:00:00+00:00,8.2536,8.7042,-0.4506
1956-04-01 00:00:00+00:00,8.9438,9.5414,-0.5976
1956-05-01 00:00:00+00:00,10.3673,11.1406,-0.7733
1956-06-01 00:00:00+00:00,12.1272,13.4325,-1.3052
1956-07-01 00:00:00+00:00,14.1003,15.3079,-1.2076
1956-08-01 00:00:00+00:00,14.6958,16.2735,-1.5777
1956-09-01 00:00:00+00:00,14.8112,15.7145,-0.9033
1956-10-01 00:00:00+00:00,14.0871,14.4542,-0.3672
1956-11-01 00:00:00+00:00,12.2847,12.6608,-0.3761
1956-12-01 00:00:00+00:00,10.9535,11.0241,-0.0706
1957-01-01 00:00:00+00:00,10.0300,9.8286,0.2013
1957-02-01 00:00:00+00:00,9.3700,8.9794,0.3906
1957-03-01 00:00:00+00:00,9.3676,8.7042,0.6634
1957-04-01 00:00:00+00:00,10.1589,9.5414,0.6175
1957-05-01 00:00:00+00:00,11.0630,11.1406,-0.0775
1957-06-01 00:00:00+00:00,13.6856,13.4325,0.2531
1957-07-01 00:00:00+00:00,15.2283,15.3079,-0.0796
1957-08-01 00:00:00+00:00,15.6351,16.2735,-0.6384
1957-09-01 00:00:00+00:00,14.7295,15.7145,-0.9850
1957-10-01 00:00:00+00:00,13.8497,14.4542,-0.6045
1957-11-01 00:00:00+00:00,12.3061,12.6608,-0.3546
1957-12-01 00:00:00+00:00,11.1389,11.0241,0.1148
1958-01-01 00:00:00+00:00,10.0198,9.8286,0.1912
1958-02-01 00:00:00+00:00,9.3373,8.9794,0.3579
1958-03-01 00:00:00+00:00,8.4386,8.7042,-0.2656
1958-04-01 00:00:00+00:00,8.7833,9.5414,-0.7581
1958-05-01 00:00:00+00:00,10.1330,11.1406,-1.0075
1958-06-01 00:00:00+00:00,12.2226,13.4325,-1.2099
1958-07-01 00:00:00+00:00,14.3967,15.3079,-0.9112
1958-08-01 00:00:00+00:00,15.2979,16.2735,-0.9756
1958-09-01 00:00:00+00:00,15.4811,15.7145,-0.2335
1958-10-01 00:00:00+00:00,14.2141,14.4542,-0.2402
1958-11-01 00:00:00+00:00,13.0961,12.6608,0.4354
1958-12-01 00:00:00+00:00,11.9322,11.0241,0.9082
1959-01-01 00:00:00+00:00,10.3704,9.8286,0.5418
1959-02-01 00:00:00+00:00,9.4540,8.9794,0.4746
1959-03-01 00:00:00+00:00,9.2284,8.7042,0.5242
1959-04-01 00:00:00+00:00,9.8732,9.5414,0.3318
1959-05-01 00:00:00+00:00,11.5617,11.1406,0.4211
1959-06-01 00:00:00+00:00,13.5561,13.4325,0.1236
1959-07-01 00:00:00+00:00,15.5034,15.3079,0.1955
1959-08-01 00:00:00+00:00,16.3894,16.2735,0.1159
1959-09-01 00:00:00+00:00,16.3848,15.7145,0.6702
1959-10-01 00:00:00+00:00,15.2290,14.4542,0.7747
1959-11-01 00:00:00+00:00,12.9870,12.6608,0.3263
1959-12-01 00:00:00+00:00,11.6064,11.0241,0.5823
1960-01-01 00:00:00+00:00,10.3863,9.8286,0.5577
1960-02-01 00:00:00+00:00,9.4890,8.9794,0.5096
1960-03-01 00:00:00+00:00,9.0738,8.7042,0.3696
1960-04-01 00:00:00+00:00,9.7017,9.5414,0.1603
1960-05-01 00:00:00+00:00,11.7096,11.1406,0.5691
1960-06-01 00:00:00+00:00,13.9919,13.4325,0.5594
1960-07-01 00:00:00+00:00,14.8006,15.3079,-0.5073
1960-08-01 00:00:00+00:00,15.3505,16.2735,-0.9229
1960-09-01 00:00:00+00:00,15.3001,15.7145,-0.4144
1960-10-01 00:00:00+00:00,13.9502,14.4542,-0.5040
1960-11-01 00:00:00+00:00,12.4510,12.6608,-0.2097
1960-12-01 00:00:00+00:00,11.0490,11.0241,0.0250
1961-01-01 00:00:00+00:00,10.0216,9.8286,0.1929
1961-02-01 00:00:00+00:00,9.3530,8.9794,0.3736
1961-03-01 00:00:00+00:00,9.3051,8.7042,0.6009
1961-04-01 00:00:00+00:00,10.2120,9.5414,0.6706
1961-05-01 00:00:00+00:00,11.5045,11.1406,0.3640
1961-06-01 00:00:00+00:00,13.3569,13.4325,-0.0756
1961-07-01 00:00:00+00:00,14.5726,15.3079,-0.7353
1961-08-01 00:00:00+00:00,15.2905,16.2735,-0.9829
1961-09-01 00:00:00+00:00,15.4094,15.7145,-0.3051
1961-10-01 00:00:00+00:00,14.2984,14.4542,-0.1558
1961-11-01 00:00:00+00:00,12.2157,12.6608,-0.4451
1961-12-01 00:00:00+00:00,10.9780,11.0241,-0.0460
1962-01-01 00:00:00+00:00,9.6786,9.8286,-0.1500
1962-02-01 00:00:00+00:00,8.8619,8.9794,-0.1175
1962-03-01 00:00:00+00:00,8.1834,8.7042,-0.5208
1962-04-01 00:00:00+00:00,8.6199,9.5414,-0.9215
1962-05-01 00:00:00+00:00,10.1117,11.1406,-1.0289
1962-06-01 00:00:00+00:00,12.0130,13.4325,-1.4195
1962-07-01 00:00:00+00:00,14.0302,15.3079,-1.2777
1962-08-01 00:00:00+00:00,14.5739,16.2735,-1.6996
1962-09-01 00:00:00+00:00,14.4605,15.7145,-1.2540
1962-10-01 00:00:00+00:00,13.8194,14.4542,-0.6349
1962-11-01 00:00:00+00:00,11.8224,12.6608,-0.8384
1962-12-01 00:00:00+00:00,10.7068,11.0241,-0.3173
1963-01-01 00:00:00+00:00,8.4936,9.8286,-1.3350
1963-02-01 00:00:00+00:00,7.3118,8.9794,-1.6675
1963-03-01 00:00:00+00:00,7.2191,8.7042,-1.4851
1963-04-01 00:00:00+00:00,8.0339,9.5414,-1.5074
1963-05-01 00:00:00+00:00,9.3469,11.1406,-1.7936
1963-06-01 00:00:00+00:00,12.0462,13.4325,-1.3863
1963-07-01 00:00:00+00:00,13.7593,15.3079,-1.5486
1963-08-01 00:00:00+00:00,14.4960,16.2735,-1.7775
1963-09-01 00:00:00+00:00,13.8006,15.7145,-1.9139
1963-10-01 00:00:00+00:00,13.2893,14.4542,-1.1650
1963-11-01 00:00:00+00:00,12.1121,12.6608,-0.5487
1963-12-01 00:00:00+00:00,10.6289,11.0241,-0.3952
1964-01-01 00:00:00+00:00,9.5821,9.8286,-0.2465
1964-02-01 00:00:00+00:00,9.0060,8.9794,0.0266
1964-03-01 00:00:00+00:00,8.6156,8.7042,-0.0886
1964-04-01 00:00:00+00:00,8.9933,9.5414,-0.5481
1964-05-01 00:00:00+00:00,10.7843,11.1406,-0.3562
1964-06-01 00:00:00+00:00,12.7222,13.4325,-0.7103
1964-07-01 00:00:00+00:00,14.4110,15.3079,-0.8969
1964-08-01 00:00:00+00:00,15.3378,16.2735,-0.9357
1964-09-01 00:00:00+00:00,15.1976,15.7145,-0.5170
1964-10-01 00:00:00+00:00,13.7194,14.4542,-0.7349
1964-11-01 00:00:00+00:00,12.3256,12.6608,-0.3352
1964-12-01 00:00:00+00:00,11.0921,11.0241,0.0681
1965-01-01 00:00:00+00:00,9.5875,9.8286,-0.2411
1965-02-01 00:00:00+00:00,8.2663,8.9794,-0.7131
1965-03-01 00:00:00+00:00,7.9387,8.7042,-0.7655
1965-04-01 00:00:00+00:00,8.9816,9.5414,-0.5598
1965-05-01 00:00:00+00:00,10.4088,11.1406,-0.7318
1965-06-01 00:00:00+00:00,12.5745,13.4325,-0.8580
1965-07-01 00:00:00+00:00,14.2268,15.3079,-1.0811
1965-08-01 00:00:00+00:00,14.9886,16.2735,-1.2849
1965-09-01 00:00:00+00:00,13.9754,15.7145,-1.7392
1965-10-01 00:00:00+00:00,13.7345,14.4542,-0.7197
1965-11-01 00:00:00+00:00,11.7629,12.6608,-0.8978
1965-12-01 00:00:00+00:00,10.0683,11.0241,-0.9558
1966-01-01 00:00:00+00:00,8.9553,9.8286,-0.8733
1966-02-01 00:00:00+00:00,8.8774,8.9794,-0.1020
1966-03-01 00:00:00+00:00,9.1332,8.7042,0.4290
1966-04-01 00:00:00+00:00,9.4006,9.5414,-0.1408
1966-05-01 00:00:00+00:00,10.6013,11.1406,-0.5393
1966-06-01 00:00:00+00:00,13.3154,13.4325,-0.1171
1966-07-01 00:00:00+00:00,15.0360,15.3079,-0.2719
1966-08-01 00:00:00+00:00,15.4182,16.2735,-0.8553
1966-09-01 00:00:00+00:00,15.5025,15.7145,-0.2121
1966-10-01 00:00:00+00:00,14.2730,14.4542,-0.1812
1966-11-01 00:00:00+00:00,11.9823,12.6608,-0.6785
1966-12-01 00:00:00+00:00,10.2063,11.0241,-0.8178
1967-01-01 00:00:00+00:00,9.5672,9.8286,-0.2615
1967-02-01 00:00:00+00:00,9.2309,8.9794,0.2515
1967-03-01 00:00:00+00:00,8.9245,8.7042,0.2203
1967-04-01 00:00:00+00:00,9.3377,9.5414,-0.2037
1967-05-01 00:00:00+00:00,10.1778,11.1406,-0.9627
1967-06-01 00:00:00+00:00,13.1280,13.4325,-0.3045
1967-07-01 00:00:00+00:00,14.4726,15.3079,-0.8353
1967-08-01 00:00:00+00:00,15.4460,16.2735,-0.8275
1967-09-01 00:00:00+00:00,14.5901,15.7145,-1.1244
1967-10-01 00:00:00+00:00,13.3625,14.4542,-1.0917
1967-11-01 00:00:00+00:00,11.7134,12.6608,-0.9474
1967-12-01 00:00:00+00:00,10.6641,11.0241,-0.3600
1968-01-01 00:00:00+00:00,9.5336,9.8286,-0.2951
1968-02-01 00:00:00+00:00,8.8839,8.9794,-0.0955
1968-03-01 00:00:00+00:00,8.4172,8.7042,-0.2870
1968-04-01 00:00:00+00:00,8.9092,9.5414,-0.6322
1968-05-01 00:00:00+00:00,10.4174,11.1406,-0.7231
1968-06-01 00:00:00+00:00,12.9754,13.4325,-0.4571
1968-07-01 00:00:00+00:00,14.8356,15.3079,-0.4724
1968-08-01 00:00:00+00:00,15.6518,16.2735,-0.6217
1968-09-01 00:00:00+00:00,15.0898,15.7145,-0.6247
1968-10-01 00:00:00+00:00,14.2139,14.4542,-0.2403
1968-11-01 00:00:00+00:00,12.6843,12.6608,0.0236
1968-12-01 00:00:00+00:00,11.6172,11.0241,0.5931
1969-01-01 00:00:00+00:00,10.5885,9.8286,0.7599
1969-02-01 00:00:00+00:00,8.8916,8.9794,-0.0878
1969-03-01 00:00:00+00:00,8.3882,8.7042,-0.3160
1969-04-01 00:00:00+00:00,8.9406,9.5414,-0.6008
1969-05-01 00:00:00+00:00,10.4078,11.1406,-0.7328
1969-06-01 00:00:00+00:00,13.0344,13.4325,-0.3980
1969-07-01 00:00:00+00:00,15.0403,15.3079,-0.2676
1969-08-01 00:00:00+00:00,15.8087,16.2735,-0.4648
1969-09-01 00:00:00+00:00,15.3103,15.7145,-0.4042
1969-10-01 00:00:00+00:00,14.8073,14.4542,0.3530
1969-11-01 00:00:00+00:00,12.6406,12.6608,-0.0202
1969-12-01 00:00:00+00:00,10.9559,11.0241,-0.0682
1970-01-01 00:00:00+00:00,10.0648,9.8286,0.2361
1970-02-01 00:00:00+00:00,9.1316,8.9794,0.1522
1970-03-01 00:00:00+00:00,8.0842,8.7042,-0.6200
1970-04-01 00:00:00+00:00,8.5494,9.5414,-0.9920
1970-05-01 00:00:00+00:00,10.6456,11.1406,-0.4950
1970-06-01 00:00:00+00:00,13.4298,13.4325,-0.0027
1970-07-01 00:00:00+00:00,13.9737,15.3079,-1.3342
1970-08-01 00:00:00+00:00,15.1614,16.2735,-1.1121
1970-09-01 00:00:00+00:00,14.5826,15.7145,-1.1319
1970-10-01 00:00:00+00:00,13.6200,14.4542,-0.8342
1970-11-01 00:00:00+00:00,12.0903,12.6608,-0.5705
1970-12-01 00:00:00+00:00,11.0410,11.0241,0.0169
1971-01-01 00:00:00+00:00,9.6846,9.8286,-0.1440
1971-02-01 00:00:00+00:00,8.8246,8.9794,-0.1547
1971-03-01 00:00:00+00:00,8.6595,8.7042,-0.0447
1971-04-01 00:00:00+00:00,9.3351,9.5414,-0.2062
1971-05-01 00:00:00+00:00,10.8777,11.1406,-0.2628
1971-06-01 00:00:00+00:00,12.5166,13.4325,-0.9159
1971-07-01 00:00:00+00:00,14.7642,15.3079,-0.5437
1971-08-01 00:00:00+00:00,15.4741,16.2735,-0.7994
1971-09-01 00:00:00+00:00,15.6291,15.7145,-0.0854
1971-10-01 00:00:00+00:00,14.9970,14.4542,0.5428
1971-11-01 00:00:00+00:00,12.5795,12.6608,-0.0813
1971-12-01 00:00:00+00:00,11.1326,11.0241,0.1085
1972-01-01 00:00:00+00:00,9.9498,9.8286,0.1212
1972-02-01 00:00:00+00:00,9.1656,8.9794,0.1862
1972-03-01 00:00:00+00:00,8.6530,8.7042,-0.0512
1972-04-01 00:00:00+00:00,9.3472,9.5414,-0.1941
1972-05-01 00:00:00+00:00,10.2385,11.1406,-0.9020
1972-06-01 00:00:00+00:00,11.6155,13.4325,-1.8170
1972-07-01 00:00:00+00:00,13.9987,15.3079,-1.3092
1972-08-01 00:00:00+00:00,15.0022,16.2735,-1.2713
1972-09-01 00:00:00+00:00,14.5724,15.7145,-1.1422
1972-10-01 00:00:00+00:00,13.5547,14.4542,-0.8995
1972-11-01 00:00:00+00:00,11.9992,12.6608,-0.6615
1972-12-01 00:00:00+00:00,10.8989,11.0241,-0.1252
1973-01-01 00:00:00+00:00,10.2086,9.8286,0.3800
1973-02-01 00:00:00+00:00,9.3974,8.9794,0.4181
1973-03-01 00:00:00+00:00,8.8731,8.7042,0.1689
1973-04-01 00:00:00+00:00,9.3950,9.5414,-0.1464
1973-05-01 00:00:00+00:00,10.5021,11.1406,-0.6384
1973-06-01 00:00:00+00:00,13.1321,13.4325,-0.3004
1973-07-01 00:00:00+00:00,15.2052,15.3079,-0.1027
1973-08-01 00:00:00+00:00,15.8806,16.2735,-0.3929
1973-09-01 00:00:00+00:00,15.4886,15.7145,-0.2260
1973-10-01 00:00:00+00:00,13.8722,14.4542,-0.5820
1973-11-01 00:00:00+00:00,12.4753,12.6608,-0.1855
1973-12-01 00:00:00+00:00,10.6929,11.0241,-0.3311
1974-01-01 00:00:00+00:00,10.0195,9.8286,0.1909
1974-02-01 00:00:00+00:00,9.4726,8.9794,0.4932
1974-03-01 00:00:00+00:00,9.0885,8.7042,0.3843
1974-04-01 00:00:00+00:00,9.8655,9.5414,0.3241
1974-05-01 00:00:00+00:00,10.7250,11.1406,-0.4155
1974-06-01 00:00:00+00:00,12.9109,13.4325,-0.5216
1974-07-01 00:00:00+00:00,14.4989,15.3079,-0.8090
1974-08-01 00:00:00+00:00,15.3469,16.2735,-0.9266
1974-09-01 00:00:00+00:00,14.2992,15.7145,-1.4153
1974-10-01 00:00:00+00:00,12.6695,14.4542,-1.7847
1974-11-01 00:00:00+00:00,11.2042,12.6608,-1.4566
1974-12-01 00:00:00+00:00,10.1524,11.0241,-0.8717
1975-01-01 00:00:00+00:00,9.7842,9.8286,-0.0445
1975-02-01 00:00:00+00:00,9.2136,8.9794,0.2343
1975-03-01 00:00:00+00:00,8.7272,8.7042,0.0230
1975-04-01 00:00:00+00:00,8.9585,9.5414,-0.5829
1975-05-01 00:00:00+00:00,10.5800,11.1406,-0.5606
1975-06-01 00:00:00+00:00,13.0203,13.4325,-0.4122
1975-07-01 00:00:00+00:00,15.1077,15.3079,-0.2002
1975-08-01 00:00:00+00:00,16.3942,16.2735,0.1207
1975-09-01 00:00:00+00:00,15.1798,15.7145,-0.5348
1975-10-01 00:00:00+00:00,13.8205,14.4542,-0.6337
1975-11-01 00:00:00+00:00,12.4020,12.6608,-0.2588
1975-12-01 00:00:00+00:00,10.8293,11.0241,-0.1947
1976-01-01 00:00:00+00:00,10.0556,9.8286,0.2270
1976-02-01 00:00:00+00:00,9.0042,8.9794,0.0248
1976-03-01 00:00:00+00:00,8.6941,8.7042,-0.0101
1976-04-01 00:00:00+00:00,9.2590,9.5414,-0.2824
1976-05-01 00:00:00+00:00,10.6639,11.1406,-0.4767
1976-06-01 00:00:00+00:00,13.4776,13.4325,0.0451
1976-07-01 00:00:00+00:00,15.8020,15.3079,0.4941
1976-08-01 00:00:00+00:00,16.7681,16.2735,0.4947
1976-09-01 00:00:00+00:00,15.0399,15.7145,-0.6746
1976-10-01 00:00:00+00:00,13.7558,14.4542,-0.6984
1976-11-01 00:00:00+00:00,12.1162,12.6608,-0.5446
1976-12-01 00:00:00+00:00,10.5089,11.0241,-0.5152
1977-01-01 00:00:00+00:00,9.5013,9.8286,-0.3273
1977-02-01 00:00:00+00:00,8.8979,8.9794,-0.0815
1977-03-01 00:00:00+00:00,8.7848,8.7042,0.0805
1977-04-01 00:00:00+00:00,9.3199,9.5414,-0.2215
1977-05-01 00:00:00+00:00,10.6310,11.1406,-0.5096
1977-06-01 00:00:00+00:00,12.7236,13.4325,-0.7089
1977-07-01 00:00:00+00:00,14.6367,15.3079,-0.6712
1977-08-01 00:00:00+00:00,15.8383,16.2735,-0.4352
1977-09-01 00:00:00+00:00,15.2838,15.7145,-0.4307
1977-10-01 00:00:00+00:00,14.3789,14.4542,-0.0753
1977-11-01 00:00:00+00:00,12.5409,12.6608,-0.1199
1977-12-01 00:00:00+00:00,10.8263,11.0241,-0.1978
1978-01-01 00:00:00+00:00,9.7105,9.8286,-0.1181
1978-02-01 00:00:00+00:00,8.6189,8.9794,-0.3604
1978-03-01 00:00:00+00:00,8.3264,8.7042,-0.3778
1978-04-01 00:00:00+00:00,8.8302,9.5414,-0.7112
1978-05-01 00:00:00+00:00,10.8162,11.1406,-0.3243
1978-06-01 00:00:00+00:00,12.8462,13.4325,-0.5863
1978-07-01 00:00:00+00:00,13.6302,15.3079,-1.6777
1978-08-01 00:00:00+00:00,14.9836,16.2735,-1.2899
1978-09-01 00:00:00+00:00,15.1636,15.7145,-0.5509
1978-10-01 00:00:00+00:00,14.2799,14.4542,-0.1744
1978-11-01 00:00:00+00:00,13.0281,12.6608,0.3674
1978-12-01 00:00:00+00:00,11.3874,11.0241,0.3633
1979-01-01 00:00:00+00:00,9.3947,9.8286,-0.4339
1979-02-01 00:00:00+00:00,8.0491,8.9794,-0.9303
1979-03-01 00:00:00+00:00,8.0006,8.7042,-0.7036
1979-04-01 00:00:00+00:00,8.4559,9.5414,-1.0855
1979-05-01 00:00:00+00:00,9.8196,11.1406,-1.3209
1979-06-01 00:00:00+00:00,12.3573,13.4325,-1.0752
1979-07-01 00:00:00+00:00,14.4210,15.3079,-0.8869
1979-08-01 00:00:00+00:00,14.7536,16.2735,-1.5199
1979-09-01 00:00:00+00:00,14.8389,15.7145,-0.8756
1979-10-01 00:00:00+00:00,13.9777,14.4542,-0.4765
1979-11-01 00:00:00+00:00,12.5009,12.6608,-0.1599
1979-12-01 00:00:00+00:00,10.9917,11.0241,-0.0324
1980-01-01 00:00:00+00:00,9.6369,9.8286,-0.1917
1980-02-01 00:00:00+00:00,8.8911,8.9794,-0.0883
1980-03-01 00:00:00+00:00,8.6893,8.7042,-0.0149
1980-04-01 00:00:00+00:00,9.5119,9.5414,-0.0295
1980-05-01 00:00:00+00:00,10.7343,11.1406,-0.4062
1980-06-01 00:00:00+00:00,12.8991,13.4325,-0.5334
1980-07-01 00:00:00+00:00,13.9060,15.3079,-1.4019
1980-08-01 00:00:00+00:00,15.3142,16.2735,-0.9593
1980-09-01 00:00:00+00:00,15.2234,15.7145,-0.4912
1980-10-01 00:00:00+00:00,13.4074,14.4542,-1.0468
1980-11-01 00:00:00+00:00,11.8037,12.6608,-0.8571
1980-12-01 00:00:00+00:00,10.4999,11.0241,-0.5241
1981-01-01 00:00:00+00:00,9.7435,9.8286,-0.0852
1981-02-01 00:00:00+00:00,8.7944,8.9794,-0.1850
1981-03-01 00:00:00+00:00,8.6264,8.7042,-0.0778
1981-04-01 00:00:00+00:00,9.5111,9.5414,-0.0303
1981-05-01 00:00:00+00:00,10.4525,11.1406,-0.6881
1981-06-01 00:00:00+00:00,12.5703,13.4325,-0.8622
1981-07-01 00:00:00+00:00,14.3263,15.3079,-0.9816
1981-08-01 00:00:00+00:00,15.9479,16.2735,-0.3256
1981-09-01 00:00:00+00:00,15.5837,15.7145,-0.1309
1981-10-01 00:00:00+00:00,13.3734,14.4542,-1.0808
1981-11-01 00:00:00+00:00,11.8645,12.6608,-0.7963
1981-12-01 00:00:00+00:00,10.4193,11.0241,-0.6048
1982-01-01 00:00:00+00:00,9.4553,9.8286,-0.3733
1982-02-01 00:00:00+00:00,9.0294,8.9794,0.0500
1982-03-01 00:00:00+00:00,8.5733,8.7042,-0.1309
1982-04-01 00:00:00+00:00,9.4545,9.5414,-0.0869
1982-05-01 00:00:00+00:00,10.6228,11.1406,-0.5177
1982-06-01 00:00:00+00:00,13.5454,13.4325,0.1129
1982-07-01 00:00:00+00:00,14.9814,15.3079,-0.3265
1982-08-01 00:00:00+00:00,15.7242,16.2735,-0.5493
1982-09-01 00:00:00+00:00,14.9118,15.7145,-0.8027
1982-10-01 00:00:00+00:00,13.5526,14.4542,-0.9016
1982-11-01 00:00:00+00:00,11.8707,12.6608,-0.7901
1982-12-01 00:00:00+00:00,10.4933,11.0241,-0.5308
1983-01-01 00:00:00+00:00,9.6247,9.8286,-0.2039
1983-02-01 00:00:00+00:00,8.5174,8.9794,-0.4620
1983-03-01 00:00:00+00:00,8.1261,8.7042,-0.5781
1983-04-01 00:00:00+00:00,8.4472,9.5414,-1.0942
1983-05-01 00:00:00+00:00,10.0347,11.1406,-1.1058
1983-06-01 00:00:00+00:00,12.4124,13.4325,-1.0201
1983-07-01 00:00:00+00:00,15.5132,15.3079,0.2052
1983-08-01 00:00:00+00:00,16.5864,16.2735,0.3129
1983-09-01 00:00:00+00:00,14.8141,15.7145,-0.9005
1983-10-01 00:00:00+00:00,13.8783,14.4542,-0.5759
1983-11-01 00:00:00+00:00,12.4160,12.6608,-0.2448
1983-12-01 00:00:00+00:00,11.1306,11.0241,0.1065
1984-01-01 00:00:00+00:00,9.3650,9.8286,-0.4637
1984-02-01 00:00:00+00:00,8.6028,8.9794,-0.3766
1984-03-01 00:00:00+00:00,8.3932,8.7042,-0.3110
1984-04-01 00:00:00+00:00,9.0747,9.5414,-0.4667
1984-05-01 00:00:00+00:00,10.4172,11.1406,-0.7233
1984-06-01 00:00:00+00:00,12.6758,13.4325,-0.7567
1984-07-01 00:00:00+00:00,14.7823,15.3079,-0.5256
1984-08-01 00:00:00+00:00,16.5428,16.2735,0.2693
1984-09-01 00:00:00+00:00,15.1990,15.7145,-0.5155
1984-10-01 00:00:00+00:00,13.6918,14.4542,-0.7624
1984-11-01 00:00:00+00:00,12.4207,12.6608,-0.2401
1984-12-01 00:00:00+00:00,11.0133,11.0241,-0.0108
1985-01-01 00:00:00+00:00,9.3109,9.8286,-0.5177
1985-02-01 00:00:00+00:00,8.7475,8.9794,-0.2319
1985-03-01 00:00:00+00:00,8.3623,8.7042,-0.3420
1985-04-01 00:00:00+00:00,9.1508,9.5414,-0.3906
1985-05-01 00:00:00+00:00,10.3367,11.1406,-0.8038
1985-06-01 00:00:00+00:00,12.2203,13.4325,-1.2122
1985-07-01 00:00:00+00:00,14.3560,15.3079,-0.9519
1985-08-01 00:00:00+00:00,14.4789,16.2735,-1.7946
1985-09-01 00:00:00+00:00,14.5024,15.7145,-1.2122
1985-10-01 00:00:00+00:00,14.1556,14.4542,-0.2986
1985-11-01 00:00:00+00:00,12.3780,12.6608,-0.2828
1985-12-01 00:00:00+00:00,10.8334,11.0241,-0.1907
1986-01-01 00:00:00+00:00,9.7606,9.8286,-0.0681
1986-02-01 00:00:00+00:00,7.8562,8.9794,-1.1232
1986-03-01 00:00:00+00:00,7.4018,8.7042,-1.3024
1986-04-01 00:00:00+00:00,7.7613,9.5414,-1.7801
1986-05-01 00:00:00+00:00,9.4589,11.1406,-1.6816
1986-06-01 00:00:00+00:00,12.0705,13.4325,-1.3620
1986-07-01 00:00:00+00:00,14.3953,15.3079,-0.9126
1986-08-01 00:00:00+00:00,14.1437,16.2735,-2.1298
1986-09-01 00:00:00+00:00,13.8692,15.7145,-1.8454
1986-10-01 00:00:00+00:00,13.6005,14.4542,-0.8537
1986-11-01 00:00:00+00:00,11.6857,12.6608,-0.9751
1986-12-01 00:00:00+00:00,10.5526,11.0241,-0.4714
1987-01-01 00:00:00+00:00,9.0486,9.8286,-0.7801
1987-02-01 00:00:00+00:00,8.0100,8.9794,-0.9694
1987-03-01 00:00:00+00:00,7.8638,8.7042,-0.8404
1987-04-01 00:00:00+00:00,9.0025,9.5414,-0.5389
1987-05-01 00:00:00+00:00,10.2890,11.1406,-0.8516
1987-06-01 00:00:00+00:00,12.4118,13.4325,-1.0207
1987-07-01 00:00:00+00:00,15.0092,15.3079,-0.2987
1987-08-01 00:00:00+00:00,15.9845,16.2735,-0.2890
1987-09-01 00:00:00+00:00,15.0962,15.7145,-0.6183
1987-10-01 00:00:00+00:00,13.5341,14.4542,-0.9201
1987-11-01 00:00:00+00:00,12.0923,12.6608,-0.5684
1987-12-01 00:00:00+00:00,10.4967,11.0241,-0.5274
1988-01-01 00:00:00+00:00,10.1830,9.8286,0.3544
1988-02-01 00:00:00+00:00,9.1600,8.9794,0.1806
1988-03-01 00:00:00+00:00,8.1733,8.7042,-0.5309
1988-04-01 00:00:00+00:00,9.0991,9.5414,-0.4423
1988-05-01 00:00:00+00:00,10.8159,11.1406,-0.3247
1988-06-01 00:00:00+00:00,13.5637,13.4325,0.1312
1988-07-01 00:00:00+00:00,14.3983,15.3079,-0.9096
1988-08-01 00:00:00+00:00,14.7932,16.2735,-1.4803
1988-09-01 00:00:00+00:00,14.4877,15.7145,-1.2268
1988-10-01 00:00:00+00:00,13.3887,14.4542,-1.0655
1988-11-01 00:00:00+00:00,12.0935,12.6608,-0.5673
1988-12-01 00:00:00+00:00,11.0630,11.0241,0.0389
1989-01-01 00:00:00+00:00,10.3263,9.8286,0.4977
1989-02-01 00:00:00+00:00,9.1982,8.9794,0.2189
1989-03-01 00:00:00+00:00,9.0219,8.7042,0.3177
1989-04-01 00:00:00+00:00,9.4046,9.5414,-0.1368
1989-05-01 00:00:00+00:00,11.5295,11.1406,0.3889
1989-06-01 00:00:00+00:00,13.8722,13.4325,0.4397
1989-07-01 00:00:00+00:00,16.4538,15.3079,1.1458
1989-08-01 00:00:00+00:00,16.6544,16.2735,0.3809
1989-09-01 00:00:00+00:00,15.7107,15.7145,-0.0039
1989-10-01 00:00:00+00:00,14.7374,14.4542,0.2832
1989-11-01 00:00:00+00:00,12.8237,12.6608,0.1630
1989-12-01 00:00:00+00:00,11.3870,11.0241,0.3629
1990-01-01 00:00:00+00:00,10.2402,9.8286,0.4116
1990-02-01 00:00:00+00:00,9.8744,8.9794,0.8950
1990-03-01 00:00:00+00:00,9.4823,8.7042,0.7781
1990-04-01 00:00:00+00:00,9.7350,9.5414,0.1936
1990-05-01 00:00:00+00:00,11.9587,11.1406,0.8182
1990-06-01 00:00:00+00:00,13.4836,13.4325,0.0511
1990-07-01 00:00:00+00:00,15.1207,15.3079,-0.1872
1990-08-01 00:00:00+00:00,16.5311,16.2735,0.2576
1990-09-01 00:00:00+00:00,15.7522,15.7145,0.0377
1990-10-01 00:00:00+00:00,14.2963,14.4542,-0.1579
1990-11-01 00:00:00+00:00,12.4219,12.6608,-0.2388
1990-12-01 00:00:00+00:00,10.8754,11.0241,-0.1486
1991-01-01 00:00:00+00:00,9.4605,9.8286,-0.3681
1991-02-01 00:00:00+00:00,8.7167,8.9794,-0.2627
1991-03-01 00:00:00+00:00,8.3922,8.7042,-0.3120
1991-04-01 00:00:00+00:00,9.1473,9.5414,-0.3941
1991-05-01 00:00:00+00:00,10.5762,11.1406,-0.5643
1991-06-01 00:00:00+00:00,12.3590,13.4325,-1.0735
1991-07-01 00:00:00+00:00,14.4851,15.3079,-0.8228
1991-08-01 00:00:00+00:00,15.9157,16.2735,-0.3578
1991-09-01 00:00:00+00:00,16.1166,15.7145,0.4021
1991-10-01 00:00:00+00:00,13.9684,14.4542,-0.4859
1991-11-01 00:00:00+00:00,11.6146,12.6608,-1.0461
1991-12-01 00:00:00+00:00,10.7311,11.0241,-0.2929
1992-01-01 00:00:00+00:00,9.7237,9.8286,-0.1049
1992-02-01 00:00:00+00:00,9.0355,8.9794,0.0562
1992-03-01 00:00:00+00:00,8.7460,8.7042,0.0418
1992-04-01 00:00:00+00:00,9.2834,9.5414,-0.2580
1992-05-01 00:00:00+00:00,11.0351,11.1406,-0.1055
1992-06-01 00:00:00+00:00,13.9511,13.4325,0.5186
1992-07-01 00:00:00+00:00,15.5287,15.3079,0.2208
1992-08-01 00:00:00+00:00,15.6708,16.2735,-0.6026
1992-09-01 00:00:00+00:00,14.5473,15.7145,-1.1672
1992-10-01 00:00:00+00:00,13.3645,14.4542,-1.0897
1992-11-01 00:00:00+00:00,11.7276,12.6608,-0.9332
1992-12-01 00:00:00+00:00,10.6509,11.0241,-0.3732
1993-01-01 00:00:00+00:00,9.3862,9.8286,-0.4424
1993-02-01 00:00:00+00:00,8.5999,8.9794,-0.3795
1993-03-01 00:00:00+00:00,8.1222,8.7042,-0.5820
1993-04-01 00:00:00+00:00,9.4228,9.5414,-0.1185
1993-05-01 00:00:00+00:00,10.9177,11.1406,-0.2229
1993-06-01 00:00:00+00:00,13.0587,13.4325,-0.3738
1993-07-01 00:00:00+00:00,14.6946,15.3079,-0.6133
1993-08-01 00:00:00+00:00,15.6686,16.2735,-0.6049
1993-09-01 00:00:00+00:00,15.1348,15.7145,-0.5797
1993-10-01 00:00:00+00:00,13.3246,14.4542,-1.1296
1993-11-01 00:00:00+00:00,11.6586,12.6608,-1.0022
1993-12-01 00:00:00+00:00,10.1583,11.0241,-0.8658
1994-01-01 00:00:00+00:00,8.9243,9.8286,-0.9043
1994-02-01 00:00:00+00:00,8.3690,8.9794,-0.6104
1994-03-01 00:00:00+00:00,8.2379,8.7042,-0.4664
1994-04-01 00:00:00+00:00,8.6796,9.5414,-0.8618
1994-05-01 00:00:00+00:00,10.2749,11.1406,-0.8657
1994-06-01 00:00:00+00:00,12.3959,13.4325,-1.0366
1994-07-01 00:00:00+00:00,14.9169,15.3079,-0.3910
1994-08-01 00:00:00+00:00,15.8930,16.2735,-0.3805
1994-09-01 00:00:00+00:00,14.7496,15.7145,-0.9649
1994-10-01 00:00:00+00:00,13.6951,14.4542,-0.7591
1994-11-01 00:00:00+00:00,12.8005,12.6608,0.1398
1994-12-01 00:00:00+00:00,11.5452,11.0241,0.5211
1995-01-01 00:00:00+00:00,10.2938,9.8286,0.4652
1995-02-01 00:00:00+00:00,9.3634,8.9794,0.3841
1995-03-01 00:00:00+00:00,8.6205,8.7042,-0.0837
1995-04-01 00:00:00+00:00,9.5934,9.5414,0.0520
1995-05-01 00:00:00+00:00,10.9719,11.1406,-0.1687
1995-06-01 00:00:00+00:00,12.9106,13.4325,-0.5218
1995-07-01 00:00:00+00:00,15.6185,15.3079,0.3106
1995-08-01 00:00:00+00:00,17.4276,16.2735,1.1541
1995-09-01 00:00:00+00:00,15.7988,15.7145,0.0842
1995-10-01 00:00:00+00:00,14.8436,14.4542,0.3893
1995-11-01 00:00:00+00:00,13.1848,12.6608,0.5240
1995-12-01 00:00:00+00:00,11.2115,11.0241,0.1874
1996-01-01 00:00:00+00:00,10.2482,9.8286,0.4196
1996-02-01 00:00:00+00:00,9.0784,8.9794,0.0990
1996-03-01 00:00:00+00:00,8.3228,8.7042,-0.3814
1996-04-01 00:00:00+00:00,8.9173,9.5414,-0.6241
1996-05-01 00:00:00+00:00,9.9620,11.1406,-1.1786
1996-06-01 00:00:00+00:00,12.7645,13.4325,-0.6680
1996-07-01 00:00:00+00:00,14.4178,15.3079,-0.8901
1996-08-01 00:00:00+00:00,15.8338,16.2735,-0.4397
1996-09-01 00:00:00+00:00,15.4159,15.7145,-0.2987
1996-10-01 00:00:00+00:00,14.2003,14.4542,-0.2539
1996-11-01 00:00:00+00:00,12.5074,12.6608,-0.1534
1996-12-01 00:00:00+00:00,10.4864,11.0241,-0.5377
1997-01-01 00:00:00+00:00,8.5839,9.8286,-1.2447
1997-02-01 00:00:00+00:00,8.3056,8.9794,-0.6738
1997-03-01 00:00:00+00:00,8.7292,8.7042,0.0250
1997-04-01 00:00:00+00:00,9.8192,9.5414,0.2778
1997-05-01 00:00:00+00:00,11.3543,11.1406,0.2138
1997-06-01 00:00:00+00:00,13.2513,13.4325,-0.1811
1997-07-01 00:00:00+00:00,15.0642,15.3079,-0.2437
1997-08-01 00:00:00+00:00,16.9675,16.2735,0.6940
1997-09-01 00:00:00+00:00,16.0271,15.7145,0.3126
1997-10-01 00:00:00+00:00,14.9944,14.4542,0.5402
1997-11-01 00:00:00+00:00,13.1634,12.6608,0.5026
1997-12-01 00:00:00+00:00,11.4756,11.0241,0.4515
1998-01-01 00:00:00+00:00,10.3777,9.8286,0.5491
1998-02-01 00:00:00+00:00,9.6282,8.9794,0.6488
1998-03-01 00:00:00+00:00,9.6009,8.7042,0.8967
1998-04-01 00:00:00+00:00,9.8886,9.5414,0.3472
1998-05-01 00:00:00+00:00,11.7084,11.1406,0.5678
1998-06-01 00:00:00+00:00,13.4751,13.4325,0.0426
1998-07-01 00:00:00+00:00,14.7835,15.3079,-0.5244
1998-08-01 00:00:00+00:00,15.9314,16.2735,-0.3421
1998-09-01 00:00:00+00:00,15.8746,15.7145,0.1601
1998-10-01 00:00:00+00:00,14.5152,14.4542,0.0609
1998-11-01 00:00:00+00:00,12.0351,12.6608,-0.6257
1998-12-01 00:00:00+00:00,10.6328,11.0241,-0.3913
1999-01-01 00:00:00+00:00,9.5741,9.8286,-0.2546
1999-02-01 00:00:00+00:00,8.9879,8.9794,0.0085
1999-03-01 00:00:00+00:00,8.8389,8.7042,0.1346
1999-04-01 00:00:00+00:00,9.7372,9.5414,0.1958
1999-05-01 00:00:00+00:00,11.5877,11.1406,0.4472
1999-06-01 00:00:00+00:00,13.0674,13.4325,-0.3651
1999-07-01 00:00:00+00:00,15.3720,15.3079,0.0640
1999-08-01 00:00:00+00:00,16.5284,16.2735,0.2549
1999-09-01 00:00:00+00:00,16.3689,15.7145,0.6544
1999-10-01 00:00:00+00:00,14.6263,14.4542,0.1720
1999-11-01 00:00:00+00:00,12.9235,12.6608,0.2627
1999-12-01 00:00:00+00:00,10.4206,11.0241,-0.6034
2000-01-01 00:00:00+00:00,9.6916,9.8286,-0.1370
2000-02-01 00:00:00+00:00,9.0513,8.9794,0.0720
2000-03-01 00:00:00+00:00,8.9548,8.7042,0.2506
2000-04-01 00:00:00+00:00,9.5133,9.5414,-0.0281
2000-05-01 00:00:00+00:00,11.4313,11.1406,0.2907
2000-06-01 00:00:00+00:00,12.9881,13.4325,-0.4444
2000-07-01 00:00:00+00:00,15.0878,15.3079,-0.2201
2000-08-01 00:00:00+00:00,16.4418,16.2735,0.1683
2000-09-01 00:00:00+00:00,16.0585,15.7145,0.3440
2000-10-01 00:00:00+00:00,13.9948,14.4542,-0.4594
2000-11-01 00:00:00+00:00,11.4669,12.6608,-1.1938
2000-12-01 00:00:00+00:00,10.5976,11.0241,-0.4265
2001-01-01 00:00:00+00:00,9.6106,9.8286,-0.2180
2001-02-01 00:00:00+00:00,8.7059,8.9794,-0.2735
2001-03-01 00:00:00+00:00,8.5476,8.7042,-0.1566
2001-04-01 00:00:00+00:00,9.2991,9.5414,-0.2423
2001-05-01 00:00:00+00:00,11.1009,11.1406,-0.0397
2001-06-01 00:00:00+00:00,13.4982,13.4325,0.0657
2001-07-01 00:00:00+00:00,15.0541,15.3079,-0.2538
2001-08-01 00:00:00+00:00,16.1671,16.2735,-0.1064
2001-09-01 00:00:00+00:00,15.4640,15.7145,-0.2506
2001-10-01 00:00:00+00:00,14.9525,14.4542,0.4983
2001-11-01 00:00:00+00:00,13.1497,12.6608,0.4890
2001-12-01 00:00:00+00:00,11.4001,11.0241,0.3761
2002-01-01 00:00:00+00:00,10.0603,9.8286,0.2316
2002-02-01 00:00:00+00:00,9.5439,8.9794,0.5645
2002-03-01 00:00:00+00:00,9.1555,8.7042,0.4513
2002-04-01 00:00:00+00:00,9.9012,9.5414,0.3598
2002-05-01 00:00:00+00:00,11.2799,11.1406,0.1394
2002-06-01 00:00:00+00:00,13.1718,13.4325,-0.2607
2002-07-01 00:00:00+00:00,14.9465,15.3079,-0.3615
2002-08-01 00:00:00+00:00,16.2303,16.2735,-0.0432
2002-09-01 00:00:00+00:00,15.9797,15.7145,0.2652
2002-10-01 00:00:00+00:00,14.7231,14.4542,0.2689
2002-11-01 00:00:00+00:00,12.8638,12.6608,0.2030
2002-12-01 00:00:00+00:00,10.8874,11.0241,-0.1367
2003-01-01 00:00:00+00:00,9.7475,9.8286,-0.0811
2003-02-01 00:00:00+00:00,8.6975,8.9794,-0.2819
2003-03-01 00:00:00+00:00,8.8525,8.7042,0.1483
2003-04-01 00:00:00+00:00,9.7896,9.5414,0.2483
2003-05-01 00:00:00+00:00,11.0908,11.1406,-0.0498
2003-06-01 00:00:00+00:00,13.9495,13.4325,0.5170
2003-07-01 00:00:00+00:00,15.6411,15.3079,0.3332
2003-08-01 00:00:00+00:00,16.9790,16.2735,0.7055
2003-09-01 00:00:00+00:00,16.3724,15.7145,0.6579
2003-10-01 00:00:00+00:00,14.5852,14.4542,0.1309
2003-11-01 00:00:00+00:00,12.8023,12.6608,0.1416
2003-12-01 00:00:00+00:00,11.3105,11.0241,0.2865
2004-01-01 00:00:00+00:00,10.1995,9.8286,0.3708
2004-02-01 00:00:00+00:00,9.3572,8.9794,0.3778
2004-03-01 00:00:00+00:00,8.7143,8.7042,0.0101
2004-04-01 00:00:00+00:00,9.7238,9.5414,0.1824
2004-05-01 00:00:00+00:00,11.2011,11.1406,0.0606
2004-06-01 00:00:00+00:00,14.0390,13.4325,0.6065
2004-07-01 00:00:00+00:00,15.0763,15.3079,-0.2316
2004-08-01 00:00:00+00:00,16.6589,16.2735,0.3854
2004-09-01 00:00:00+00:00,15.8055,15.7145,0.0910
2004-10-01 00:00:00+00:00,14.1245,14.4542,-0.3297
2004-11-01 00:00:00+00:00,12.6245,12.6608,-0.0363
2004-12-01 00:00:00+00:00,11.3158,11.0241,0.2917
2005-01-01 00:00:00+00:00,10.0682,9.8286,0.2395
2005-02-01 00:00:00+00:00,9.1771,8.9794,0.1977
2005-03-01 00:00:00+00:00,8.4952,8.7042,-0.2091
2005-04-01 00:00:00+00:00,9.5089,9.5414,-0.0325
2005-05-01 00:00:00+00:00,11.0515,11.1406,-0.0891
2005-06-01 00:00:00+00:00,13.7957,13.4325,0.3632
2005-07-01 00:00:00+00:00,15.5317,15.3079,0.2238
2005-08-01 00:00:00+00:00,16.1222,16.2735,-0.1513
2005-09-01 00:00:00+00:00,16.0024,15.7145,0.2879
2005-10-01 00:00:00+00:00,14.8068,14.4542,0.3526
2005-11-01 00:00:00+00:00,13.0110,12.6608,0.3502
2005-12-01 00:00:00+00:00,11.4193,11.0241,0.3953
2006-01-01 00:00:00+00:00,9.9226,9.8286,0.0940
2006-02-01 00:00:00+00:00,8.8449,8.9794,-0.1345
2006-03-01 00:00:00+00:00,8.3542,8.7042,-0.3500
2006-04-01 00:00:00+00:00,9.1684,9.5414,-0.3730
2006-05-01 00:00:00+00:00,10.8376,11.1406,-0.3029
2006-06-01 00:00:00+00:00,13.8617,13.4325,0.4292
2006-07-01 00:00:00+00:00,16.1268,15.3079,0.8189
2006-08-01 00:00:00+00:00,16.4276,16.2735,0.1541
2006-09-01 00:00:00+00:00,16.1787,15.7145,0.4642
2006-10-01 00:00:00+00:00,15.3179,14.4542,0.8637
2006-11-01 00:00:00+00:00,13.5450,12.6608,0.8842
2006-12-01 00:00:00+00:00,11.8412,11.0241,0.8172
2007-01-01 00:00:00+00:00,10.7743,9.8286,0.9457
2007-02-01 00:00:00+00:00,9.8001,8.9794,0.8207
2007-03-01 00:00:00+00:00,9.4229,8.7042,0.7187
2007-04-01 00:00:00+00:00,10.6629,9.5414,1.1216
2007-05-01 00:00:00+00:00,11.9867,11.1406,0.8462
2007-06-01 00:00:00+00:00,14.3065,13.4325,0.8740
2007-07-01 00:00:00+00:00,15.0423,15.3079,-0.2656
2007-08-01 00:00:00+00:00,16.2193,16.2735,-0.0542
2007-09-01 00:00:00+00:00,15.8880,15.7145,0.1735
2007-10-01 00:00:00+00:00,14.7438,14.4542,0.2896
2007-11-01 00:00:00+00:00,13.3670,12.6608,0.7062
2007-12-01 00:00:00+00:00,11.3306,11.0241,0.3065
2008-01-01 00:00:00+00:00,10.3597,9.8286,0.5310
2008-02-01 00:00:00+00:00,9.3678,8.9794,0.3885
2008-03-01 00:00:00+00:00,9.0855,8.7042,0.3813
2008-04-01 00:00:00+00:00,9.4675,9.5414,-0.0739
2008-05-01 00:00:00+00:00,11.5597,11.1406,0.4191
2008-06-01 00:00:00+00:00,13.8131,13.4325,0.3807
2008-07-01 00:00:00+00:00,15.1453,15.3079,-0.1626
2008-08-01 00:00:00+00:00,16.0152,16.2735,-0.2583
2008-09-01 00:00:00+00:00,15.4815,15.7145,-0.2330
2008-10-01 00:00:00+00:00,14.1138,14.4542,-0.3404
2008-11-01 00:00:00+00:00,12.2899,12.6608,-0.3708
2008-12-01 00:00:00+00:00,10.6546,11.0241,-0.3694
2009-01-01 00:00:00+00:00,9.5356,9.8286,-0.2930
2009-02-01 00:00:00+00:00,8.6893,8.9794,-0.2901
2009-03-01 00:00:00+00:00,8.7279,8.7042,0.0237
2009-04-01 00:00:00+00:00,9.7781,9.5414,0.2367
2009-05-01 00:00:00+00:00,10.8152,11.1406,-0.3253
2009-06-01 00:00:00+00:00,13.6732,13.4325,0.2408
2009-07-01 00:00:00+00:00,15.6451,15.3079,0.3372
2009-08-01 00:00:00+00:00,16.1803,16.2735,-0.0932
2009-09-01 00:00:00+00:00,15.6540,15.7145,-0.0605
2009-10-01 00:00:00+00:00,14.8201,14.4542,0.3659
2009-11-01 00:00:00+00:00,12.8612,12.6608,0.2004
2009-12-01 00:00:00+00:00,10.7758,11.0241,-0.2483
2010-01-01 00:00:00+00:00,9.0892,9.8286,-0.7394
2010-02-01 00:00:00+00:00,8.3164,8.9794,-0.6630
2010-03-01 00:00:00+00:00,8.0164,8.7042,-0.6878
2010-04-01 00:00:00+00:00,9.1581,9.5414,-0.3833
2010-05-01 00:00:00+00:00,10.8739,11.1406,-0.2667
2010-06-01 00:00:00+00:00,13.7210,13.4325,0.2885
2010-07-01 00:00:00+00:00,15.5876,15.3079,0.2797
2010-08-01 00:00:00+00:00,16.1158,16.2735,-0.1577
2010-09-01 00:00:00+00:00,15.6417,15.7145,-0.0728
2010-10-01 00:00:00+00:00,14.4154,14.4542,-0.0389
2010-11-01 00:00:00+00:00,12.4376,12.6608,-0.2231
2010-12-01 00:00:00+00:00,10.1464,11.0241,-0.8777
2011-01-01 00:00:00+00:00,8.9751,9.8286,-0.8535
2011-02-01 00:00:00+00:00,8.6582,8.9794,-0.3212
2011-03-01 00:00:00+00:00,8.4478,8.7042,-0.2564
2011-04-01 00:00:00+00:00,10.1289,9.5414,0.5876
2011-05-01 00:00:00+00:00,11.6317,11.1406,0.4912
2011-06-01 00:00:00+00:00,13.0472,13.4325,-0.3852
2011-07-01 00:00:00+00:00,15.1340,15.3079,-0.1740
2011-08-01 00:00:00+00:00,15.6950,16.2735,-0.5785
2011-09-01 00:00:00+00:00,15.2371,15.7145,-0.4774
2011-10-01 00:00:00+00:00,14.5167,14.4542,0.0625
2011-11-01 00:00:00+00:00,13.4892,12.6608,0.8285
2011-12-01 00:00:00+00:00,11.3028,11.0241,0.2787
2012-01-01 00:00:00+00:00,9.8827,9.8286,0.0540
2012-02-01 00:00:00+00:00,8.9449,8.9794,-0.0345
2012-03-01 00:00:00+00:00,9.1664,8.7042,0.4622
2012-04-01 00:00:00+00:00,9.5729,9.5414,0.0315
2012-05-01 00:00:00+00:00,11.0411,11.1406,-0.0995
2012-06-01 00:00:00+00:00,13.0054,13.4325,-0.4271
2012-07-01 00:00:00+00:00,14.6293,15.3079,-0.6786
2012-08-01 00:00:00+00:00,16.1278,16.2735,-0.1457
2012-09-01 00:00:00+00:00,15.4970,15.7145,-0.2176
2012-10-01 00:00:00+00:00,13.9520,14.4542,-0.5022
2012-11-01 00:00:00+00:00,12.1032,12.6608,-0.5575
2012-12-01 00:00:00+00:00,10.3363,11.0241,-0.6878
2013-01-01 00:00:00+00:00,9.4733,9.8286,-0.3553
2013-02-01 00:00:00+00:00,8.3883,8.9794,-0.5911
2013-03-01 00:00:00+00:00,7.9137,8.7042,-0.7906
2013-04-01 00:00:00+00:00,8.2755,9.5414,-1.2659
2013-05-01 00:00:00+00:00,10.0489,11.1406,-1.0917
2013-06-01 00:00:00+00:00,12.5473,13.4325,-0.8852
2013-07-01 00:00:00+00:00,15.4239,15.3079,0.1160
2013-08-01 00:00:00+00:00,16.6443,16.2735,0.3708
2013-09-01 00:00:00+00:00,15.2692,15.7145,-0.4454
2013-10-01 00:00:00+00:00,14.9203,14.4542,0.4661
2013-11-01 00:00:00+00:00,12.6462,12.6608,-0.0146
2013-12-01 00:00:00+00:00,11.0093,11.0241,-0.0148
2014-01-01 00:00:00+00:00,9.8968,9.8286,0.0682
2014-02-01 00:00:00+00:00,8.7654,8.9794,-0.2140
2014-03-01 00:00:00+00:00,8.6749,8.7042,-0.0293
2014-04-01 00:00:00+00:00,9.9022,9.5414,0.3608
2014-05-01 00:00:00+00:00,11.8639,11.1406,0.7234
2014-06-01 00:00:00+00:00,14.2347,13.4325,0.8023
2014-07-01 00:00:00+00:00,16.3843,15.3079,1.0764
2014-08-01 00:00:00+00:00,16.5526,16.2735,0.2791
2014-09-01 00:00:00+00:00,16.5669,15.7145,0.8524
2014-10-01 00:00:00+00:00,14.8862,14.4542,0.4320
2014-11-01 00:00:00+00:00,13.5239,12.6608,0.8632
2014-12-01 00:00:00+00:00,11.4031,11.0241,0.3790
2015-01-01 00:00:00+00:00,9.9839,9.8286,0.1553
2015-02-01 00:00:00+00:00,8.6895,8.9794,-0.2899
2015-03-01 00:00:00+00:00,8.6376,8.7042,-0.0666
2015-04-01 00:00:00+00:00,9.5828,9.5414,0.0414
2015-05-01 00:00:00+00:00,10.8705,11.1406,-0.2701
2015-06-01 00:00:00+00:00,12.8956,13.4325,-0.5369
2015-07-01 00:00:00+00:00,15.0838,15.3079,-0.2241
2015-08-01 00:00:00+00:00,15.6269,16.2735,-0.6466
2015-09-01 00:00:00+00:00,15.1104,15.7145,-0.6041
2015-10-01 00:00:00+00:00,14.5219,14.4542,0.0677
2015-11-01 00:00:00+00:00,12.8899,12.6608,0.2291
2015-12-01 00:00:00+00:00,11.2209,11.0241,0.1969
2016-01-01 00:00:00+00:00,10.5404,9.8286,0.7117
2016-02-01 00:00:00+00:00,9.7668,8.9794,0.7874
2016-03-01 00:00:00+00:00,8.7271,8.7042,0.0229
2016-04-01 00:00:00+00:00,9.3106,9.5414,-0.2308
2016-05-01 00:00:00+00:00,10.9936,11.1406,-0.1469
2016-06-01 00:00:00+00:00,13.7678,13.4325,0.3354
2016-07-01 00:00:00+00:00,15.1964,15.3079,-0.1115
2016-08-01 00:00:00+00:00,16.0369,16.2735,-0.2366
2016-09-01 00:00:00+00:00,16.1967,15.7145,0.4822
2016-10-01 00:00:00+00:00,14.7477,14.4542,0.2934
2016-11-01 00:00:00+00:00,12.5580,12.6608,-0.1028
2016-12-01 00:00:00+00:00,11.3254,11.0241,0.3013
2017-01-01 00:00:00+00:00,10.0129,9.8286,0.1842
2017-02-01 00:00:00+00:00,8.9946,8.9794,0.0152
2017-03-01 00:00:00+00:00,9.1689,8.7042,0.4647
2017-04-01 00:00:00+00:00,10.0861,9.5414,0.5447
2017-05-01 00:00:00+00:00,11.6950,11.1406,0.5545
2017-06-01 00:00:00+00:00,13.9504,13.4325,0.5179
2017-07-01 00:00:00+00:00,15.4267,15.3079,0.1188
2017-08-01 00:00:00+00:00,15.8736,16.2735,-0.3999
2017-09-01 00:00:00+00:00,15.3952,15.7145,-0.3193
2017-10-01 00:00:00+00:00,14.6465,14.4542,0.1922
2017-11-01 00:00:00+00:00,12.8711,12.6608,0.2103
2017-12-01 00:00:00+00:00,11.3891,11.0241,0.3650
2018-01-01 00:00:00+00:00,9.9723,9.8286,0.1436
2018-02-01 00:00:00+00:00,8.8195,8.9794,-0.1599
2018-03-01 00:00:00+00:00,8.1828,8.7042,-0.5214
2018-04-01 00:00:00+00:00,9.0166,9.5414,-0.5248
2018-05-01 00:00:00+00:00,11.1658,11.1406,0.0253
2018-06-01 00:00:00+00:00,14.2370,13.4325,0.8045
2018-07-01 00:00:00+00:00,16.6749,15.3079,1.3670
2018-08-01 00:00:00+00:00,16.6910,16.2735,0.4175
2018-09-01 00:00:00+00:00,15.4835,15.7145,-0.2310
2018-10-01 00:00:00+00:00,14.3913,14.4542,-0.0630
2018-11-01 00:00:00+00:00,12.6832,12.6608,0.0224
2018-12-01 00:00:00+00:00,11.5708,11.0241,0.5467
2019-01-01 00:00:00+00:00,10.3456,9.8286,0.5170
2019-02-01 00:00:00+00:00,9.5136,8.9794,0.5342
2019-03-01 00:00:00+00:00,9.4257,8.7042,0.7215
2019-04-01 00:00:00+00:00,10.0038,9.5414,0.4624
2019-05-01 00:00:00+00:00,11.5326,11.1406,0.3921
2019-06-01 00:00:00+00:00,13.5717,13.4325,0.1392
2019-07-01 00:00:00+00:00,16.2184,15.3079,0.9105
2019-08-01 00:00:00+00:00,16.8646,16.2735,0.5911
2019-09-01 00:00:00+00:00,16.2997,15.7145,0.5852
2019-10-01 00:00:00+00:00,14.6909,14.4542,0.2367
2019-11-01 00:00:00+00:00,12.5181,12.6608,-0.1427
2019-12-01 00:00:00+00:00,11.0203,11.0241,-0.0037
2020-01-01 00:00:00+00:00,10.1446,9.8286,0.3160
2020-02-01 00:00:00+00:00,9.2047,8.9794,0.2253
2020-03-01 00:00:00+00:00,8.8443,8.7042,0.1401
2020-04-01 00:00:00+00:00,9.9025,9.5414,0.3611
2020-05-01 00:00:00+00:00,11.7568,11.1406,0.6163
2020-06-01 00:00:00+00:00,13.6659,13.4325,0.2335
2020-07-01 00:00:00+00:00,15.2996,15.3079,-0.0083
2020-08-01 00:00:00+00:00,16.6980,16.2735,0.4245
2020-09-01 00:00:00+00:00,15.8201,15.7145,0.1056
2020-10-01 00:00:00+00:00,14.2231,14.4542,-0.2311
2020-11-01 00:00:00+00:00,12.5057,12.6608,-0.1551
2020-12-01 00:00:00+00:00,11.1526,11.0241,0.1285
2021-01-01 00:00:00+00:00,9.7338,9.8286,-0.0948
2021-02-01 00:00:00+00:00,8.9861,8.9794,0.0068
2021-03-01 00:00:00+00:00,8.7306,8.7042,0.0264
2021-04-01 00:00:00+00:00,9.5359,9.5414,-0.0054
2021-05-01 00:00:00+00:00,10.5039,11.1406,-0.6366
2021-06-01 00:00:00+00:00,13.2608,13.4325,-0.1716
2021-07-01 00:00:00+00:00,15.7154,15.3079,0.4075
2021-08-01 00:00:00+00:00,16.2557,16.2735,-0.0178
2021-09-01 00:00:00+00:00,16.7371,15.7145,1.0225
2021-10-01 00:00:00+00:00,14.9641,14.4542,0.5099
2021-11-01 00:00:00+00:00,13.1753,12.6608,0.5145
2021-12-01 00:00:00+00:00,10.9950,11.0241,-0.0291
2022-01-01 00:00:00+00:00,10.0498,9.8286,0.2212
2022-02-01 00:00:00+00:00,9.5669,8.9794,0.5875
2022-03-01 00:00:00+00:00,9.1933,8.7042,0.4891
2022-04-01 00:00:00+00:00,10.1936,9.5414,0.6522
2022-05-01 00:00:00+00:00,12.3894,11.1406,1.2489
2022-06-01 00:00:00+00:00,14.3830,13.4325,0.9505
2022-07-01 00:00:00+00:00,16.0704,15.3079,0.7625
2022-08-01 00:00:00+00:00,17.3856,16.2735,1.1121
2022-09-01 00:00:00+00:00,16.4638,15.7145,0.7493
2022-10-01 00:00:00+00:00,15.2531,14.4542,0.7989
2022-11-01 00:00:00+00:00,13.4349,12.6608,0.7742
2022-12-01 00:00:00+00:00,11.4616,11.0241,0.4375
2023-01-01 00:00:00+00:00,10.4560,9.8286,0.6273
2023-02-01 00:00:00+00:00,9.5793,8.9794,0.5999
2023-03-01 00:00:00+00:00,9.1361,8.7042,0.4319
2023-04-01 00:00:00+00:00,10.0181,9.5414,0.4767
2023-05-01 00:00:00+00:00,12.1216,11.1406,0.9810
2023-06-01 00:00:00+00:00,15.1775,13.4325,1.7450
2023-07-01 00:00:00+00:00,16.1817,15.3079,0.8738
2023-08-01 00:00:00+00:00,16.7131,16.2735,0.4396
2023-09-01 00:00:00+00:00,16.8247,15.7145,1.1102
2023-10-01 00:00:00+00:00,15.4791,14.4542,1.0249
2023-11-01 00:00:00+00:00,12.9414,12.6608,0.2807
2023-12-01 00:00:00+00:00,11.3713,11.0241,0.3472
2024-01-01 00:00:00+00:00,10.0517,9.8286,0.2231
2024-02-01 00:00:00+00:00,9.6162,8.9794,0.6368
2024-03-01 00:00:00+00:00,9.5027,8.7042,0.7985
2024-04-01 00:00:00+00:00,10.4103,9.5414,0.8689
2024-05-01 00:00:00+00:00,12.3188,11.1406,1.1782
2024-06-01 00:00:00+00:00,14.0442,13.4325,0.6117
2024-07-01 00:00:00+00:00,15.5892,15.3079,0.2813
2024-08-01 00:00:00+00:00,16.7946,16.2735,0.5211
2024-09-01 00:00:00+00:00,16.0717,15.7145,0.3572
2024-10-01 00:00:00+00:00,14.6933,14.4542,0.2390
2024-11-01 00:00:00+00:00,13.5245,12.6608,0.8638
2024-12-01 00:00:00+00:00,11.5791,11.0241,0.5550
2025-01-01 00:00:00+00:00,10.2331,9.8286,0.4045
2025-02-01 00:00:00+00:00,9.2406,8.9794,0.2612
2025-03-01 00:00:00+00:00,9.3350,8.7042,0.6308
2025-04-01 00:00:00+00:00,10.5780,9.5414,1.0366
2025-05-01 00:00:00+00:00,12.4832,11.1406,1.3427
2025-06-01 00:00:00+00:00,14.6160,13.4325,1.1835
2025-07-01 00:00:00+00:00,16.7418,15.3079,1.4339
2025-08-01 00:00:00+00:00,17.4410,16.2735,1.1675
2025-09-01 00:00:00+00:00,15.9455,15.7145,0.2310
2025-10-01 00:00:00+00:00,14.8355,14.4542,0.3813
2025-11-01 00:00:00+00:00,13.2624,12.6608,0.6016
2025-12-01 00:00:00+00:00,11.6545,11.0241,0.6304
2026-01-01 00:00:00+00:00,10.2088,9.8286,0.3801
2026-02-01 00:00:00+00:00,9.3774,8.9794,0.3980
2026-03-01 00:00:00+00:00,9.4359,8.7042,0.7316
2026-04-01 00:00:00+00:00,10.2019,9.5414,0.6605
2026-05-01 00:00:00+00:00,11.9864,11.1406,0.8459
2026-06-01 00:00:00+00:00,14.5019,13.4325,1.0694
